/*
 Navicat Premium Data Transfer

 Source Server         : LZJ腾讯
 Source Server Type    : MySQL
 Source Server Version : 50718
 Source Host           : gz-cynosdbmysql-grp-8kayyb3p.sql.tencentcdb.com:26591
 Source Schema         : start_campus

 Target Server Type    : MySQL
 Target Server Version : 50718
 File Encoding         : 65001

 Date: 23/04/2023 17:12:01
*/

SET NAMES utf8mb4;
SET FOREIGN_KEY_CHECKS = 0;

-- ----------------------------
-- Table structure for admin
-- ----------------------------
DROP TABLE IF EXISTS `admin`;
CREATE TABLE `admin`  (
  `uuid` varchar(36) CHARACTER SET utf8 COLLATE utf8_general_ci NOT NULL COMMENT 'uuid',
  `login_name` varchar(32) CHARACTER SET utf8 COLLATE utf8_general_ci NOT NULL COMMENT '登录名称',
  `password` varchar(64) CHARACTER SET utf8 COLLATE utf8_general_ci NOT NULL COMMENT '密码',
  `salt` varchar(64) CHARACTER SET utf8 COLLATE utf8_general_ci NOT NULL COMMENT '盐值',
  `disabled` bit(1) NOT NULL DEFAULT b'0' COMMENT '是否禁用',
  `create_time` datetime NOT NULL COMMENT '创建时间',
  `update_time` datetime NOT NULL COMMENT '更新时间',
  PRIMARY KEY (`uuid`) USING BTREE
) ENGINE = InnoDB CHARACTER SET = utf8 COLLATE = utf8_general_ci COMMENT = '管理员' ROW_FORMAT = DYNAMIC;

-- ----------------------------
-- Records of admin
-- ----------------------------
INSERT INTO `admin` VALUES ('51879b5906704ce48a2ace15c816dae2', 'commodity02', 'db97bee542ed35d5fbbfc5c70e800f86', 'd670d79b36454680afb80d1783ad17a2', b'0', '2023-01-15 03:06:41', '2023-01-15 03:06:41');
INSERT INTO `admin` VALUES ('51e99d029a6a44aa8cdc8d5b4f74386b', 'commodity01', '43fb0faf99b5519227e9afe060cf9a8c', '787cf32aed0e44e891969191ca05bf3c', b'0', '2023-01-15 03:06:31', '2023-01-15 03:06:31');
INSERT INTO `admin` VALUES ('a21e5da8437f4c90898b36ef20083d3c', 'customer01', '3509dff5372064ad576b91f74e4d5b09', '319a8f7166dc429d80a020c931e867ef', b'0', '2023-02-08 11:56:21', '2023-02-08 11:56:21');
INSERT INTO `admin` VALUES ('d4b6f4f3653147c4bef3e2198522fad5', 'customer02', '9267abd8cc2c2968989d706fb128615f', 'de56d1f6a3da444f8b80750dc757af81', b'0', '2023-02-08 11:56:28', '2023-02-19 23:57:07');
INSERT INTO `admin` VALUES ('e5d642b9dfbc46d29f1d73eba62b693b', 'admin', '6c6a32f6ff468c716b85878ae4cf2dea', '03e3b6f9636143d5b625d5008c9d0394', b'0', '2022-07-26 11:11:14', '2022-07-26 11:11:14');

-- ----------------------------
-- Table structure for admin_role
-- ----------------------------
DROP TABLE IF EXISTS `admin_role`;
CREATE TABLE `admin_role`  (
  `uuid` varchar(36) CHARACTER SET utf8 COLLATE utf8_general_ci NOT NULL COMMENT 'uuid',
  `admin_uuid` varchar(36) CHARACTER SET utf8 COLLATE utf8_general_ci NOT NULL COMMENT '管理员uuid',
  `role_uuid` varchar(36) CHARACTER SET utf8 COLLATE utf8_general_ci NOT NULL COMMENT '角色uuid',
  `create_time` datetime NOT NULL COMMENT '创建时间',
  `update_time` datetime NOT NULL COMMENT '更新时间',
  PRIMARY KEY (`uuid`) USING BTREE
) ENGINE = InnoDB CHARACTER SET = utf8 COLLATE = utf8_general_ci COMMENT = '管理员角色' ROW_FORMAT = DYNAMIC;

-- ----------------------------
-- Records of admin_role
-- ----------------------------
INSERT INTO `admin_role` VALUES ('86564ac3d1c14690a472964d45f8ed0d', '51e99d029a6a44aa8cdc8d5b4f74386b', 'e0b044b5dcd8485ea376a6b701655b20', '2023-01-15 03:06:32', '2023-01-15 03:06:32');
INSERT INTO `admin_role` VALUES ('8b0b2d67cf244e5c8e5bac7cbb5bb29a', 'a21e5da8437f4c90898b36ef20083d3c', '6fdea02242b44006983454664b9fd8df', '2023-02-08 11:56:21', '2023-02-08 11:56:21');
INSERT INTO `admin_role` VALUES ('a9d33c1cdeec4420b94414b32807a16c', '51879b5906704ce48a2ace15c816dae2', 'e0b044b5dcd8485ea376a6b701655b20', '2023-01-15 03:06:41', '2023-01-15 03:06:41');
INSERT INTO `admin_role` VALUES ('d82ac65135944153b519be1556c4f4c0', 'd4b6f4f3653147c4bef3e2198522fad5', '6fdea02242b44006983454664b9fd8df', '2023-02-08 11:56:28', '2023-02-08 11:56:28');
INSERT INTO `admin_role` VALUES ('e5d642b9dfbc46d29ba62b693bf1d73e', 'e5d642b9dfbc46d29f1d73eba62b693b', '9f3e92697c564696a8d059914123c602', '2023-01-15 03:04:20', '2023-01-15 03:04:22');

-- ----------------------------
-- Table structure for carousel
-- ----------------------------
DROP TABLE IF EXISTS `carousel`;
CREATE TABLE `carousel`  (
  `uuid` varchar(36) CHARACTER SET utf8mb4 COLLATE utf8mb4_unicode_ci NOT NULL COMMENT '分类uuid',
  `name` varchar(16) CHARACTER SET utf8mb4 COLLATE utf8mb4_unicode_ci NOT NULL COMMENT '名称',
  `url` varchar(128) CHARACTER SET utf8mb4 COLLATE utf8mb4_unicode_ci NOT NULL COMMENT '图片地址',
  `disabled` bit(1) NOT NULL DEFAULT b'1' COMMENT '是否禁用',
  `description` varchar(64) CHARACTER SET utf8mb4 COLLATE utf8mb4_unicode_ci NOT NULL COMMENT '描述',
  `deleted` tinyint(1) NOT NULL DEFAULT 0 COMMENT '是否删除 1表示删除 0表示未删除',
  `create_time` datetime NOT NULL COMMENT '创建时间',
  `update_time` datetime NOT NULL COMMENT '更新时间',
  PRIMARY KEY (`uuid`) USING BTREE
) ENGINE = InnoDB CHARACTER SET = utf8mb4 COLLATE = utf8mb4_unicode_ci COMMENT = '轮播图' ROW_FORMAT = DYNAMIC;

-- ----------------------------
-- Records of carousel
-- ----------------------------

-- ----------------------------
-- Table structure for category
-- ----------------------------
DROP TABLE IF EXISTS `category`;
CREATE TABLE `category`  (
  `uuid` varchar(36) CHARACTER SET utf8mb4 COLLATE utf8mb4_unicode_ci NOT NULL COMMENT '分类uuid',
  `name` varchar(16) CHARACTER SET utf8mb4 COLLATE utf8mb4_unicode_ci NOT NULL COMMENT '名称',
  `plate_uuid` varchar(36) CHARACTER SET utf8mb4 COLLATE utf8mb4_unicode_ci NOT NULL COMMENT '板块uuid',
  `create_time` datetime NOT NULL COMMENT '创建时间',
  `update_time` datetime NOT NULL COMMENT '更新时间',
  PRIMARY KEY (`uuid`) USING BTREE
) ENGINE = InnoDB CHARACTER SET = utf8mb4 COLLATE = utf8mb4_unicode_ci COMMENT = '分类' ROW_FORMAT = DYNAMIC;

-- ----------------------------
-- Records of category
-- ----------------------------
INSERT INTO `category` VALUES ('2ac47bfbc932432383fbb8a8d9403544', '书本', 'fede952c63ba447e81464ea327413f71', '2023-02-24 13:22:01', '2023-02-24 13:22:01');
INSERT INTO `category` VALUES ('3b1248b2cf064838839cd94453a0c6c1', '身份证', 'fede952c63ba447e81464ea327413f71', '2023-02-24 13:22:23', '2023-02-24 13:22:23');
INSERT INTO `category` VALUES ('40d0682a485040c1a801c83052a8a6f6', '手机', 'fede952c63ba447e81464ea327413f71', '2023-02-24 13:21:52', '2023-02-24 13:21:52');
INSERT INTO `category` VALUES ('56fc4d52048146f69cd117d36fc60cf0', '其他', 'fede952c63ba447e81464ea327413f71', '2023-02-24 13:22:57', '2023-02-24 13:22:57');
INSERT INTO `category` VALUES ('5e1b592b4866402394fb356444d151bc', '学生证', 'fede952c63ba447e81464ea327413f71', '2023-02-24 13:22:35', '2023-02-24 13:22:35');
INSERT INTO `category` VALUES ('6b0208c287ab4ca3a1e686de50bd4fc6', '电脑', 'c109cec2f876425cba8f3ff3fa975b3a', '2023-02-24 13:21:38', '2023-02-24 13:21:38');
INSERT INTO `category` VALUES ('bb9f0946ae4d40ceb993fe5052f40199', '雨伞', 'c109cec2f876425cba8f3ff3fa975b3a', '2023-02-24 13:21:31', '2023-02-24 13:21:31');
INSERT INTO `category` VALUES ('ffcc336728e94f2e8d161a8acb4cea29', '闲置小物件', 'c109cec2f876425cba8f3ff3fa975b3a', '2023-02-24 13:23:12', '2023-02-24 13:23:12');

-- ----------------------------
-- Table structure for chat_message
-- ----------------------------
DROP TABLE IF EXISTS `chat_message`;
CREATE TABLE `chat_message`  (
  `uuid` varchar(36) CHARACTER SET utf8mb4 COLLATE utf8mb4_unicode_ci NOT NULL COMMENT 'uuid',
  `content` text CHARACTER SET utf8mb4 COLLATE utf8mb4_unicode_ci NOT NULL COMMENT '消息内容',
  `content_type` tinyint(1) NOT NULL COMMENT '消息类型 1表示文字 2表示图片 3表示视频',
  `is_read` bit(1) NOT NULL DEFAULT b'0' COMMENT '是否已读',
  `send_user_uuid` varchar(36) CHARACTER SET utf8mb4 COLLATE utf8mb4_unicode_ci NOT NULL COMMENT '发送人uuid',
  `receive_user_uuid` varchar(36) CHARACTER SET utf8mb4 COLLATE utf8mb4_unicode_ci NOT NULL COMMENT '接收人uuid',
  `create_time` datetime NOT NULL COMMENT '创建时间',
  `update_time` datetime NOT NULL COMMENT '更新时间',
  `chat_room_uuid` varchar(36) CHARACTER SET utf8mb4 COLLATE utf8mb4_unicode_ci NOT NULL COMMENT '聊天室uuid',
  PRIMARY KEY (`uuid`) USING BTREE
) ENGINE = InnoDB CHARACTER SET = utf8mb4 COLLATE = utf8mb4_unicode_ci COMMENT = '聊天信息' ROW_FORMAT = DYNAMIC;

-- ----------------------------
-- Records of chat_message
-- ----------------------------

-- ----------------------------
-- Table structure for chat_room
-- ----------------------------
DROP TABLE IF EXISTS `chat_room`;
CREATE TABLE `chat_room`  (
  `uuid` varchar(36) CHARACTER SET utf8mb4 COLLATE utf8mb4_unicode_ci NOT NULL COMMENT 'uuid',
  `house_owner_uuid` varchar(36) CHARACTER SET utf8mb4 COLLATE utf8mb4_unicode_ci NULL DEFAULT NULL COMMENT '房主uuid',
  `chat_user_uuid` varchar(36) CHARACTER SET utf8mb4 COLLATE utf8mb4_unicode_ci NULL DEFAULT NULL COMMENT '聊天用户uuid',
  `create_time` datetime NOT NULL COMMENT '创建时间',
  `update_time` datetime NOT NULL COMMENT '更新时间',
  PRIMARY KEY (`uuid`) USING BTREE
) ENGINE = InnoDB CHARACTER SET = utf8mb4 COLLATE = utf8mb4_unicode_ci COMMENT = '聊天室' ROW_FORMAT = DYNAMIC;

-- ----------------------------
-- Records of chat_room
-- ----------------------------

-- ----------------------------
-- Table structure for circle
-- ----------------------------
DROP TABLE IF EXISTS `circle`;
CREATE TABLE `circle`  (
  `uuid` varchar(36) CHARACTER SET utf8mb4 COLLATE utf8mb4_unicode_ci NOT NULL COMMENT 'uuid',
  `title` varchar(16) CHARACTER SET utf8mb4 COLLATE utf8mb4_unicode_ci NOT NULL COMMENT '标题',
  `description` varchar(128) CHARACTER SET utf8mb4 COLLATE utf8mb4_unicode_ci NOT NULL COMMENT '描述',
  `avatar` varchar(128) CHARACTER SET utf8mb4 COLLATE utf8mb4_unicode_ci NOT NULL COMMENT '圈子头像',
  `disabled` bit(1) NOT NULL DEFAULT b'1' COMMENT '是否禁用',
  `status` tinyint(1) NOT NULL COMMENT '圈子状态 1表示待审核 2表示未通过 3表示已通过',
  `deleted` tinyint(1) NOT NULL DEFAULT 0 COMMENT '是否删除 1表示删除 0表示未删除',
  `create_user_uuid` varchar(36) CHARACTER SET utf8mb4 COLLATE utf8mb4_unicode_ci NOT NULL COMMENT '创建人uuid',
  `create_school_uuid` varchar(36) CHARACTER SET utf8mb4 COLLATE utf8mb4_unicode_ci NOT NULL COMMENT '创建学校uuid',
  `create_time` datetime NOT NULL COMMENT '创建时间',
  `update_time` datetime NOT NULL COMMENT '更新时间',
  `view_count` int(10) NOT NULL DEFAULT 0 COMMENT '浏览量',
  `follow_count` int(10) NOT NULL DEFAULT 0 COMMENT '关注量',
  `examine_count` int(10) NOT NULL DEFAULT 0 COMMENT '审核次数最多5次',
  PRIMARY KEY (`uuid`) USING BTREE
) ENGINE = InnoDB CHARACTER SET = utf8mb4 COLLATE = utf8mb4_unicode_ci COMMENT = '圈子' ROW_FORMAT = DYNAMIC;

-- ----------------------------
-- Records of circle
-- ----------------------------
INSERT INTO `circle` VALUES ('54ad3968e7f84c1f8be9c5ac47514bad', '坤坤圈', '小黑子别来', 'https://smart-campus-1300450814.cos.ap-chengdu.myqcloud.com/2023/02/24/25911677245342180.png', b'0', 3, 0, '5e3a78a7bf834b0da6973d0a02d5a8a1', '24e20cb8e8f44f80a7a93c2b5a567f07', '2023-02-24 21:34:28', '2023-04-21 14:57:14', 0, 4, 0);
INSERT INTO `circle` VALUES ('72aa3555193b4b7e93ec7b231c854023', '考研圈', '分享考研的酸甜苦辣', 'https://smart-campus-1314790014.cos.ap-nanjing.myqcloud.com/2023/03/05/90961677988644091.gif', b'0', 3, 0, 'b71cdc054bdf42a481242e3eb404f0e7', '24e20cb8e8f44f80a7a93c2b5a567f07', '2023-03-05 11:58:09', '2023-04-21 14:56:00', 0, 4, 0);
INSERT INTO `circle` VALUES ('a4a8ca6a70ac496aba8d03a048c8c9ca', 'java圈', '分享Java知识，一起学习', 'https://smart-campus-1314790014.cos.ap-nanjing.myqcloud.com/2023/04/21/81841682047492468.png', b'0', 3, 0, '722e2db58fc94e64b13798a4a3acd108', '24e20cb8e8f44f80a7a93c2b5a567f07', '2023-04-21 11:25:57', '2023-04-21 14:56:01', 0, 2, 0);

-- ----------------------------
-- Table structure for circle_examine_record
-- ----------------------------
DROP TABLE IF EXISTS `circle_examine_record`;
CREATE TABLE `circle_examine_record`  (
  `uuid` varchar(36) CHARACTER SET utf8mb4 COLLATE utf8mb4_unicode_ci NOT NULL COMMENT 'uuid',
  `circle_uuid` varchar(36) CHARACTER SET utf8mb4 COLLATE utf8mb4_unicode_ci NOT NULL COMMENT '圈子uuid',
  `is_pass` bit(1) NOT NULL COMMENT '是否通过',
  `no_pass_reason` varchar(64) CHARACTER SET utf8mb4 COLLATE utf8mb4_unicode_ci NOT NULL DEFAULT '' COMMENT '未通过原因',
  `examine_admin_uuid` varchar(36) CHARACTER SET utf8mb4 COLLATE utf8mb4_unicode_ci NOT NULL COMMENT '审核管理员uuid',
  `create_time` datetime NOT NULL COMMENT '创建时间',
  `update_time` datetime NOT NULL COMMENT '更新时间',
  PRIMARY KEY (`uuid`) USING BTREE
) ENGINE = InnoDB CHARACTER SET = utf8mb4 COLLATE = utf8mb4_unicode_ci COMMENT = '圈子审核记录' ROW_FORMAT = DYNAMIC;

-- ----------------------------
-- Records of circle_examine_record
-- ----------------------------
INSERT INTO `circle_examine_record` VALUES ('17460faa3a164ce0bd4e25fdc10b9201', '54ad3968e7f84c1f8be9c5ac47514bad', b'1', '', 'e5d642b9dfbc46d29f1d73eba62b693b', '2023-02-24 21:45:48', '2023-02-24 21:45:48');
INSERT INTO `circle_examine_record` VALUES ('36eb66a159d641f3b5a113574892d4c1', 'a4a8ca6a70ac496aba8d03a048c8c9ca', b'1', '', 'e5d642b9dfbc46d29f1d73eba62b693b', '2023-04-21 11:26:20', '2023-04-21 11:26:20');
INSERT INTO `circle_examine_record` VALUES ('646bdb626faf4b91a460f4af2c224348', '72aa3555193b4b7e93ec7b231c854023', b'1', '', 'e5d642b9dfbc46d29f1d73eba62b693b', '2023-03-05 12:02:29', '2023-03-05 12:02:29');
INSERT INTO `circle_examine_record` VALUES ('94b219d00bf34bfea2669109dd0976c1', '54ad3968e7f84c1f8be9c5ac47514bad', b'1', '', 'e5d642b9dfbc46d29f1d73eba62b693b', '2023-02-25 16:03:06', '2023-02-25 16:03:06');

-- ----------------------------
-- Table structure for circle_follow
-- ----------------------------
DROP TABLE IF EXISTS `circle_follow`;
CREATE TABLE `circle_follow`  (
  `uuid` varchar(36) CHARACTER SET utf8mb4 COLLATE utf8mb4_unicode_ci NOT NULL COMMENT 'uuid',
  `circle_uuid` varchar(36) CHARACTER SET utf8mb4 COLLATE utf8mb4_unicode_ci NOT NULL COMMENT '圈子uuid',
  `follow_user_uuid` varchar(36) CHARACTER SET utf8mb4 COLLATE utf8mb4_unicode_ci NOT NULL COMMENT '关注用户uuid',
  `create_time` datetime NOT NULL COMMENT '创建时间',
  `update_time` datetime NOT NULL COMMENT '更新时间',
  PRIMARY KEY (`uuid`) USING BTREE
) ENGINE = InnoDB CHARACTER SET = utf8mb4 COLLATE = utf8mb4_unicode_ci COMMENT = '圈子关注' ROW_FORMAT = DYNAMIC;

-- ----------------------------
-- Records of circle_follow
-- ----------------------------
INSERT INTO `circle_follow` VALUES ('1629391839721762817', '54ad3968e7f84c1f8be9c5ac47514bad', '722e2db58fc94e64b13798a4a3acd108', '2023-02-25 16:04:22', '2023-02-25 16:04:22');
INSERT INTO `circle_follow` VALUES ('1632207096429244417', '54ad3968e7f84c1f8be9c5ac47514bad', '5e3a78a7bf834b0da6973d0a02d5a8a1', '2023-03-05 10:31:11', '2023-03-05 10:31:11');
INSERT INTO `circle_follow` VALUES ('1632228703738630145', '54ad3968e7f84c1f8be9c5ac47514bad', 'b71cdc054bdf42a481242e3eb404f0e7', '2023-03-05 11:57:03', '2023-03-05 11:57:03');
INSERT INTO `circle_follow` VALUES ('1632253063044116482', '72aa3555193b4b7e93ec7b231c854023', 'b71cdc054bdf42a481242e3eb404f0e7', '2023-03-05 13:33:51', '2023-03-05 13:33:51');
INSERT INTO `circle_follow` VALUES ('1632293298050281473', '72aa3555193b4b7e93ec7b231c854023', '5e3a78a7bf834b0da6973d0a02d5a8a1', '2023-03-05 16:13:43', '2023-03-05 16:13:43');
INSERT INTO `circle_follow` VALUES ('1639820235710689281', '72aa3555193b4b7e93ec7b231c854023', '722e2db58fc94e64b13798a4a3acd108', '2023-03-26 10:43:05', '2023-03-26 10:43:05');
INSERT INTO `circle_follow` VALUES ('1649253275935031298', 'a4a8ca6a70ac496aba8d03a048c8c9ca', '722e2db58fc94e64b13798a4a3acd108', '2023-04-21 11:26:37', '2023-04-21 11:26:37');
INSERT INTO `circle_follow` VALUES ('1649305968506421250', '72aa3555193b4b7e93ec7b231c854023', '09f0e54045714e27a305ead5feb1e211', '2023-04-21 14:56:00', '2023-04-21 14:56:00');
INSERT INTO `circle_follow` VALUES ('1649305971455016961', 'a4a8ca6a70ac496aba8d03a048c8c9ca', '09f0e54045714e27a305ead5feb1e211', '2023-04-21 14:56:01', '2023-04-21 14:56:01');
INSERT INTO `circle_follow` VALUES ('1649306276884234241', '54ad3968e7f84c1f8be9c5ac47514bad', '09f0e54045714e27a305ead5feb1e211', '2023-04-21 14:57:14', '2023-04-21 14:57:14');

-- ----------------------------
-- Table structure for circle_label
-- ----------------------------
DROP TABLE IF EXISTS `circle_label`;
CREATE TABLE `circle_label`  (
  `uuid` varchar(36) CHARACTER SET utf8mb4 COLLATE utf8mb4_unicode_ci NOT NULL COMMENT 'uuid',
  `name` varchar(6) CHARACTER SET utf8mb4 COLLATE utf8mb4_unicode_ci NOT NULL COMMENT '标签名称',
  `circle_uuid` varchar(36) CHARACTER SET utf8mb4 COLLATE utf8mb4_unicode_ci NOT NULL COMMENT '圈子uuid',
  `create_time` datetime NOT NULL COMMENT '创建时间',
  `update_time` datetime NOT NULL COMMENT '更新时间',
  PRIMARY KEY (`uuid`) USING BTREE
) ENGINE = InnoDB CHARACTER SET = utf8mb4 COLLATE = utf8mb4_unicode_ci COMMENT = '圈子标签' ROW_FORMAT = DYNAMIC;

-- ----------------------------
-- Records of circle_label
-- ----------------------------
INSERT INTO `circle_label` VALUES ('0ea7996bb1bc4ccab261f0bbd683efdb', '#分享', 'a4a8ca6a70ac496aba8d03a048c8c9ca', '2023-04-21 11:25:57', '2023-04-21 11:25:57');
INSERT INTO `circle_label` VALUES ('4493758d85444da2abb10ff164ccda05', '#黄昏', '54ad3968e7f84c1f8be9c5ac47514bad', '2023-02-24 21:34:28', '2023-02-24 21:34:28');
INSERT INTO `circle_label` VALUES ('7778f37bc10347c1852c2519be78e077', '#守护', '54ad3968e7f84c1f8be9c5ac47514bad', '2023-02-24 21:34:28', '2023-02-24 21:34:28');
INSERT INTO `circle_label` VALUES ('7a3e4d5584084b288328af9019a9e999', '#交流', 'a4a8ca6a70ac496aba8d03a048c8c9ca', '2023-04-21 11:25:57', '2023-04-21 11:25:57');
INSERT INTO `circle_label` VALUES ('7c997a5d981e4e41a378db46d43e2e82', '#考研', '72aa3555193b4b7e93ec7b231c854023', '2023-03-05 11:58:09', '2023-03-05 11:58:09');
INSERT INTO `circle_label` VALUES ('8c552edd7630443d9b9ccb2fc1309015', '#上岸', '72aa3555193b4b7e93ec7b231c854023', '2023-03-05 11:58:09', '2023-03-05 11:58:09');
INSERT INTO `circle_label` VALUES ('9655d947ced94f1c8b60e5fddceee468', '#坚持', '72aa3555193b4b7e93ec7b231c854023', '2023-03-05 11:58:09', '2023-03-05 11:58:09');
INSERT INTO `circle_label` VALUES ('a25d4412347c49efbf0417339345b6a0', '#编程', 'a4a8ca6a70ac496aba8d03a048c8c9ca', '2023-04-21 11:25:57', '2023-04-21 11:25:57');
INSERT INTO `circle_label` VALUES ('a5fb7d768bdb4b8dabc72a2c04c05e33', '#加油', '72aa3555193b4b7e93ec7b231c854023', '2023-03-05 11:58:09', '2023-03-05 11:58:09');
INSERT INTO `circle_label` VALUES ('a705bfe315034abfb5606bcbd36b0959', '#小黑子别来', '54ad3968e7f84c1f8be9c5ac47514bad', '2023-02-24 21:34:28', '2023-02-24 21:34:28');
INSERT INTO `circle_label` VALUES ('ab62a9cd7fd242828779220760a1633a', '#Java', 'a4a8ca6a70ac496aba8d03a048c8c9ca', '2023-04-21 11:25:57', '2023-04-21 11:25:57');
INSERT INTO `circle_label` VALUES ('d427ce0c7d4c4ff69b1d47b7614203b4', '#沉淀', '72aa3555193b4b7e93ec7b231c854023', '2023-03-05 11:58:09', '2023-03-05 11:58:09');
INSERT INTO `circle_label` VALUES ('e3309bcad3bb4af19cdbaea0fd26b16e', '#及你太美', '54ad3968e7f84c1f8be9c5ac47514bad', '2023-02-24 21:34:28', '2023-02-24 21:34:28');
INSERT INTO `circle_label` VALUES ('e90309e0afde4fb38014ed64032e8cae', '#坤坤', '54ad3968e7f84c1f8be9c5ac47514bad', '2023-02-24 21:34:28', '2023-02-24 21:34:28');
INSERT INTO `circle_label` VALUES ('ef16fcf13ff448f4ab401065140bc5eb', '#学习', 'a4a8ca6a70ac496aba8d03a048c8c9ca', '2023-04-21 11:25:57', '2023-04-21 11:25:57');

-- ----------------------------
-- Table structure for comment_report
-- ----------------------------
DROP TABLE IF EXISTS `comment_report`;
CREATE TABLE `comment_report`  (
  `uuid` varchar(36) CHARACTER SET utf8mb4 COLLATE utf8mb4_unicode_ci NOT NULL COMMENT 'uuid',
  `comment_report_type_uuid` varchar(36) CHARACTER SET utf8mb4 COLLATE utf8mb4_unicode_ci NOT NULL COMMENT '评论举报类型uuid',
  `report_user_uuid` varchar(36) CHARACTER SET utf8mb4 COLLATE utf8mb4_unicode_ci NOT NULL COMMENT '举报用户uuid',
  `reported_user_uuid` varchar(36) CHARACTER SET utf8mb4 COLLATE utf8mb4_unicode_ci NOT NULL COMMENT '被举报用户uuid',
  `report_reason` text CHARACTER SET utf8mb4 COLLATE utf8mb4_unicode_ci NULL COMMENT '举报原因',
  `status` tinyint(1) NOT NULL COMMENT '评论举报状态 1表示待审核 2表示存在违规 3表示不存在违规',
  `examine_result` text CHARACTER SET utf8mb4 COLLATE utf8mb4_unicode_ci NULL COMMENT '审核结果',
  `deleted` tinyint(1) NOT NULL DEFAULT 0 COMMENT '是否删除 1表示删除 0表示未删除',
  `create_time` datetime NOT NULL COMMENT '创建时间',
  `update_time` datetime NOT NULL COMMENT '更新时间',
  PRIMARY KEY (`uuid`) USING BTREE
) ENGINE = InnoDB CHARACTER SET = utf8mb4 COLLATE = utf8mb4_unicode_ci COMMENT = '评论举报' ROW_FORMAT = DYNAMIC;

-- ----------------------------
-- Records of comment_report
-- ----------------------------

-- ----------------------------
-- Table structure for comment_report_image
-- ----------------------------
DROP TABLE IF EXISTS `comment_report_image`;
CREATE TABLE `comment_report_image`  (
  `uuid` varchar(36) CHARACTER SET utf8mb4 COLLATE utf8mb4_unicode_ci NOT NULL COMMENT 'uuid',
  `comment_report_uuid` varchar(36) CHARACTER SET utf8mb4 COLLATE utf8mb4_unicode_ci NOT NULL COMMENT '评论举报uuid',
  `image_url` varchar(128) CHARACTER SET utf8mb4 COLLATE utf8mb4_unicode_ci NOT NULL COMMENT '图片地址',
  `deleted` tinyint(1) NOT NULL DEFAULT 0 COMMENT '是否删除 1表示删除 0表示未删除',
  `create_time` datetime NOT NULL COMMENT '创建时间',
  `update_time` datetime NOT NULL COMMENT '更新时间',
  PRIMARY KEY (`uuid`) USING BTREE
) ENGINE = InnoDB CHARACTER SET = utf8mb4 COLLATE = utf8mb4_unicode_ci COMMENT = '评论举报图片' ROW_FORMAT = DYNAMIC;

-- ----------------------------
-- Records of comment_report_image
-- ----------------------------

-- ----------------------------
-- Table structure for comment_report_type
-- ----------------------------
DROP TABLE IF EXISTS `comment_report_type`;
CREATE TABLE `comment_report_type`  (
  `uuid` varchar(36) CHARACTER SET utf8mb4 COLLATE utf8mb4_unicode_ci NOT NULL COMMENT 'uuid',
  `name` varchar(64) CHARACTER SET utf8mb4 COLLATE utf8mb4_unicode_ci NOT NULL COMMENT '举报类型名称',
  `create_time` datetime NOT NULL COMMENT '创建时间',
  `update_time` datetime NOT NULL COMMENT '更新时间',
  PRIMARY KEY (`uuid`) USING BTREE
) ENGINE = InnoDB CHARACTER SET = utf8mb4 COLLATE = utf8mb4_unicode_ci COMMENT = '评论举报类型' ROW_FORMAT = DYNAMIC;

-- ----------------------------
-- Records of comment_report_type
-- ----------------------------
INSERT INTO `comment_report_type` VALUES ('51528f230e094636a7faa96715766b57', '侮辱', '2023-03-05 10:33:43', '2023-03-05 10:33:43');
INSERT INTO `comment_report_type` VALUES ('52da44166b3b45db9584b05a937e38c3', '谩骂', '2023-03-05 10:33:24', '2023-03-05 10:33:24');

-- ----------------------------
-- Table structure for commodity
-- ----------------------------
DROP TABLE IF EXISTS `commodity`;
CREATE TABLE `commodity`  (
  `uuid` varchar(36) CHARACTER SET utf8mb4 COLLATE utf8mb4_unicode_ci NOT NULL COMMENT '商品uuid',
  `title` varchar(64) CHARACTER SET utf8mb4 COLLATE utf8mb4_unicode_ci NOT NULL COMMENT '商品标题',
  `description` text CHARACTER SET utf8mb4 COLLATE utf8mb4_unicode_ci NOT NULL COMMENT '商品描述',
  `original_price` int(10) NOT NULL COMMENT '商品原价',
  `current_price` int(11) NOT NULL COMMENT '商品现价',
  `category_uuid` varchar(36) CHARACTER SET utf8mb4 COLLATE utf8mb4_unicode_ci NOT NULL COMMENT '分类uuid',
  `plate_uuid` varchar(36) CHARACTER SET utf8mb4 COLLATE utf8mb4_unicode_ci NOT NULL COMMENT '板块uuid',
  `publish_user_uuid` varchar(36) CHARACTER SET utf8mb4 COLLATE utf8mb4_unicode_ci NOT NULL COMMENT '发布人uuid',
  `publish_school_uuid` varchar(36) CHARACTER SET utf8mb4 COLLATE utf8mb4_unicode_ci NOT NULL COMMENT '发布学校uuid',
  `status` tinyint(1) NOT NULL COMMENT '商品状态 1表示待审核 2未通过 3表示上架 4表示下架',
  `is_admin_off` bit(1) NOT NULL DEFAULT b'0' COMMENT '是否是管理员下架',
  `deleted` tinyint(1) NOT NULL DEFAULT 0 COMMENT '是否删除 1表示删除 0表示未删除',
  `create_time` datetime NOT NULL COMMENT '创建时间',
  `update_time` datetime NOT NULL COMMENT '更新时间',
  `examine_count` int(1) NOT NULL DEFAULT 0 COMMENT '审核次数，最多审核五次',
  `is_sync_liberty_square` bit(1) NOT NULL DEFAULT b'0' COMMENT '是否同步到自由广场',
  `contact_phone` varchar(11) CHARACTER SET utf8mb4 COLLATE utf8mb4_unicode_ci NOT NULL COMMENT '联系手机号',
  PRIMARY KEY (`uuid`) USING BTREE
) ENGINE = InnoDB CHARACTER SET = utf8mb4 COLLATE = utf8mb4_unicode_ci COMMENT = '商品' ROW_FORMAT = DYNAMIC;

-- ----------------------------
-- Records of commodity
-- ----------------------------
INSERT INTO `commodity` VALUES ('75f640ef13fc4794831215c0635f2e70', '鼠标', '去年买的鼠标', 99, 29, 'ffcc336728e94f2e8d161a8acb4cea29', 'c109cec2f876425cba8f3ff3fa975b3a', '5e3a78a7bf834b0da6973d0a02d5a8a1', '24e20cb8e8f44f80a7a93c2b5a567f07', 3, b'0', 0, '2023-02-24 17:17:39', '2023-02-25 16:26:38', 1, b'1', '18870704022');
INSERT INTO `commodity` VALUES ('952a43a6096640adaebf1bb4b394440d', '电饭煲', '一个能蒸饭的电饭煲', 9999, 99, '6b0208c287ab4ca3a1e686de50bd4fc6', 'c109cec2f876425cba8f3ff3fa975b3a', 'ea4a4033f0da4e54b37c36a01419b5d1', '24e20cb8e8f44f80a7a93c2b5a567f07', 3, b'0', 0, '2023-04-20 21:32:34', '2023-04-21 16:26:50', 1, b'1', '13479458758');
INSERT INTO `commodity` VALUES ('ae3c5257f515400b9ab7a57ab0764f31', '闲置书包', '可以用作电脑包', 199, 19, 'ffcc336728e94f2e8d161a8acb4cea29', 'c109cec2f876425cba8f3ff3fa975b3a', '722e2db58fc94e64b13798a4a3acd108', '24e20cb8e8f44f80a7a93c2b5a567f07', 3, b'0', 0, '2023-04-21 16:15:00', '2023-04-21 16:26:55', 1, b'1', '18870704048');
INSERT INTO `commodity` VALUES ('dde57ee0b3d540e3b2ea359a7dc4f58f', '手机支架', '一个创意小巧手机支架', 25, 10, 'ffcc336728e94f2e8d161a8acb4cea29', 'c109cec2f876425cba8f3ff3fa975b3a', 'b71cdc054bdf42a481242e3eb404f0e7', '24e20cb8e8f44f80a7a93c2b5a567f07', 3, b'0', 0, '2023-03-05 13:23:25', '2023-03-26 22:44:07', 1, b'1', '18870704022');
INSERT INTO `commodity` VALUES ('ef1c68755869440d9795bb6eef1368dd', '床上折叠小桌子', '有了这个桌子可以方便的在床上看书', 35, 15, 'ffcc336728e94f2e8d161a8acb4cea29', 'c109cec2f876425cba8f3ff3fa975b3a', '722e2db58fc94e64b13798a4a3acd108', '24e20cb8e8f44f80a7a93c2b5a567f07', 3, b'0', 0, '2023-04-21 16:22:03', '2023-04-21 16:27:01', 1, b'1', '18870704048');

-- ----------------------------
-- Table structure for commodity_collection
-- ----------------------------
DROP TABLE IF EXISTS `commodity_collection`;
CREATE TABLE `commodity_collection`  (
  `uuid` varchar(36) CHARACTER SET utf8mb4 COLLATE utf8mb4_unicode_ci NOT NULL COMMENT 'uuid',
  `commodity_uuid` varchar(36) CHARACTER SET utf8mb4 COLLATE utf8mb4_unicode_ci NOT NULL COMMENT '商品uuid',
  `collect_user_uuid` varchar(36) CHARACTER SET utf8mb4 COLLATE utf8mb4_unicode_ci NOT NULL COMMENT '收藏人uuid',
  `create_time` datetime NOT NULL COMMENT '创建时间',
  `update_time` datetime NOT NULL COMMENT '更新时间',
  PRIMARY KEY (`uuid`) USING BTREE
) ENGINE = InnoDB CHARACTER SET = utf8mb4 COLLATE = utf8mb4_unicode_ci COMMENT = '商品收藏' ROW_FORMAT = DYNAMIC;

-- ----------------------------
-- Records of commodity_collection
-- ----------------------------
INSERT INTO `commodity_collection` VALUES ('8385921ae0594d41a81c8a2c1e0c439d', '75f640ef13fc4794831215c0635f2e70', '5e3a78a7bf834b0da6973d0a02d5a8a1', '2023-03-05 10:29:36', '2023-03-05 10:29:36');
INSERT INTO `commodity_collection` VALUES ('d64da2f6f3a6468f8321fd6d34d44c82', 'dde57ee0b3d540e3b2ea359a7dc4f58f', '722e2db58fc94e64b13798a4a3acd108', '2023-03-26 10:43:55', '2023-03-26 10:43:55');

-- ----------------------------
-- Table structure for commodity_examine_record
-- ----------------------------
DROP TABLE IF EXISTS `commodity_examine_record`;
CREATE TABLE `commodity_examine_record`  (
  `uuid` varchar(36) CHARACTER SET utf8mb4 COLLATE utf8mb4_unicode_ci NOT NULL COMMENT 'uuid',
  `commodity_uuid` varchar(36) CHARACTER SET utf8mb4 COLLATE utf8mb4_unicode_ci NOT NULL COMMENT '商品uuid',
  `is_pass` bit(1) NOT NULL COMMENT '是否通过',
  `no_pass_reason` varchar(64) CHARACTER SET utf8mb4 COLLATE utf8mb4_unicode_ci NOT NULL DEFAULT '' COMMENT '未通过原因',
  `examine_admin_uuid` varchar(36) CHARACTER SET utf8mb4 COLLATE utf8mb4_unicode_ci NOT NULL COMMENT '审核管理员uuid',
  `create_time` datetime NOT NULL COMMENT '创建时间',
  `update_time` datetime NOT NULL COMMENT '更新时间',
  PRIMARY KEY (`uuid`) USING BTREE
) ENGINE = InnoDB CHARACTER SET = utf8mb4 COLLATE = utf8mb4_unicode_ci COMMENT = '商品审核记录' ROW_FORMAT = DYNAMIC;

-- ----------------------------
-- Records of commodity_examine_record
-- ----------------------------
INSERT INTO `commodity_examine_record` VALUES ('0c6fbe3893db4ba494ff129df9383ec7', 'ae3c5257f515400b9ab7a57ab0764f31', b'1', '', 'e5d642b9dfbc46d29f1d73eba62b693b', '2023-04-21 16:26:55', '2023-04-21 16:26:55');
INSERT INTO `commodity_examine_record` VALUES ('1ad57071f7c24cc4bdbbc71adad3cad3', '952a43a6096640adaebf1bb4b394440d', b'1', '', 'e5d642b9dfbc46d29f1d73eba62b693b', '2023-04-21 16:26:50', '2023-04-21 16:26:50');
INSERT INTO `commodity_examine_record` VALUES ('3f21f7b7804e4cbe9653681e96364247', 'ef1c68755869440d9795bb6eef1368dd', b'1', '', 'e5d642b9dfbc46d29f1d73eba62b693b', '2023-04-21 16:27:01', '2023-04-21 16:27:01');
INSERT INTO `commodity_examine_record` VALUES ('76e36a2b62674c58a9302d3d6a4a8c68', '75f640ef13fc4794831215c0635f2e70', b'1', '', 'e5d642b9dfbc46d29f1d73eba62b693b', '2023-02-24 21:19:05', '2023-02-24 21:19:05');
INSERT INTO `commodity_examine_record` VALUES ('8753e0ce535642598f65d99aa9f74022', 'dde57ee0b3d540e3b2ea359a7dc4f58f', b'1', '', 'e5d642b9dfbc46d29f1d73eba62b693b', '2023-03-05 13:37:24', '2023-03-05 13:37:24');

-- ----------------------------
-- Table structure for commodity_image
-- ----------------------------
DROP TABLE IF EXISTS `commodity_image`;
CREATE TABLE `commodity_image`  (
  `uuid` varchar(36) CHARACTER SET utf8mb4 COLLATE utf8mb4_unicode_ci NOT NULL COMMENT 'uuid',
  `commodity_uuid` varchar(36) CHARACTER SET utf8mb4 COLLATE utf8mb4_unicode_ci NOT NULL COMMENT '商品uuid',
  `image_url` varchar(128) CHARACTER SET utf8mb4 COLLATE utf8mb4_unicode_ci NOT NULL COMMENT '图片地址',
  `create_time` datetime NOT NULL COMMENT '创建时间',
  `update_time` datetime NOT NULL COMMENT '更新时间',
  PRIMARY KEY (`uuid`) USING BTREE
) ENGINE = InnoDB CHARACTER SET = utf8mb4 COLLATE = utf8mb4_unicode_ci COMMENT = '商品图片' ROW_FORMAT = DYNAMIC;

-- ----------------------------
-- Records of commodity_image
-- ----------------------------
INSERT INTO `commodity_image` VALUES ('4a8a496fcaac4b2f820f6796a7f20519', '952a43a6096640adaebf1bb4b394440d', 'https://smart-campus-1314790014.cos.ap-nanjing.myqcloud.com/2023/04/20/29721681997539754.jpg', '2023-04-20 21:32:34', '2023-04-20 21:32:34');
INSERT INTO `commodity_image` VALUES ('71a62d8e2d164a4f9d0bd3fbeeb50d21', 'dde57ee0b3d540e3b2ea359a7dc4f58f', 'https://smart-campus-1314790014.cos.ap-nanjing.myqcloud.com/2023/03/05/35161677993770953.png', '2023-03-05 13:23:25', '2023-03-05 13:23:25');
INSERT INTO `commodity_image` VALUES ('723a7a9ff84d4a26b2100b42df74af5c', 'ae3c5257f515400b9ab7a57ab0764f31', 'https://smart-campus-1314790014.cos.ap-nanjing.myqcloud.com/2023/04/21/84791682064898007.jpeg', '2023-04-21 16:15:00', '2023-04-21 16:15:00');
INSERT INTO `commodity_image` VALUES ('9ca1858815594adc82b379484d1885ba', 'ef1c68755869440d9795bb6eef1368dd', 'https://smart-campus-1314790014.cos.ap-nanjing.myqcloud.com/2023/04/21/69501682065319709.jpeg', '2023-04-21 16:22:03', '2023-04-21 16:22:03');
INSERT INTO `commodity_image` VALUES ('e31d84fcc7e148c1a7feec5a995b814f', '75f640ef13fc4794831215c0635f2e70', 'https://smart-campus-1300450814.cos.ap-chengdu.myqcloud.com/2023/02/24/41381677230253052.png', '2023-02-24 17:17:39', '2023-02-24 17:17:39');

-- ----------------------------
-- Table structure for confessional_wall
-- ----------------------------
DROP TABLE IF EXISTS `confessional_wall`;
CREATE TABLE `confessional_wall`  (
  `uuid` varchar(36) CHARACTER SET utf8mb4 COLLATE utf8mb4_unicode_ci NOT NULL COMMENT 'uuid',
  `content` text CHARACTER SET utf8mb4 COLLATE utf8mb4_unicode_ci NOT NULL COMMENT '内容',
  `publish_user_uuid` varchar(36) CHARACTER SET utf8mb4 COLLATE utf8mb4_unicode_ci NOT NULL COMMENT '发布人uuid',
  `publish_school_uuid` varchar(36) CHARACTER SET utf8mb4 COLLATE utf8mb4_unicode_ci NOT NULL COMMENT '发布学校uuid',
  `deleted` tinyint(1) NOT NULL DEFAULT 0 COMMENT '是否删除 1表示删除 0表示未删除',
  `create_time` datetime NOT NULL COMMENT '创建时间',
  `update_time` datetime NOT NULL COMMENT '更新时间',
  `view_count` int(10) NOT NULL DEFAULT 0 COMMENT '浏览量',
  `comment_count` int(10) NOT NULL DEFAULT 0 COMMENT '评论数量',
  `kudos_count` int(10) NOT NULL DEFAULT 0 COMMENT '点赞数量',
  `is_open_comment` bit(1) NOT NULL DEFAULT b'1' COMMENT '是否开启评论',
  `is_sync_liberty_square` bit(1) NOT NULL DEFAULT b'0' COMMENT '是否同步到自由广场',
  PRIMARY KEY (`uuid`) USING BTREE
) ENGINE = InnoDB CHARACTER SET = utf8mb4 COLLATE = utf8mb4_unicode_ci COMMENT = '表白墙' ROW_FORMAT = DYNAMIC;

-- ----------------------------
-- Records of confessional_wall
-- ----------------------------
INSERT INTO `confessional_wall` VALUES ('9aa07b3cd0fc4c998310d04df25a68ae', '感谢老师对我们的栽培！！1', '722e2db58fc94e64b13798a4a3acd108', '24e20cb8e8f44f80a7a93c2b5a567f07', 0, '2023-03-26 11:42:39', '2023-04-23 09:50:00', 3, 0, 0, b'1', b'1');
INSERT INTO `confessional_wall` VALUES ('ae2b114ed9034a1f8e0a3be6013c4767', '别问兜里多少钱\n问问青春还几年', 'b71cdc054bdf42a481242e3eb404f0e7', '24e20cb8e8f44f80a7a93c2b5a567f07', 0, '2023-03-05 13:33:03', '2023-04-23 09:50:00', 7, 0, 1, b'1', b'1');
INSERT INTO `confessional_wall` VALUES ('cf9bf95695304136bcff903439b9e949', '好想要开长安s23', '5e3a78a7bf834b0da6973d0a02d5a8a1', '24e20cb8e8f44f80a7a93c2b5a567f07', 0, '2023-02-24 18:55:15', '2023-04-23 09:50:00', 6, 3, 1, b'1', b'1');

-- ----------------------------
-- Table structure for confessional_wall_comment
-- ----------------------------
DROP TABLE IF EXISTS `confessional_wall_comment`;
CREATE TABLE `confessional_wall_comment`  (
  `uuid` varchar(36) CHARACTER SET utf8mb4 COLLATE utf8mb4_unicode_ci NOT NULL COMMENT 'uuid',
  `parent_uuid` varchar(36) CHARACTER SET utf8mb4 COLLATE utf8mb4_unicode_ci NOT NULL DEFAULT '0' COMMENT '评论父级uuid',
  `confessional_wall_uuid` varchar(36) CHARACTER SET utf8mb4 COLLATE utf8mb4_unicode_ci NOT NULL COMMENT '表白墙uuid',
  `comment_user_uuid` varchar(36) CHARACTER SET utf8mb4 COLLATE utf8mb4_unicode_ci NOT NULL COMMENT '评论用户uuid',
  `replied_user_uuid` varchar(36) CHARACTER SET utf8mb4 COLLATE utf8mb4_unicode_ci NOT NULL COMMENT '被回复用户uuid',
  `content` text CHARACTER SET utf8mb4 COLLATE utf8mb4_unicode_ci NOT NULL COMMENT '评论内容',
  `deleted` tinyint(1) NOT NULL DEFAULT 0 COMMENT '是否删除 1表示删除 0表示未删除',
  `create_time` datetime NOT NULL COMMENT '创建时间',
  `update_time` datetime NOT NULL COMMENT '更新时间',
  PRIMARY KEY (`uuid`) USING BTREE
) ENGINE = InnoDB CHARACTER SET = utf8mb4 COLLATE = utf8mb4_unicode_ci COMMENT = '表白墙评论表' ROW_FORMAT = DYNAMIC;

-- ----------------------------
-- Records of confessional_wall_comment
-- ----------------------------
INSERT INTO `confessional_wall_comment` VALUES ('22f17833d4674ae987ddd591af0c8f0f', '0', 'cf9bf95695304136bcff903439b9e949', '722e2db58fc94e64b13798a4a3acd108', '5e3a78a7bf834b0da6973d0a02d5a8a1', '还不错', 0, '2023-02-25 13:19:37', '2023-02-25 13:19:37');
INSERT INTO `confessional_wall_comment` VALUES ('89ea53f3faea4ee7904587d7abc6cb90', 'd76af4395b964b68af7f520397ad467c', 'cf9bf95695304136bcff903439b9e949', '722e2db58fc94e64b13798a4a3acd108', '5e3a78a7bf834b0da6973d0a02d5a8a1', '还不错', 0, '2023-02-25 13:19:25', '2023-02-25 13:19:25');
INSERT INTO `confessional_wall_comment` VALUES ('d76af4395b964b68af7f520397ad467c', '0', 'cf9bf95695304136bcff903439b9e949', '5e3a78a7bf834b0da6973d0a02d5a8a1', '5e3a78a7bf834b0da6973d0a02d5a8a1', '这车很帅哦', 0, '2023-02-24 19:35:49', '2023-02-24 19:35:49');

-- ----------------------------
-- Table structure for confessional_wall_examine_record
-- ----------------------------
DROP TABLE IF EXISTS `confessional_wall_examine_record`;
CREATE TABLE `confessional_wall_examine_record`  (
  `uuid` varchar(36) CHARACTER SET utf8mb4 COLLATE utf8mb4_unicode_ci NOT NULL COMMENT 'uuid',
  `confessional_wall_uuid` varchar(36) CHARACTER SET utf8mb4 COLLATE utf8mb4_unicode_ci NOT NULL COMMENT '表白墙uuid',
  `is_pass` bit(1) NOT NULL COMMENT '是否通过',
  `no_pass_reason` varchar(64) CHARACTER SET utf8mb4 COLLATE utf8mb4_unicode_ci NOT NULL DEFAULT '' COMMENT '未通过原因',
  `examine_admin_uuid` varchar(36) CHARACTER SET utf8mb4 COLLATE utf8mb4_unicode_ci NOT NULL COMMENT '审核管理员uuid',
  `create_time` datetime NOT NULL COMMENT '创建时间',
  `update_time` datetime NOT NULL COMMENT '更新时间',
  PRIMARY KEY (`uuid`) USING BTREE
) ENGINE = InnoDB CHARACTER SET = utf8mb4 COLLATE = utf8mb4_unicode_ci COMMENT = '表白墙审核记录' ROW_FORMAT = DYNAMIC;

-- ----------------------------
-- Records of confessional_wall_examine_record
-- ----------------------------
INSERT INTO `confessional_wall_examine_record` VALUES ('33dd87b0e17c435591634a66e95a127a', 'cf9bf95695304136bcff903439b9e949', b'1', '', 'e5d642b9dfbc46d29f1d73eba62b693b', '2023-03-26 17:55:01', '2023-03-26 17:55:01');
INSERT INTO `confessional_wall_examine_record` VALUES ('3af35c57ea604d1c9fd82476d7f0d088', '9aa07b3cd0fc4c998310d04df25a68ae', b'1', '', 'e5d642b9dfbc46d29f1d73eba62b693b', '2023-03-26 17:55:01', '2023-03-26 17:55:01');
INSERT INTO `confessional_wall_examine_record` VALUES ('aa7144499bf44a47acccdaaff81617d9', 'ae2b114ed9034a1f8e0a3be6013c4767', b'1', '', 'e5d642b9dfbc46d29f1d73eba62b693b', '2023-03-26 17:55:01', '2023-03-26 17:55:01');

-- ----------------------------
-- Table structure for confessional_wall_image
-- ----------------------------
DROP TABLE IF EXISTS `confessional_wall_image`;
CREATE TABLE `confessional_wall_image`  (
  `uuid` varchar(36) CHARACTER SET utf8mb4 COLLATE utf8mb4_unicode_ci NOT NULL COMMENT 'uuid',
  `confessional_wall_uuid` varchar(36) CHARACTER SET utf8mb4 COLLATE utf8mb4_unicode_ci NOT NULL COMMENT '表白墙uuid',
  `image_url` varchar(128) CHARACTER SET utf8mb4 COLLATE utf8mb4_unicode_ci NOT NULL COMMENT '图片地址',
  `create_time` datetime NOT NULL COMMENT '创建时间',
  `update_time` datetime NOT NULL COMMENT '更新时间',
  PRIMARY KEY (`uuid`) USING BTREE
) ENGINE = InnoDB CHARACTER SET = utf8mb4 COLLATE = utf8mb4_unicode_ci COMMENT = '表白墙图片' ROW_FORMAT = DYNAMIC;

-- ----------------------------
-- Records of confessional_wall_image
-- ----------------------------
INSERT INTO `confessional_wall_image` VALUES ('1629072457409839106', 'cf9bf95695304136bcff903439b9e949', 'https://smart-campus-1300450814.cos.ap-chengdu.myqcloud.com/2023/02/24/91461677232233375.jpg', '2023-02-24 18:55:15', '2023-02-24 18:55:15');
INSERT INTO `confessional_wall_image` VALUES ('1629072457409839107', 'cf9bf95695304136bcff903439b9e949', 'https://smart-campus-1300450814.cos.ap-chengdu.myqcloud.com/2023/02/24/41591677232233334.jpg', '2023-02-24 18:55:15', '2023-02-24 18:55:15');
INSERT INTO `confessional_wall_image` VALUES ('1632252861755273218', 'ae2b114ed9034a1f8e0a3be6013c4767', 'https://smart-campus-1314790014.cos.ap-nanjing.myqcloud.com/2023/03/05/49911677994114042.png', '2023-03-05 13:33:03', '2023-03-05 13:33:03');
INSERT INTO `confessional_wall_image` VALUES ('1632252861776244737', 'ae2b114ed9034a1f8e0a3be6013c4767', 'https://smart-campus-1314790014.cos.ap-nanjing.myqcloud.com/2023/03/05/67761677994114252.png', '2023-03-05 13:33:03', '2023-03-05 13:33:03');
INSERT INTO `confessional_wall_image` VALUES ('1632252861776244738', 'ae2b114ed9034a1f8e0a3be6013c4767', 'https://smart-campus-1314790014.cos.ap-nanjing.myqcloud.com/2023/03/05/87811677994114034.png', '2023-03-05 13:33:03', '2023-03-05 13:33:03');
INSERT INTO `confessional_wall_image` VALUES ('1632252861776244739', 'ae2b114ed9034a1f8e0a3be6013c4767', 'https://smart-campus-1314790014.cos.ap-nanjing.myqcloud.com/2023/03/05/22281677994114122.png', '2023-03-05 13:33:03', '2023-03-05 13:33:03');
INSERT INTO `confessional_wall_image` VALUES ('1639835223162646529', '9aa07b3cd0fc4c998310d04df25a68ae', 'https://smart-campus-1314790014.cos.ap-nanjing.myqcloud.com/2023/03/26/75471679802044167.gif', '2023-03-26 11:42:39', '2023-03-26 11:42:39');
INSERT INTO `confessional_wall_image` VALUES ('1639835223225561089', '9aa07b3cd0fc4c998310d04df25a68ae', 'https://smart-campus-1314790014.cos.ap-nanjing.myqcloud.com/2023/03/26/75191679802154831.gif', '2023-03-26 11:42:39', '2023-03-26 11:42:39');

-- ----------------------------
-- Table structure for confessional_wall_kudos
-- ----------------------------
DROP TABLE IF EXISTS `confessional_wall_kudos`;
CREATE TABLE `confessional_wall_kudos`  (
  `uuid` varchar(36) CHARACTER SET utf8mb4 COLLATE utf8mb4_unicode_ci NOT NULL COMMENT 'uuid',
  `confessional_wall_uuid` varchar(36) CHARACTER SET utf8mb4 COLLATE utf8mb4_unicode_ci NOT NULL COMMENT '表白墙uuid',
  `kudos_user_uuid` varchar(36) CHARACTER SET utf8mb4 COLLATE utf8mb4_unicode_ci NOT NULL COMMENT '点赞人uuid',
  `create_time` datetime NOT NULL COMMENT '创建时间',
  `update_time` datetime NOT NULL COMMENT '更新时间',
  PRIMARY KEY (`uuid`) USING BTREE
) ENGINE = InnoDB CHARACTER SET = utf8mb4 COLLATE = utf8mb4_unicode_ci COMMENT = '表白墙点赞记录表' ROW_FORMAT = DYNAMIC;

-- ----------------------------
-- Records of confessional_wall_kudos
-- ----------------------------
INSERT INTO `confessional_wall_kudos` VALUES ('1629073983142445057', 'cf9bf95695304136bcff903439b9e949', '5e3a78a7bf834b0da6973d0a02d5a8a1', '2023-02-24 19:01:19', '2023-02-24 19:01:19');
INSERT INTO `confessional_wall_kudos` VALUES ('1632293046635311106', 'ae2b114ed9034a1f8e0a3be6013c4767', '5e3a78a7bf834b0da6973d0a02d5a8a1', '2023-03-05 16:12:44', '2023-03-05 16:12:44');

-- ----------------------------
-- Table structure for contact_admin_chat_message
-- ----------------------------
DROP TABLE IF EXISTS `contact_admin_chat_message`;
CREATE TABLE `contact_admin_chat_message`  (
  `uuid` varchar(36) CHARACTER SET utf8mb4 COLLATE utf8mb4_unicode_ci NOT NULL COMMENT 'uuid',
  `content` text CHARACTER SET utf8mb4 COLLATE utf8mb4_unicode_ci NOT NULL COMMENT '消息内容',
  `send_user_uuid` varchar(36) CHARACTER SET utf8mb4 COLLATE utf8mb4_unicode_ci NULL DEFAULT NULL COMMENT '发送人uuid',
  `receive_user_uuid` varchar(36) CHARACTER SET utf8mb4 COLLATE utf8mb4_unicode_ci NULL DEFAULT NULL COMMENT '接收人uuid',
  `send_admin_uuid` varchar(36) CHARACTER SET utf8mb4 COLLATE utf8mb4_unicode_ci NULL DEFAULT NULL COMMENT '发送管理员uuid',
  `receive_admin_uuid` varchar(36) CHARACTER SET utf8mb4 COLLATE utf8mb4_unicode_ci NULL DEFAULT NULL COMMENT '接收管理员uuid',
  `create_time` datetime NOT NULL COMMENT '创建时间',
  `update_time` datetime NOT NULL COMMENT '更新时间',
  `contact_admin_chat_room_uuid` varchar(36) CHARACTER SET utf8mb4 COLLATE utf8mb4_unicode_ci NOT NULL COMMENT '联系管理员聊天室uuid',
  `content_type` tinyint(1) NOT NULL COMMENT '消息类型 1表示文字 2表示图片 3表示视频',
  PRIMARY KEY (`uuid`) USING BTREE
) ENGINE = InnoDB CHARACTER SET = utf8mb4 COLLATE = utf8mb4_unicode_ci COMMENT = '联系管理员聊天信息' ROW_FORMAT = DYNAMIC;

-- ----------------------------
-- Records of contact_admin_chat_message
-- ----------------------------
INSERT INTO `contact_admin_chat_message` VALUES ('12f5ead3cb6a47bb97e7ce87c8a07067', '你好', '722e2db58fc94e64b13798a4a3acd108', NULL, NULL, 'd4b6f4f3653147c4bef3e2198522fad5', '2023-03-26 22:01:53', '2023-03-26 22:01:53', '4a74f64c0c344c5790c12abbe8205f61', 1);
INSERT INTO `contact_admin_chat_message` VALUES ('6c04ce45abc14b31a1d356f0d43a11de', '', '722e2db58fc94e64b13798a4a3acd108', NULL, NULL, 'd4b6f4f3653147c4bef3e2198522fad5', '2023-03-26 22:01:53', '2023-03-26 22:01:53', '4a74f64c0c344c5790c12abbe8205f61', 1);
INSERT INTO `contact_admin_chat_message` VALUES ('e4a113093a964911b20d8d19e2281401', '你好，在吗？我想改一下密码', '722e2db58fc94e64b13798a4a3acd108', NULL, NULL, 'e5d642b9dfbc46d29f1d73eba62b693b', '2023-03-26 18:01:30', '2023-03-26 18:01:30', '4a74f64c0c344c5790c12abbe8205f61', 1);

-- ----------------------------
-- Table structure for contact_admin_chat_room
-- ----------------------------
DROP TABLE IF EXISTS `contact_admin_chat_room`;
CREATE TABLE `contact_admin_chat_room`  (
  `uuid` varchar(36) CHARACTER SET utf8mb4 COLLATE utf8mb4_unicode_ci NOT NULL COMMENT 'uuid',
  `user_uuid` varchar(36) CHARACTER SET utf8mb4 COLLATE utf8mb4_unicode_ci NULL DEFAULT NULL COMMENT '用户uuid',
  `admin_uuid` varchar(36) CHARACTER SET utf8mb4 COLLATE utf8mb4_unicode_ci NULL DEFAULT NULL COMMENT '管理员uuid',
  `create_time` datetime NOT NULL COMMENT '创建时间',
  `update_time` datetime NOT NULL COMMENT '更新时间',
  PRIMARY KEY (`uuid`) USING BTREE
) ENGINE = InnoDB CHARACTER SET = utf8mb4 COLLATE = utf8mb4_unicode_ci COMMENT = '联系管理员聊天室' ROW_FORMAT = DYNAMIC;

-- ----------------------------
-- Records of contact_admin_chat_room
-- ----------------------------
INSERT INTO `contact_admin_chat_room` VALUES ('4a74f64c0c344c5790c12abbe8205f61', '722e2db58fc94e64b13798a4a3acd108', 'd4b6f4f3653147c4bef3e2198522fad5', '2023-03-26 18:01:12', '2023-03-26 18:01:12');

-- ----------------------------
-- Table structure for dynamic
-- ----------------------------
DROP TABLE IF EXISTS `dynamic`;
CREATE TABLE `dynamic`  (
  `uuid` varchar(36) CHARACTER SET utf8mb4 COLLATE utf8mb4_unicode_ci NOT NULL COMMENT 'uuid',
  `content` text CHARACTER SET utf8mb4 COLLATE utf8mb4_unicode_ci NOT NULL COMMENT '内容',
  `publish_user_uuid` varchar(36) CHARACTER SET utf8mb4 COLLATE utf8mb4_unicode_ci NOT NULL COMMENT '发布人uuid',
  `publish_school_uuid` varchar(36) CHARACTER SET utf8mb4 COLLATE utf8mb4_unicode_ci NOT NULL COMMENT '发布学校uuid',
  `plate_uuid` varchar(36) CHARACTER SET utf8mb4 COLLATE utf8mb4_unicode_ci NOT NULL COMMENT '板块uuid',
  `circle_uuid` varchar(36) CHARACTER SET utf8mb4 COLLATE utf8mb4_unicode_ci NOT NULL COMMENT '发布圈子',
  `deleted` tinyint(1) NOT NULL DEFAULT 0 COMMENT '是否删除 1表示删除 0表示未删除',
  `examine_count` int(1) NOT NULL DEFAULT 0 COMMENT '审核次数，最多审核五次',
  `view_count` int(10) NOT NULL DEFAULT 0 COMMENT '浏览量',
  `comment_count` int(10) NOT NULL DEFAULT 0 COMMENT '评论数量',
  `kudos_count` int(10) NOT NULL DEFAULT 0 COMMENT '点赞数量',
  `is_open_comment` bit(1) NOT NULL DEFAULT b'1' COMMENT '是否开启评论',
  `is_hide` bit(1) NOT NULL DEFAULT b'0' COMMENT '是否隐藏',
  `type` tinyint(1) NOT NULL COMMENT '动态类型 1表示悄悄话 2表示提问',
  `status` tinyint(1) NOT NULL COMMENT '动态状态 1表示待审核 2表示未通过 3表示已通过',
  `create_time` datetime NOT NULL COMMENT '创建时间',
  `update_time` datetime NOT NULL COMMENT '更新时间',
  `is_sync_liberty_square` bit(1) NOT NULL DEFAULT b'0' COMMENT '是否同步到自由广场',
  PRIMARY KEY (`uuid`) USING BTREE
) ENGINE = InnoDB CHARACTER SET = utf8mb4 COLLATE = utf8mb4_unicode_ci COMMENT = '动态' ROW_FORMAT = DYNAMIC;

-- ----------------------------
-- Records of dynamic
-- ----------------------------
INSERT INTO `dynamic` VALUES ('1aa0ffae8c884f948a1f867ad4ad2bba', 'Java中有哪些基础数据类型？', '722e2db58fc94e64b13798a4a3acd108', '24e20cb8e8f44f80a7a93c2b5a567f07', '8d3fa9b958ef492ab91e59fe7d59e492', 'a4a8ca6a70ac496aba8d03a048c8c9ca', 0, 1, 0, 0, 0, b'1', b'0', 1, 3, '2023-04-21 16:26:00', '2023-04-21 16:27:22', b'1');
INSERT INTO `dynamic` VALUES ('91d104ba7d7845a5bc812d394953e45d', '希望大家理智一点', '722e2db58fc94e64b13798a4a3acd108', '24e20cb8e8f44f80a7a93c2b5a567f07', '8d3fa9b958ef492ab91e59fe7d59e492', '54ad3968e7f84c1f8be9c5ac47514bad', 0, 1, 5, 1, 0, b'1', b'0', 1, 3, '2023-02-25 16:05:02', '2023-04-22 16:20:00', b'1');
INSERT INTO `dynamic` VALUES ('eaabb00b187c4d7d8f1d31c7186140d9', '初考已经结束，祝大家成功上岸', '5e3a78a7bf834b0da6973d0a02d5a8a1', '24e20cb8e8f44f80a7a93c2b5a567f07', '8d3fa9b958ef492ab91e59fe7d59e492', '72aa3555193b4b7e93ec7b231c854023', 0, 1, 2, 1, 0, b'1', b'0', 1, 3, '2023-03-05 16:14:39', '2023-04-22 16:20:00', b'1');

-- ----------------------------
-- Table structure for dynamic_circle_label
-- ----------------------------
DROP TABLE IF EXISTS `dynamic_circle_label`;
CREATE TABLE `dynamic_circle_label`  (
  `uuid` varchar(36) CHARACTER SET utf8mb4 COLLATE utf8mb4_unicode_ci NOT NULL COMMENT 'uuid',
  `dynamic_uuid` varchar(36) CHARACTER SET utf8mb4 COLLATE utf8mb4_unicode_ci NOT NULL COMMENT '动态uuid',
  `circle_label_uuid` varchar(36) CHARACTER SET utf8mb4 COLLATE utf8mb4_unicode_ci NOT NULL COMMENT '圈子标签uuid',
  `create_time` datetime NOT NULL COMMENT '创建时间',
  `update_time` datetime NOT NULL COMMENT '更新时间',
  PRIMARY KEY (`uuid`) USING BTREE
) ENGINE = InnoDB CHARACTER SET = utf8mb4 COLLATE = utf8mb4_unicode_ci COMMENT = '动态关联圈子标签' ROW_FORMAT = DYNAMIC;

-- ----------------------------
-- Records of dynamic_circle_label
-- ----------------------------
INSERT INTO `dynamic_circle_label` VALUES ('46f8d5fffa1845b0a203e0a3ef1f0c47', '1aa0ffae8c884f948a1f867ad4ad2bba', 'ab62a9cd7fd242828779220760a1633a', '2023-04-21 16:26:00', '2023-04-21 16:26:00');
INSERT INTO `dynamic_circle_label` VALUES ('a27ff88cfe9343279de6433875605d5f', '1aa0ffae8c884f948a1f867ad4ad2bba', '7a3e4d5584084b288328af9019a9e999', '2023-04-21 16:26:00', '2023-04-21 16:26:00');
INSERT INTO `dynamic_circle_label` VALUES ('cc3ed609ba51483b83dca39c589b96f8', '91d104ba7d7845a5bc812d394953e45d', '7778f37bc10347c1852c2519be78e077', '2023-02-25 16:05:02', '2023-02-25 16:05:02');
INSERT INTO `dynamic_circle_label` VALUES ('dc2f7cdc45ad47dd9caca9c862ef1164', 'eaabb00b187c4d7d8f1d31c7186140d9', '8c552edd7630443d9b9ccb2fc1309015', '2023-03-05 16:14:39', '2023-03-05 16:14:39');

-- ----------------------------
-- Table structure for dynamic_comment
-- ----------------------------
DROP TABLE IF EXISTS `dynamic_comment`;
CREATE TABLE `dynamic_comment`  (
  `uuid` varchar(36) CHARACTER SET utf8mb4 COLLATE utf8mb4_unicode_ci NOT NULL COMMENT 'uuid',
  `parent_uuid` varchar(36) CHARACTER SET utf8mb4 COLLATE utf8mb4_unicode_ci NOT NULL DEFAULT '0' COMMENT '评论父级uuid',
  `dynamic_uuid` varchar(36) CHARACTER SET utf8mb4 COLLATE utf8mb4_unicode_ci NOT NULL COMMENT '动态uuid',
  `comment_user_uuid` varchar(36) CHARACTER SET utf8mb4 COLLATE utf8mb4_unicode_ci NOT NULL COMMENT '评论用户uuid',
  `replied_user_uuid` varchar(36) CHARACTER SET utf8mb4 COLLATE utf8mb4_unicode_ci NOT NULL COMMENT '被回复用户uuid',
  `content` text CHARACTER SET utf8mb4 COLLATE utf8mb4_unicode_ci NOT NULL COMMENT '评论内容',
  `deleted` tinyint(1) NOT NULL DEFAULT 0 COMMENT '是否删除 1表示删除 0表示未删除',
  `create_time` datetime NOT NULL COMMENT '创建时间',
  `update_time` datetime NOT NULL COMMENT '更新时间',
  PRIMARY KEY (`uuid`) USING BTREE
) ENGINE = InnoDB CHARACTER SET = utf8mb4 COLLATE = utf8mb4_unicode_ci COMMENT = '动态评论' ROW_FORMAT = DYNAMIC;

-- ----------------------------
-- Records of dynamic_comment
-- ----------------------------
INSERT INTO `dynamic_comment` VALUES ('ace7c36b0d9e4a769b2ee6106bf95482', '0', 'eaabb00b187c4d7d8f1d31c7186140d9', '09f0e54045714e27a305ead5feb1e211', '5e3a78a7bf834b0da6973d0a02d5a8a1', '加油，现已上岸', 0, '2023-04-21 14:56:34', '2023-04-21 14:56:34');
INSERT INTO `dynamic_comment` VALUES ('d13bf059d92441cf8e3b1622c7ebd593', '0', '91d104ba7d7845a5bc812d394953e45d', '5e3a78a7bf834b0da6973d0a02d5a8a1', '722e2db58fc94e64b13798a4a3acd108', '你让我怎么理智', 0, '2023-03-05 10:30:27', '2023-03-05 10:30:27');
INSERT INTO `dynamic_comment` VALUES ('fb2dc7bb5739419bbc948f786c89f088', 'd13bf059d92441cf8e3b1622c7ebd593', '91d104ba7d7845a5bc812d394953e45d', '09f0e54045714e27a305ead5feb1e211', '5e3a78a7bf834b0da6973d0a02d5a8a1', '不许说我就哥哥', 0, '2023-04-21 14:57:52', '2023-04-21 14:57:52');

-- ----------------------------
-- Table structure for dynamic_examine_record
-- ----------------------------
DROP TABLE IF EXISTS `dynamic_examine_record`;
CREATE TABLE `dynamic_examine_record`  (
  `uuid` varchar(36) CHARACTER SET utf8mb4 COLLATE utf8mb4_unicode_ci NOT NULL COMMENT 'uuid',
  `dynamic_uuid` varchar(36) CHARACTER SET utf8mb4 COLLATE utf8mb4_unicode_ci NOT NULL COMMENT '动态uuid',
  `is_pass` bit(1) NOT NULL COMMENT '是否通过',
  `no_pass_reason` varchar(64) CHARACTER SET utf8mb4 COLLATE utf8mb4_unicode_ci NOT NULL DEFAULT '' COMMENT '未通过原因',
  `examine_admin_uuid` varchar(36) CHARACTER SET utf8mb4 COLLATE utf8mb4_unicode_ci NOT NULL COMMENT '审核管理员uuid',
  `create_time` datetime NOT NULL COMMENT '创建时间',
  `update_time` datetime NOT NULL COMMENT '更新时间',
  PRIMARY KEY (`uuid`) USING BTREE
) ENGINE = InnoDB CHARACTER SET = utf8mb4 COLLATE = utf8mb4_unicode_ci COMMENT = '动态审核记录' ROW_FORMAT = DYNAMIC;

-- ----------------------------
-- Records of dynamic_examine_record
-- ----------------------------
INSERT INTO `dynamic_examine_record` VALUES ('7e8327d2702a4051a6c6b65a0b71ef8b', '1aa0ffae8c884f948a1f867ad4ad2bba', b'1', '', 'e5d642b9dfbc46d29f1d73eba62b693b', '2023-04-21 16:27:22', '2023-04-21 16:27:22');
INSERT INTO `dynamic_examine_record` VALUES ('acc2bb6c27b348d68565c8d94e8c2074', 'eaabb00b187c4d7d8f1d31c7186140d9', b'1', '', 'e5d642b9dfbc46d29f1d73eba62b693b', '2023-03-26 22:47:34', '2023-03-26 22:47:34');
INSERT INTO `dynamic_examine_record` VALUES ('f76ecbe41d3743f996e6522bd2eeeae1', '91d104ba7d7845a5bc812d394953e45d', b'1', '', 'e5d642b9dfbc46d29f1d73eba62b693b', '2023-02-25 16:05:22', '2023-02-25 16:05:22');

-- ----------------------------
-- Table structure for dynamic_image
-- ----------------------------
DROP TABLE IF EXISTS `dynamic_image`;
CREATE TABLE `dynamic_image`  (
  `uuid` varchar(36) CHARACTER SET utf8mb4 COLLATE utf8mb4_unicode_ci NOT NULL COMMENT 'uuid',
  `image_url` varchar(128) CHARACTER SET utf8mb4 COLLATE utf8mb4_unicode_ci NOT NULL COMMENT '图片地址',
  `dynamic_uuid` varchar(36) CHARACTER SET utf8mb4 COLLATE utf8mb4_unicode_ci NOT NULL COMMENT '动态uuid',
  `create_time` datetime NOT NULL COMMENT '创建时间',
  `update_time` datetime NOT NULL COMMENT '更新时间',
  PRIMARY KEY (`uuid`) USING BTREE
) ENGINE = InnoDB CHARACTER SET = utf8mb4 COLLATE = utf8mb4_unicode_ci COMMENT = '动态关联图片' ROW_FORMAT = DYNAMIC;

-- ----------------------------
-- Records of dynamic_image
-- ----------------------------
INSERT INTO `dynamic_image` VALUES ('5e90f59f9299454887d72dd594580bc7', 'https://smart-campus-1300450814.cos.ap-chengdu.myqcloud.com/2023/02/25/51231677312299797.png', '91d104ba7d7845a5bc812d394953e45d', '2023-02-25 16:05:02', '2023-02-25 16:05:02');

-- ----------------------------
-- Table structure for dynamic_kudos
-- ----------------------------
DROP TABLE IF EXISTS `dynamic_kudos`;
CREATE TABLE `dynamic_kudos`  (
  `uuid` varchar(36) CHARACTER SET utf8mb4 COLLATE utf8mb4_unicode_ci NOT NULL COMMENT 'uuid',
  `dynamic_uuid` varchar(36) CHARACTER SET utf8mb4 COLLATE utf8mb4_unicode_ci NOT NULL COMMENT '动态uuid',
  `kudos_user_uuid` varchar(36) CHARACTER SET utf8mb4 COLLATE utf8mb4_unicode_ci NOT NULL COMMENT '点赞人uuid',
  `create_time` datetime NOT NULL COMMENT '创建时间',
  `update_time` datetime NOT NULL COMMENT '更新时间',
  PRIMARY KEY (`uuid`) USING BTREE
) ENGINE = InnoDB CHARACTER SET = utf8mb4 COLLATE = utf8mb4_unicode_ci COMMENT = '动态点赞记录表' ROW_FORMAT = DYNAMIC;

-- ----------------------------
-- Records of dynamic_kudos
-- ----------------------------
INSERT INTO `dynamic_kudos` VALUES ('b9ae5b90017a4910aef45c37a722cb9f', 'eaabb00b187c4d7d8f1d31c7186140d9', '09f0e54045714e27a305ead5feb1e211', '2023-04-21 14:56:54', '2023-04-21 14:56:54');

-- ----------------------------
-- Table structure for feedback_record
-- ----------------------------
DROP TABLE IF EXISTS `feedback_record`;
CREATE TABLE `feedback_record`  (
  `uuid` varchar(36) CHARACTER SET utf8mb4 COLLATE utf8mb4_unicode_ci NOT NULL COMMENT 'uuid',
  `feedback_record_type_uuid` varchar(36) CHARACTER SET utf8mb4 COLLATE utf8mb4_unicode_ci NOT NULL COMMENT '反馈类型uuid',
  `content` text CHARACTER SET utf8mb4 COLLATE utf8mb4_unicode_ci NOT NULL COMMENT '反馈内容',
  `feedback_user_uuid` varchar(36) CHARACTER SET utf8mb4 COLLATE utf8mb4_unicode_ci NOT NULL COMMENT '反馈人uuid',
  `deleted` tinyint(1) NOT NULL DEFAULT 0 COMMENT '是否删除 1表示删除 0表示未删除',
  `create_time` datetime NOT NULL COMMENT '创建时间',
  `update_time` datetime NOT NULL COMMENT '更新时间',
  PRIMARY KEY (`uuid`) USING BTREE
) ENGINE = InnoDB CHARACTER SET = utf8mb4 COLLATE = utf8mb4_unicode_ci COMMENT = '反馈记录' ROW_FORMAT = DYNAMIC;

-- ----------------------------
-- Records of feedback_record
-- ----------------------------
INSERT INTO `feedback_record` VALUES ('9ba4951ea66a47b6a58b08d9485a2ad3', '1ed440e117054fc588c319a796ace395', '联系管理员功能还未完善', '722e2db58fc94e64b13798a4a3acd108', 0, '2023-03-26 10:45:25', '2023-03-26 10:45:25');
INSERT INTO `feedback_record` VALUES ('aa2c95506ba7463fb0ad4ff3df01ba31', '1ed440e117054fc588c319a796ace395', '点赞功能没有异步刷新', '5e3a78a7bf834b0da6973d0a02d5a8a1', 0, '2023-03-05 16:16:29', '2023-03-05 16:16:29');

-- ----------------------------
-- Table structure for feedback_record_type
-- ----------------------------
DROP TABLE IF EXISTS `feedback_record_type`;
CREATE TABLE `feedback_record_type`  (
  `uuid` varchar(36) CHARACTER SET utf8mb4 COLLATE utf8mb4_unicode_ci NOT NULL COMMENT 'uuid',
  `name` varchar(16) CHARACTER SET utf8mb4 COLLATE utf8mb4_unicode_ci NOT NULL COMMENT '反馈类型名称',
  `create_time` datetime NOT NULL COMMENT '创建时间',
  `update_time` datetime NOT NULL COMMENT '更新时间',
  PRIMARY KEY (`uuid`) USING BTREE
) ENGINE = InnoDB CHARACTER SET = utf8mb4 COLLATE = utf8mb4_unicode_ci COMMENT = '反馈记录类型' ROW_FORMAT = DYNAMIC;

-- ----------------------------
-- Records of feedback_record_type
-- ----------------------------
INSERT INTO `feedback_record_type` VALUES ('1ed440e117054fc588c319a796ace395', '功能缺陷', '2023-03-05 10:34:08', '2023-03-05 10:34:08');

-- ----------------------------
-- Table structure for headline_news
-- ----------------------------
DROP TABLE IF EXISTS `headline_news`;
CREATE TABLE `headline_news`  (
  `uuid` varchar(36) CHARACTER SET utf8mb4 COLLATE utf8mb4_unicode_ci NOT NULL COMMENT 'uuid',
  `title` text CHARACTER SET utf8mb4 COLLATE utf8mb4_unicode_ci NOT NULL COMMENT '新闻标题',
  `description` text CHARACTER SET utf8mb4 COLLATE utf8mb4_unicode_ci NOT NULL COMMENT '新闻描述',
  `cover_image` text CHARACTER SET utf8mb4 COLLATE utf8mb4_unicode_ci NULL COMMENT '封面图片',
  `source` varchar(64) CHARACTER SET utf8mb4 COLLATE utf8mb4_unicode_ci NOT NULL COMMENT '新闻来源',
  `url` varchar(512) CHARACTER SET utf8mb4 COLLATE utf8mb4_unicode_ci NOT NULL COMMENT '新闻地址',
  `publish_date` datetime NOT NULL COMMENT '发布日期',
  `create_time` datetime NOT NULL COMMENT '创建时间',
  `update_time` datetime NOT NULL COMMENT '更新时间',
  `type` tinyint(1) NOT NULL DEFAULT 2 COMMENT '新闻类型 1表示本地新闻 2表示其他新闻',
  `location` varchar(16) CHARACTER SET utf8mb4 COLLATE utf8mb4_unicode_ci NULL DEFAULT NULL COMMENT '头条新闻所属地',
  PRIMARY KEY (`uuid`) USING BTREE
) ENGINE = InnoDB CHARACTER SET = utf8mb4 COLLATE = utf8mb4_unicode_ci COMMENT = '头条新闻' ROW_FORMAT = DYNAMIC;

-- ----------------------------
-- Records of headline_news
-- ----------------------------
INSERT INTO `headline_news` VALUES ('00094d0d2eb84956aafcb60c120347b8', '孟晚舟当值董事长首秀', '', 'https://fyb-1.cdn.bcebos.com/fyb/de6163834f53ca92c1273fff98ac9078.jpeg', '百度', 'https://www.baidu.com/s?wd=%E5%AD%9F%E6%99%9A%E8%88%9F%E5%BD%93%E5%80%BC%E8%91%A3%E4%BA%8B%E9%95%BF%E9%A6%96%E7%A7%80&sa=fyb_news&rsv_dl=fyb_news', '2023-04-20 07:39:04', '2023-04-20 07:39:04', '2023-04-20 07:39:04', 2, NULL);
INSERT INTO `headline_news` VALUES ('004a9475c03e4aff8b745c826a4971a8', '委员建议在小学高年级开设历史课', '全国政协十四届一次会议3月4日开幕，全国政协委员刘显忠建议，在小学高年级开设独立的历史课程，开阔学生的视野，从小培养历史思维。', 'https://fyb-2.cdn.bcebos.com/hotboard_image/0a6516153ccf52f9f3ad24036fe2fc8b', '百度', 'https://www.baidu.com/s?wd=%E5%A7%94%E5%91%98%E5%BB%BA%E8%AE%AE%E5%9C%A8%E5%B0%8F%E5%AD%A6%E9%AB%98%E5%B9%B4%E7%BA%A7%E5%BC%80%E8%AE%BE%E5%8E%86%E5%8F%B2%E8%AF%BE&sa=fyb_news&rsv_dl=fyb_news', '2023-03-05 11:59:01', '2023-03-05 11:59:01', '2023-03-05 11:59:01', 2, NULL);
INSERT INTO `headline_news` VALUES ('006d1f39a0c144918f0366d53e3b149c', '银保监会再谈提前还房贷难', '2月24日，银保监会再谈提前还房贷难：部分银行已制定服务方案，近期结办数量明显增长、办理时限有所缩短，提前还款困难的问题已逐步缓解。', 'https://fyb-2.cdn.bcebos.com/hotboard_image/de42dcbff220972bce4d6bc5a08047bc', '百度', 'https://www.baidu.com/s?wd=%E9%93%B6%E4%BF%9D%E7%9B%91%E4%BC%9A%E5%86%8D%E8%B0%88%E6%8F%90%E5%89%8D%E8%BF%98%E6%88%BF%E8%B4%B7%E9%9A%BE&sa=fyb_news&rsv_dl=fyb_news', '2023-02-24 16:47:01', '2023-02-24 16:47:01', '2023-02-24 16:47:01', 2, NULL);
INSERT INTO `headline_news` VALUES ('00ad2e0b07fa4bc1ab5301750dd7e2ca', '女孩应聘商务专员因身高177cm被拒', '近日，一女子应聘商务专员，因身高177cm被拒。当事人称，该岗位是有形象气质方面的要求，因太高了被拒绝。', 'https://fyb-2.cdn.bcebos.com/hotboard_image/bfbe2208c23f96f07a4a6193d7adb471', '百度', 'https://www.baidu.com/s?wd=%E5%A5%B3%E5%AD%A9%E5%BA%94%E8%81%98%E5%95%86%E5%8A%A1%E4%B8%93%E5%91%98%E5%9B%A0%E8%BA%AB%E9%AB%98177cm%E8%A2%AB%E6%8B%92&sa=fyb_news&rsv_dl=fyb_news', '2023-04-20 01:30:04', '2023-04-20 01:30:04', '2023-04-20 01:30:04', 2, NULL);
INSERT INTO `headline_news` VALUES ('00d349f412da4ee6ac58d801166abdd4', '2023年GDP目标为增长5％左右', '', 'https://fyb-1.cdn.bcebos.com/fyb/de6163834f53ca92c1273fff98ac9078.jpeg', '百度', 'https://www.baidu.com/s?wd=2023%E5%B9%B4GDP%E7%9B%AE%E6%A0%87%E4%B8%BA%E5%A2%9E%E9%95%BF5%EF%BC%85%E5%B7%A6%E5%8F%B3&sa=fyb_news&rsv_dl=fyb_news', '2023-03-05 09:59:01', '2023-03-05 09:59:01', '2023-03-05 09:59:01', 2, NULL);
INSERT INTO `headline_news` VALUES ('00e1781e26594511af89038669c8efb5', '专家谈多地出现部分公交停运', '', 'https://fyb-1.cdn.bcebos.com/fyb/de6163834f53ca92c1273fff98ac9078.jpeg', '百度', 'https://www.baidu.com/s?wd=%E4%B8%93%E5%AE%B6%E8%B0%88%E5%A4%9A%E5%9C%B0%E5%87%BA%E7%8E%B0%E9%83%A8%E5%88%86%E5%85%AC%E4%BA%A4%E5%81%9C%E8%BF%90&sa=fyb_news&rsv_dl=fyb_news', '2023-02-23 14:32:01', '2023-02-23 14:32:01', '2023-02-23 14:32:01', 2, NULL);
INSERT INTO `headline_news` VALUES ('00ea8da88da7451192178432b9d711e6', '苹果高管秘密会议观看MR头显演示', '', 'https://fyb-1.cdn.bcebos.com/fyb/de6163834f53ca92c1273fff98ac9078.jpeg', '百度', 'https://www.baidu.com/s?wd=%E8%8B%B9%E6%9E%9C%E9%AB%98%E7%AE%A1%E7%A7%98%E5%AF%86%E4%BC%9A%E8%AE%AE%E8%A7%82%E7%9C%8BMR%E5%A4%B4%E6%98%BE%E6%BC%94%E7%A4%BA&sa=fyb_news&rsv_dl=fyb_news', '2023-03-27 10:39:01', '2023-03-27 10:39:01', '2023-03-27 10:39:01', 2, NULL);
INSERT INTO `headline_news` VALUES ('011c35448fa943f1ba5985d528746902', '济南动物园小黑猩猩柒仔去世', '', 'https://fyb-1.cdn.bcebos.com/fyb/de6163834f53ca92c1273fff98ac9078.jpeg', '百度', 'https://www.baidu.com/s?wd=%E6%B5%8E%E5%8D%97%E5%8A%A8%E7%89%A9%E5%9B%AD%E5%B0%8F%E9%BB%91%E7%8C%A9%E7%8C%A9%E6%9F%92%E4%BB%94%E5%8E%BB%E4%B8%96&sa=fyb_news&rsv_dl=fyb_news', '2023-03-05 10:29:01', '2023-03-05 10:29:01', '2023-03-05 10:29:01', 2, NULL);
INSERT INTO `headline_news` VALUES ('01503def2715448d98b8f24467296387', '老外是员工有无证据？宝马：会反馈', '近日，宝马MINI冰淇淋事件引发广泛关注。有网友针对宝马称拿到了冰淇淋的两个老外是工作人员一事提出质疑，对此，宝马中国客服称“会反馈”。', 'https://fyb-2.cdn.bcebos.com/hotboard_image/4d859d8b96976ecb58a5a67ede14ef44', '百度', 'https://www.baidu.com/s?wd=%E8%80%81%E5%A4%96%E6%98%AF%E5%91%98%E5%B7%A5%E6%9C%89%E6%97%A0%E8%AF%81%E6%8D%AE%EF%BC%9F%E5%AE%9D%E9%A9%AC%EF%BC%9A%E4%BC%9A%E5%8F%8D%E9%A6%88&sa=fyb_news&rsv_dl=fyb_news', '2023-04-21 16:34:02', '2023-04-21 16:34:02', '2023-04-21 16:34:02', 2, NULL);
INSERT INTO `headline_news` VALUES ('02036fe823b540d9b56fa107826b7430', '“我们在熊猫故乡等大家”', '7月28日，一场青春飞扬、激情四射的体育盛宴——第31届世界大学生夏季运动会将在四川省成都市开幕。“我们在熊猫故乡等大家”！', 'https://fyb-2.cdn.bcebos.com/hotboard_image/0620e2b57a88147f78c7cd225e7721c3', '百度', 'https://www.baidu.com/s?wd=%E2%80%9C%E6%88%91%E4%BB%AC%E5%9C%A8%E7%86%8A%E7%8C%AB%E6%95%85%E4%B9%A1%E7%AD%89%E5%A4%A7%E5%AE%B6%E2%80%9D&sa=fyb_news&rsv_dl=fyb_news', '2023-04-20 22:55:11', '2023-04-20 22:55:11', '2023-04-20 22:55:11', 2, NULL);
INSERT INTO `headline_news` VALUES ('028975279b1c43a0b77fffdb7c5bac74', '全国各地古镇相似度高达99%？', '不知何时起，古镇渐渐“长得”越来越像，相似性渐渐地取代了每个古镇的独特性，全国各地古镇的“查重率”甚至高达99%。', 'https://fyb-2.cdn.bcebos.com/hotboard_image/2652e31e7ebe8af9d940469e963d8583', '百度', 'https://www.baidu.com/s?wd=%E5%85%A8%E5%9B%BD%E5%90%84%E5%9C%B0%E5%8F%A4%E9%95%87%E7%9B%B8%E4%BC%BC%E5%BA%A6%E9%AB%98%E8%BE%BE99%25%EF%BC%9F&sa=fyb_news&rsv_dl=fyb_news', '2023-03-26 10:30:01', '2023-03-26 10:30:01', '2023-03-26 10:30:01', 2, NULL);
INSERT INTO `headline_news` VALUES ('02fc9578488a48f9b5865a62a7c951f9', '杜小华发现疑似失踪儿子线索', '', 'https://fyb-1.cdn.bcebos.com/fyb/de6163834f53ca92c1273fff98ac9078.jpeg', '百度', 'https://www.baidu.com/s?wd=%E6%9D%9C%E5%B0%8F%E5%8D%8E%E5%8F%91%E7%8E%B0%E7%96%91%E4%BC%BC%E5%A4%B1%E8%B8%AA%E5%84%BF%E5%AD%90%E7%BA%BF%E7%B4%A2&sa=fyb_news&rsv_dl=fyb_news', '2023-04-20 00:59:05', '2023-04-20 00:59:05', '2023-04-20 00:59:05', 2, NULL);
INSERT INTO `headline_news` VALUES ('030094cd31554077ab2a2ed68b491a02', '内蒙古煤矿坍塌已救出12人 6人生还', '2月22日，内蒙古阿拉善盟阿拉善左旗新井煤业有限公司一露天煤矿发生大面积坍塌。截至目前，已经救出12人，其中6人生还，6人死亡，47人失联。', 'https://fyb-2.cdn.bcebos.com/hotboard_image/4dd164e3de05b964af227459fca6ee87', '百度', 'https://www.baidu.com/s?wd=%E5%86%85%E8%92%99%E5%8F%A4%E7%85%A4%E7%9F%BF%E5%9D%8D%E5%A1%8C%E5%B7%B2%E6%95%91%E5%87%BA12%E4%BA%BA+6%E4%BA%BA%E7%94%9F%E8%BF%98&sa=fyb_news&rsv_dl=fyb_news', '2023-02-24 16:44:01', '2023-02-24 16:44:01', '2023-02-24 16:44:01', 2, NULL);
INSERT INTO `headline_news` VALUES ('03408aa0fcd540f181364e14b3d38d84', '湖人球迷和灰熊球迷爆发冲突', '', 'https://fyb-1.cdn.bcebos.com/fyb/de6163834f53ca92c1273fff98ac9078.jpeg', '百度', 'https://www.baidu.com/s?wd=%E6%B9%96%E4%BA%BA%E7%90%83%E8%BF%B7%E5%92%8C%E7%81%B0%E7%86%8A%E7%90%83%E8%BF%B7%E7%88%86%E5%8F%91%E5%86%B2%E7%AA%81&sa=fyb_news&rsv_dl=fyb_news', '2023-04-23 13:21:01', '2023-04-23 13:21:01', '2023-04-23 13:21:01', 2, NULL);
INSERT INTO `headline_news` VALUES ('0359ad46598c47efa13df6e3ac095832', '黄晓明台上讲话杨颖台下聊天', '', 'https://fyb-1.cdn.bcebos.com/fyb/de6163834f53ca92c1273fff98ac9078.jpeg', '百度', 'https://www.baidu.com/s?wd=%E9%BB%84%E6%99%93%E6%98%8E%E5%8F%B0%E4%B8%8A%E8%AE%B2%E8%AF%9D%E6%9D%A8%E9%A2%96%E5%8F%B0%E4%B8%8B%E8%81%8A%E5%A4%A9&sa=fyb_news&rsv_dl=fyb_news', '2023-03-26 19:22:00', '2023-03-26 19:22:00', '2023-03-26 19:22:00', 2, NULL);
INSERT INTO `headline_news` VALUES ('035b39556a1746949b5a6b9dc1614368', '警方通报网传水果摊主强买强卖', '', 'https://fyb-1.cdn.bcebos.com/fyb/de6163834f53ca92c1273fff98ac9078.jpeg', '百度', 'https://www.baidu.com/s?wd=%E8%AD%A6%E6%96%B9%E9%80%9A%E6%8A%A5%E7%BD%91%E4%BC%A0%E6%B0%B4%E6%9E%9C%E6%91%8A%E4%B8%BB%E5%BC%BA%E4%B9%B0%E5%BC%BA%E5%8D%96&sa=fyb_news&rsv_dl=fyb_news', '2023-04-22 15:31:53', '2023-04-22 15:31:53', '2023-04-22 15:31:53', 2, NULL);
INSERT INTO `headline_news` VALUES ('036c07c27f924cc3b20c07bf38257e2a', '韩国熊猫爷爷用中文介绍福宝一家', '3月3日，被称为“熊猫爷爷”的饲养员姜哲远用中文介绍福宝一家：“福宝”的食量比父母还要大，正在健康成长。并对关心爱宝一家的中国朋友表示感谢。', 'https://fyb-2.cdn.bcebos.com/hotboard_image/85772e894c4d8b3c07541a78c947cb75', '百度', 'https://www.baidu.com/s?wd=%E9%9F%A9%E5%9B%BD%E7%86%8A%E7%8C%AB%E7%88%B7%E7%88%B7%E7%94%A8%E4%B8%AD%E6%96%87%E4%BB%8B%E7%BB%8D%E7%A6%8F%E5%AE%9D%E4%B8%80%E5%AE%B6&sa=fyb_news&rsv_dl=fyb_news', '2023-03-04 22:14:01', '2023-03-04 22:14:01', '2023-03-04 22:14:01', 2, NULL);
INSERT INTO `headline_news` VALUES ('038f1fe2d9ad4a59b33498f6606a3b51', '一厅长被查 禽流感时1顿炒30只鸡吃', '', 'https://fyb-1.cdn.bcebos.com/fyb/de6163834f53ca92c1273fff98ac9078.jpeg', '百度', 'https://www.baidu.com/s?wd=%E4%B8%80%E5%8E%85%E9%95%BF%E8%A2%AB%E6%9F%A5+%E7%A6%BD%E6%B5%81%E6%84%9F%E6%97%B61%E9%A1%BF%E7%82%9230%E5%8F%AA%E9%B8%A1%E5%90%83&sa=fyb_news&rsv_dl=fyb_news', '2023-03-26 12:52:00', '2023-03-26 12:52:00', '2023-03-26 12:52:00', 2, NULL);
INSERT INTO `headline_news` VALUES ('0396c469b96d47ba83204a24c926823e', '妈妈为催婚给儿子床头摆稻草人', '近日，山西运城一妈妈为催婚给25岁儿子床头摆了一个稻草人。当事人李先生称进门时被吓了一跳，因说不过妈妈，目前暂时住在外面。', 'https://fyb-2.cdn.bcebos.com/hotboard_image/c09a49f2b5b92158cec634fcde9e73fc', '百度', 'https://www.baidu.com/s?wd=%E5%A6%88%E5%A6%88%E4%B8%BA%E5%82%AC%E5%A9%9A%E7%BB%99%E5%84%BF%E5%AD%90%E5%BA%8A%E5%A4%B4%E6%91%86%E7%A8%BB%E8%8D%89%E4%BA%BA&sa=fyb_news&rsv_dl=fyb_news', '2023-04-21 16:39:02', '2023-04-21 16:39:02', '2023-04-21 16:39:02', 2, NULL);
INSERT INTO `headline_news` VALUES ('03b9f7ecfcd7426eb67e8b8f4ce9e620', '不发货不退款，消费者追债国美', '', 'https://fyb-1.cdn.bcebos.com/fyb/de6163834f53ca92c1273fff98ac9078.jpeg', '百度', 'https://www.baidu.com/s?wd=%E4%B8%8D%E5%8F%91%E8%B4%A7%E4%B8%8D%E9%80%80%E6%AC%BE%EF%BC%8C%E6%B6%88%E8%B4%B9%E8%80%85%E8%BF%BD%E5%80%BA%E5%9B%BD%E7%BE%8E&sa=fyb_news&rsv_dl=fyb_news', '2023-02-23 11:13:01', '2023-02-23 11:13:01', '2023-02-23 11:13:01', 2, NULL);
INSERT INTO `headline_news` VALUES ('040af23533a14809b49377b9d71e1109', '粉丝裹被子露宿街头等明星 警方提醒', '3月25日，微博之夜在上海举行，为见到自己的偶像，一些粉丝甚至从24日晚就在会场外露宿守候，警方提醒，切勿有占位圈地、阻碍道路通行等行为。', 'https://fyb-2.cdn.bcebos.com/hotboard_image/1e011772efed637529834a18ff142fa7', '百度', 'https://www.baidu.com/s?wd=%E7%B2%89%E4%B8%9D%E8%A3%B9%E8%A2%AB%E5%AD%90%E9%9C%B2%E5%AE%BF%E8%A1%97%E5%A4%B4%E7%AD%89%E6%98%8E%E6%98%9F+%E8%AD%A6%E6%96%B9%E6%8F%90%E9%86%92&sa=fyb_news&rsv_dl=fyb_news', '2023-03-26 19:29:01', '2023-03-26 19:29:01', '2023-03-26 19:29:01', 2, NULL);
INSERT INTO `headline_news` VALUES ('046ddba850e043ac99958267e0dc3fc6', '女子高铁霸座骂乘务员臭打工的', '', 'https://fyb-1.cdn.bcebos.com/fyb/de6163834f53ca92c1273fff98ac9078.jpeg', '百度', 'https://www.baidu.com/s?wd=%E5%A5%B3%E5%AD%90%E9%AB%98%E9%93%81%E9%9C%B8%E5%BA%A7%E9%AA%82%E4%B9%98%E5%8A%A1%E5%91%98%E8%87%AD%E6%89%93%E5%B7%A5%E7%9A%84&sa=fyb_news&rsv_dl=fyb_news', '2023-03-27 10:32:00', '2023-03-27 10:32:00', '2023-03-27 10:32:00', 2, NULL);
INSERT INTO `headline_news` VALUES ('047ed5ebdd624c53bbdfdad254fab406', '恋爱中的大学生抑郁得分最低', '', 'https://fyb-1.cdn.bcebos.com/fyb/de6163834f53ca92c1273fff98ac9078.jpeg', '百度', 'https://www.baidu.com/s?wd=%E6%81%8B%E7%88%B1%E4%B8%AD%E7%9A%84%E5%A4%A7%E5%AD%A6%E7%94%9F%E6%8A%91%E9%83%81%E5%BE%97%E5%88%86%E6%9C%80%E4%BD%8E&sa=fyb_news&rsv_dl=fyb_news', '2023-03-27 15:42:01', '2023-03-27 15:42:01', '2023-03-27 15:42:01', 2, NULL);
INSERT INTO `headline_news` VALUES ('05716b8b4c524d5e9eaf33d1f607aef4', '暗访广州电竞酒店', '', 'https://fyb-1.cdn.bcebos.com/fyb/de6163834f53ca92c1273fff98ac9078.jpeg', '百度', 'https://www.baidu.com/s?wd=%E6%9A%97%E8%AE%BF%E5%B9%BF%E5%B7%9E%E7%94%B5%E7%AB%9E%E9%85%92%E5%BA%97&sa=fyb_news&rsv_dl=fyb_news', '2023-03-27 10:39:01', '2023-03-27 10:39:01', '2023-03-27 10:39:01', 2, NULL);
INSERT INTO `headline_news` VALUES ('0572144a9aa94515b2cbdc9b264e8b8b', '男子淄博烧烤摊醉酒闹事被秒带走', '近日，山东淄博烧烤摊男子醉酒闹事，民警迅速出警赶至现场将闹事男子带走，网友称：我在现场，不到20秒。', 'https://fyb-2.cdn.bcebos.com/hotboard_image/285bb130d3cf8877d7df1c16e3f9df08', '百度', 'https://www.baidu.com/s?wd=%E7%94%B7%E5%AD%90%E6%B7%84%E5%8D%9A%E7%83%A7%E7%83%A4%E6%91%8A%E9%86%89%E9%85%92%E9%97%B9%E4%BA%8B%E8%A2%AB%E7%A7%92%E5%B8%A6%E8%B5%B0&sa=fyb_news&rsv_dl=fyb_news', '2023-04-20 04:59:02', '2023-04-20 04:59:02', '2023-04-20 04:59:02', 2, NULL);
INSERT INTO `headline_news` VALUES ('057c3f7c5f884542868ce32f2e285cfe', '入职前一天被HR提醒骗子公司别来', '', 'https://fyb-1.cdn.bcebos.com/fyb/de6163834f53ca92c1273fff98ac9078.jpeg', '百度', 'https://www.baidu.com/s?wd=%E5%85%A5%E8%81%8C%E5%89%8D%E4%B8%80%E5%A4%A9%E8%A2%ABHR%E6%8F%90%E9%86%92%E9%AA%97%E5%AD%90%E5%85%AC%E5%8F%B8%E5%88%AB%E6%9D%A5&sa=fyb_news&rsv_dl=fyb_news', '2023-04-22 09:43:05', '2023-04-22 09:43:05', '2023-04-22 09:43:05', 2, NULL);
INSERT INTO `headline_news` VALUES ('05bfb9b0f11e4bd089b48c157e2f20fa', '男孩用手电照商铺玻璃下一秒碎裂', '', 'https://fyb-1.cdn.bcebos.com/fyb/de6163834f53ca92c1273fff98ac9078.jpeg', '百度', 'https://www.baidu.com/s?wd=%E7%94%B7%E5%AD%A9%E7%94%A8%E6%89%8B%E7%94%B5%E7%85%A7%E5%95%86%E9%93%BA%E7%8E%BB%E7%92%83%E4%B8%8B%E4%B8%80%E7%A7%92%E7%A2%8E%E8%A3%82&sa=fyb_news&rsv_dl=fyb_news', '2023-04-20 13:18:19', '2023-04-20 13:18:19', '2023-04-20 13:18:19', 2, NULL);
INSERT INTO `headline_news` VALUES ('05feb4c0889a4229a29abc5c9fd725da', '江西一县长涉嫌侵犯女干部 已被停职', '江西省赣州市安远县县长李秋平，日前因涉嫌侵犯一位中央国家机关在安远县挂职锻炼的女干部，已被停职。', 'https://fyb-2.cdn.bcebos.com/hotboard_image/c109b68f2ebe394be0531079ad23c7ef', '百度', 'https://www.baidu.com/s?wd=%E6%B1%9F%E8%A5%BF%E4%B8%80%E5%8E%BF%E9%95%BF%E6%B6%89%E5%AB%8C%E4%BE%B5%E7%8A%AF%E5%A5%B3%E5%B9%B2%E9%83%A8+%E5%B7%B2%E8%A2%AB%E5%81%9C%E8%81%8C&sa=fyb_news&rsv_dl=fyb_news', '2023-02-24 13:11:01', '2023-02-24 13:11:01', '2023-02-24 13:11:01', 2, NULL);
INSERT INTO `headline_news` VALUES ('063cc6a3a4af404c95649ca3ccfac602', '“春捂”到底应该捂哪儿？', '俗话说“春捂秋冻”，“春捂”到底该捂哪儿？“捂”到什么时候？专家介绍，当气温连续几天保持在15℃以上时就不需要“捂”了。', 'https://fyb-2.cdn.bcebos.com/hotboard_image/e41c61c8abc6cc813bb491411776f1c1', '百度', 'https://www.baidu.com/s?wd=%E2%80%9C%E6%98%A5%E6%8D%82%E2%80%9D%E5%88%B0%E5%BA%95%E5%BA%94%E8%AF%A5%E6%8D%82%E5%93%AA%E5%84%BF%EF%BC%9F&sa=fyb_news&rsv_dl=fyb_news', '2023-02-25 13:23:01', '2023-02-25 13:23:01', '2023-02-25 13:23:01', 2, NULL);
INSERT INTO `headline_news` VALUES ('065fb54f6b484fe8b7cfcc67d2b221cb', '95后考研落榜父母上岸疑为营销旧文', '3月3日，“95后考研落榜结果父母双双上岸”被网友刷屏。经查，一年前已有高度相似营销文，目前发帖者已删帖清号。', 'https://fyb-2.cdn.bcebos.com/hotboard_image/67754eb90d7150145e9ecf86a14e1244', '百度', 'https://www.baidu.com/s?wd=95%E5%90%8E%E8%80%83%E7%A0%94%E8%90%BD%E6%A6%9C%E7%88%B6%E6%AF%8D%E4%B8%8A%E5%B2%B8%E7%96%91%E4%B8%BA%E8%90%A5%E9%94%80%E6%97%A7%E6%96%87&sa=fyb_news&rsv_dl=fyb_news', '2023-03-05 16:09:01', '2023-03-05 16:09:01', '2023-03-05 16:09:01', 2, NULL);
INSERT INTO `headline_news` VALUES ('068ecff6934141bc897ea9204f001bf0', '老人去世后现身 亲属曾认尸没敢靠近', '重庆忠县一老人被认定死亡9年后“死而复生”，引发关注。老人亲属称，当年被告知老人尸体可能被找到，亲属们辨认时不敢靠近，看着像就当成了老人。', 'https://fyb-2.cdn.bcebos.com/hotboard_image/68a2c114800e4ed7036bb292aeefa3ef', '百度', 'https://www.baidu.com/s?wd=%E8%80%81%E4%BA%BA%E5%8E%BB%E4%B8%96%E5%90%8E%E7%8E%B0%E8%BA%AB+%E4%BA%B2%E5%B1%9E%E6%9B%BE%E8%AE%A4%E5%B0%B8%E6%B2%A1%E6%95%A2%E9%9D%A0%E8%BF%91&sa=fyb_news&rsv_dl=fyb_news', '2023-02-23 11:13:01', '2023-02-23 11:13:01', '2023-02-23 11:13:01', 2, NULL);
INSERT INTO `headline_news` VALUES ('06a7a447774440c18bc1ab862f8afb81', '赌徒把便衣当同伙主动搭车', '', 'https://fyb-1.cdn.bcebos.com/fyb/de6163834f53ca92c1273fff98ac9078.jpeg', '百度', 'https://www.baidu.com/s?wd=%E8%B5%8C%E5%BE%92%E6%8A%8A%E4%BE%BF%E8%A1%A3%E5%BD%93%E5%90%8C%E4%BC%99%E4%B8%BB%E5%8A%A8%E6%90%AD%E8%BD%A6&sa=fyb_news&rsv_dl=fyb_news', '2023-02-24 13:29:01', '2023-02-24 13:29:01', '2023-02-24 13:29:01', 2, NULL);
INSERT INTO `headline_news` VALUES ('06ba8bcde7c44568b06ea25dc1b7f5f9', '男子闪灯提醒前车 被车主别一路', '近日，福建的张先生因为两次闪灯提醒前车，被前车车主别了一路。最终，张先生甩掉对方后选择了停车报警。', 'https://fyb-2.cdn.bcebos.com/hotboard_image/dcca6d033b28f74dc9995d3c530671fe', '百度', 'https://www.baidu.com/s?wd=%E7%94%B7%E5%AD%90%E9%97%AA%E7%81%AF%E6%8F%90%E9%86%92%E5%89%8D%E8%BD%A6+%E8%A2%AB%E8%BD%A6%E4%B8%BB%E5%88%AB%E4%B8%80%E8%B7%AF&sa=fyb_news&rsv_dl=fyb_news', '2023-02-23 14:14:01', '2023-02-23 14:14:01', '2023-02-23 14:14:01', 2, NULL);
INSERT INTO `headline_news` VALUES ('0714fbcc59774c348443a31e6019d781', '深圳一外卖小哥疑送餐时猝死', '', 'https://fyb-1.cdn.bcebos.com/fyb/de6163834f53ca92c1273fff98ac9078.jpeg', '百度', 'https://www.baidu.com/s?wd=%E6%B7%B1%E5%9C%B3%E4%B8%80%E5%A4%96%E5%8D%96%E5%B0%8F%E5%93%A5%E7%96%91%E9%80%81%E9%A4%90%E6%97%B6%E7%8C%9D%E6%AD%BB&sa=fyb_news&rsv_dl=fyb_news', '2023-02-24 13:11:01', '2023-02-24 13:11:01', '2023-02-24 13:11:01', 2, NULL);
INSERT INTO `headline_news` VALUES ('0740b14be79f46a28b8d9556b08c7bed', '我国外贸韧性不断增强', '今年以来，面对欧美市场外需减弱、国际竞争加剧等挑战，外贸企业积极应对，想办法稳住订单，同时拓展新市场，中国外贸韧性正在不断增强。', 'https://fyb-2.cdn.bcebos.com/hotboard_image/60a4d020e90344d0e273d622358ecfd4', '百度', 'https://www.baidu.com/s?wd=%E6%88%91%E5%9B%BD%E5%A4%96%E8%B4%B8%E9%9F%A7%E6%80%A7%E4%B8%8D%E6%96%AD%E5%A2%9E%E5%BC%BA&sa=fyb_news&rsv_dl=fyb_news', '2023-03-26 22:48:00', '2023-03-26 22:48:00', '2023-03-26 22:48:00', 2, NULL);
INSERT INTO `headline_news` VALUES ('077c16052356443ca921726d25e129fd', '韩总统发涉台错误言论 中方严正交涉', '', 'https://fyb-1.cdn.bcebos.com/fyb/de6163834f53ca92c1273fff98ac9078.jpeg', '百度', 'https://www.baidu.com/s?wd=%E9%9F%A9%E6%80%BB%E7%BB%9F%E5%8F%91%E6%B6%89%E5%8F%B0%E9%94%99%E8%AF%AF%E8%A8%80%E8%AE%BA+%E4%B8%AD%E6%96%B9%E4%B8%A5%E6%AD%A3%E4%BA%A4%E6%B6%89&sa=fyb_news&rsv_dl=fyb_news', '2023-04-23 08:06:11', '2023-04-23 08:06:11', '2023-04-23 08:06:11', 2, NULL);
INSERT INTO `headline_news` VALUES ('07893e437eae41298a46f5121418e654', '王毅谈乌克兰危机:不能无限期拖下去', '2月22日，中共中央政治局委员王毅在出席第59届慕尼黑安全会议后，接受了中央媒体的采访时表示：乌克兰危机不能无限期拖下去。', 'https://fyb-2.cdn.bcebos.com/hotboard_image/0797c91a021cad0335936cde651dc2b8', '百度', 'https://www.baidu.com/s?wd=%E7%8E%8B%E6%AF%85%E8%B0%88%E4%B9%8C%E5%85%8B%E5%85%B0%E5%8D%B1%E6%9C%BA%3A%E4%B8%8D%E8%83%BD%E6%97%A0%E9%99%90%E6%9C%9F%E6%8B%96%E4%B8%8B%E5%8E%BB&sa=fyb_news&rsv_dl=fyb_news', '2023-02-24 13:49:01', '2023-02-24 13:49:01', '2023-02-24 13:49:01', 2, NULL);
INSERT INTO `headline_news` VALUES ('07b17f280d4849f3a657241709b4a1b8', '15岁女生被西安交大少年班录取', '', 'https://fyb-1.cdn.bcebos.com/fyb/de6163834f53ca92c1273fff98ac9078.jpeg', '百度', 'https://www.baidu.com/s?wd=15%E5%B2%81%E5%A5%B3%E7%94%9F%E8%A2%AB%E8%A5%BF%E5%AE%89%E4%BA%A4%E5%A4%A7%E5%B0%91%E5%B9%B4%E7%8F%AD%E5%BD%95%E5%8F%96&sa=fyb_news&rsv_dl=fyb_news', '2023-03-04 21:54:01', '2023-03-04 21:54:01', '2023-03-04 21:54:01', 2, NULL);
INSERT INTO `headline_news` VALUES ('080ea1d5181e41a48db3eacc2f82a2cc', '金价狂飙 现在是入手“黄金期”吗', '自银行业风波以来，黄金价格一路攀升，汇丰集团分析，这种偏离常规的情况可能会持续几天或者几个月，最终两者的反向关系会被重新建立。', 'https://fyb-2.cdn.bcebos.com/hotboard_image/a0bc823515613fa5b47443b6295274c3', '百度', 'https://www.baidu.com/s?wd=%E9%87%91%E4%BB%B7%E7%8B%82%E9%A3%99+%E7%8E%B0%E5%9C%A8%E6%98%AF%E5%85%A5%E6%89%8B%E2%80%9C%E9%BB%84%E9%87%91%E6%9C%9F%E2%80%9D%E5%90%97&sa=fyb_news&rsv_dl=fyb_news', '2023-03-26 21:43:01', '2023-03-26 21:43:01', '2023-03-26 21:43:01', 2, NULL);
INSERT INTO `headline_news` VALUES ('08587a6f7a1b4c7b8c0859ecc0601a2d', '保姆多次猥亵男婴被判刑5年', '', 'https://fyb-1.cdn.bcebos.com/fyb/de6163834f53ca92c1273fff98ac9078.jpeg', '百度', 'https://www.baidu.com/s?wd=%E4%BF%9D%E5%A7%86%E5%A4%9A%E6%AC%A1%E7%8C%A5%E4%BA%B5%E7%94%B7%E5%A9%B4%E8%A2%AB%E5%88%A4%E5%88%915%E5%B9%B4&sa=fyb_news&rsv_dl=fyb_news', '2023-02-23 11:13:01', '2023-02-23 11:13:01', '2023-02-23 11:13:01', 2, NULL);
INSERT INTO `headline_news` VALUES ('0862516ad02944c5a16913b791461182', '今年深圳首份“蚊子地图”出炉', '', 'https://fyb-1.cdn.bcebos.com/fyb/de6163834f53ca92c1273fff98ac9078.jpeg', '百度', 'https://www.baidu.com/s?wd=%E4%BB%8A%E5%B9%B4%E6%B7%B1%E5%9C%B3%E9%A6%96%E4%BB%BD%E2%80%9C%E8%9A%8A%E5%AD%90%E5%9C%B0%E5%9B%BE%E2%80%9D%E5%87%BA%E7%82%89&sa=fyb_news&rsv_dl=fyb_news', '2023-04-23 10:27:04', '2023-04-23 10:27:04', '2023-04-23 10:27:04', 2, NULL);
INSERT INTO `headline_news` VALUES ('08abda48ba0446f099d273b241267691', '外卖员身绑树枝挂吊瓶送外卖', '', 'https://fyb-1.cdn.bcebos.com/fyb/de6163834f53ca92c1273fff98ac9078.jpeg', '百度', 'https://www.baidu.com/s?wd=%E5%A4%96%E5%8D%96%E5%91%98%E8%BA%AB%E7%BB%91%E6%A0%91%E6%9E%9D%E6%8C%82%E5%90%8A%E7%93%B6%E9%80%81%E5%A4%96%E5%8D%96&sa=fyb_news&rsv_dl=fyb_news', '2023-04-20 00:59:06', '2023-04-20 00:59:06', '2023-04-20 00:59:06', 2, NULL);
INSERT INTO `headline_news` VALUES ('08b95261b40347a88ab4e074aa76d1d1', '萌娃觉得自己掌握了英语的窍门', '近日，河南一位刚学英语的萌娃信心满满，觉得自己掌握了英语的“窍门”。网友笑称：会英语的不会英语的都沉默了。', 'https://fyb-2.cdn.bcebos.com/hotboard_image/310d2516884242d6c288d00b858e6aa5', '百度', 'https://www.baidu.com/s?wd=%E8%90%8C%E5%A8%83%E8%A7%89%E5%BE%97%E8%87%AA%E5%B7%B1%E6%8E%8C%E6%8F%A1%E4%BA%86%E8%8B%B1%E8%AF%AD%E7%9A%84%E7%AA%8D%E9%97%A8&sa=fyb_news&rsv_dl=fyb_news', '2023-02-25 13:23:01', '2023-02-25 13:23:01', '2023-02-25 13:23:01', 2, NULL);
INSERT INTO `headline_news` VALUES ('090b07c5bd444e6b8d25252dad62fd8b', '新冠新毒株或致红眼病 该囤眼药水吗', '近日，新冠变种病毒XBB.1.16在多国肆虐，感染者可能伴随结膜炎症状，是不是人们又要囤积眼药水了？专家分析称，过度囤积眼药水没有必要。', 'https://fyb-2.cdn.bcebos.com/hotboard_image/12e716129d88e5a005d200af80b67b22', '百度', 'https://www.baidu.com/s?wd=%E6%96%B0%E5%86%A0%E6%96%B0%E6%AF%92%E6%A0%AA%E6%88%96%E8%87%B4%E7%BA%A2%E7%9C%BC%E7%97%85+%E8%AF%A5%E5%9B%A4%E7%9C%BC%E8%8D%AF%E6%B0%B4%E5%90%97&sa=fyb_news&rsv_dl=fyb_news', '2023-04-20 04:14:07', '2023-04-20 04:14:07', '2023-04-20 04:14:07', 2, NULL);
INSERT INTO `headline_news` VALUES ('09393e6811ab434eafff4bf6a1e19ed6', '美司法部向特朗普女儿女婿发传票', '', 'https://fyb-1.cdn.bcebos.com/fyb/de6163834f53ca92c1273fff98ac9078.jpeg', '百度', 'https://www.baidu.com/s?wd=%E7%BE%8E%E5%8F%B8%E6%B3%95%E9%83%A8%E5%90%91%E7%89%B9%E6%9C%97%E6%99%AE%E5%A5%B3%E5%84%BF%E5%A5%B3%E5%A9%BF%E5%8F%91%E4%BC%A0%E7%A5%A8&sa=fyb_news&rsv_dl=fyb_news', '2023-02-23 11:58:01', '2023-02-23 11:58:01', '2023-02-23 11:58:01', 2, NULL);
INSERT INTO `headline_news` VALUES ('09398167dd274480bbb119eda5e2fc54', '肖战上意大利电视了', '', 'https://fyb-1.cdn.bcebos.com/fyb/de6163834f53ca92c1273fff98ac9078.jpeg', '百度', 'https://www.baidu.com/s?wd=%E8%82%96%E6%88%98%E4%B8%8A%E6%84%8F%E5%A4%A7%E5%88%A9%E7%94%B5%E8%A7%86%E4%BA%86&sa=fyb_news&rsv_dl=fyb_news', '2023-02-25 13:41:01', '2023-02-25 13:41:01', '2023-02-25 13:41:01', 2, NULL);
INSERT INTO `headline_news` VALUES ('0968b3ddf62c4077a0af09f763de4d6b', '女生吐槽高校澡堂收费850元50次', '', 'https://fyb-1.cdn.bcebos.com/fyb/de6163834f53ca92c1273fff98ac9078.jpeg', '百度', 'https://www.baidu.com/s?wd=%E5%A5%B3%E7%94%9F%E5%90%90%E6%A7%BD%E9%AB%98%E6%A0%A1%E6%BE%A1%E5%A0%82%E6%94%B6%E8%B4%B9850%E5%85%8350%E6%AC%A1&sa=fyb_news&rsv_dl=fyb_news', '2023-02-23 11:13:01', '2023-02-23 11:13:01', '2023-02-23 11:13:01', 2, NULL);
INSERT INTO `headline_news` VALUES ('0978b26203c84dedbd5eaacaad728ee9', '中方统计在苏丹中国公民撤离意愿', '目前，苏丹首都喀土穆多地持续交火，为做好在苏中国公民安全保护工作，中国驻苏丹大使馆发文统计在苏中国公民撤离意愿。', 'https://fyb-2.cdn.bcebos.com/hotboard_image/4dd164e3de05b964af227459fca6ee87', '百度', 'https://www.baidu.com/s?wd=%E4%B8%AD%E6%96%B9%E7%BB%9F%E8%AE%A1%E5%9C%A8%E8%8B%8F%E4%B8%B9%E4%B8%AD%E5%9B%BD%E5%85%AC%E6%B0%91%E6%92%A4%E7%A6%BB%E6%84%8F%E6%84%BF&sa=fyb_news&rsv_dl=fyb_news', '2023-04-23 00:54:03', '2023-04-23 00:54:03', '2023-04-23 00:54:03', 2, NULL);
INSERT INTO `headline_news` VALUES ('09a03ac03a854311a5cba613425f3453', '中方要求韩方在台湾问题上谨言慎行', '21日，汪文斌表示，针对韩方就台湾问题发表的错误言论，中方已向韩方提出严正交涉，要求韩方恪守中韩建交联合公报精神，在台湾问题上谨言慎行。', 'https://fyb-2.cdn.bcebos.com/hotboard_image/2d4d529d2f814c7f4f14195c5665d9f2', '百度', 'https://www.baidu.com/s?wd=%E4%B8%AD%E6%96%B9%E8%A6%81%E6%B1%82%E9%9F%A9%E6%96%B9%E5%9C%A8%E5%8F%B0%E6%B9%BE%E9%97%AE%E9%A2%98%E4%B8%8A%E8%B0%A8%E8%A8%80%E6%85%8E%E8%A1%8C&sa=fyb_news&rsv_dl=fyb_news', '2023-04-22 00:24:06', '2023-04-22 00:24:06', '2023-04-22 00:24:06', 2, NULL);
INSERT INTO `headline_news` VALUES ('09b9472eba8349c18315d33a6f232062', '张颂文朱一龙互让C位', '', 'https://fyb-1.cdn.bcebos.com/fyb/de6163834f53ca92c1273fff98ac9078.jpeg', '百度', 'https://www.baidu.com/s?wd=%E5%BC%A0%E9%A2%82%E6%96%87%E6%9C%B1%E4%B8%80%E9%BE%99%E4%BA%92%E8%AE%A9C%E4%BD%8D&sa=fyb_news&rsv_dl=fyb_news', '2023-04-22 11:19:18', '2023-04-22 11:19:18', '2023-04-22 11:19:18', 2, NULL);
INSERT INTO `headline_news` VALUES ('09cbe30139974ba8bc654e76cd21e296', '宝马MINI反问式道歉 能接受么？', '4月21日，宝马MINI称“事件当中的两位礼仪小姐姐也是刚刚踏入社会的年轻人，可不可以请大家给她们多点宽容和空间？”反问式道歉，你能接受么？', 'https://fyb-2.cdn.bcebos.com/hotboard_image/b804b7c9798e4baebcf22ac429aafd07', '百度', 'https://www.baidu.com/s?wd=%E5%AE%9D%E9%A9%ACMINI%E5%8F%8D%E9%97%AE%E5%BC%8F%E9%81%93%E6%AD%89+%E8%83%BD%E6%8E%A5%E5%8F%97%E4%B9%88%EF%BC%9F&sa=fyb_news&rsv_dl=fyb_news', '2023-04-21 11:27:06', '2023-04-21 11:27:06', '2023-04-21 11:27:06', 2, NULL);
INSERT INTO `headline_news` VALUES ('09fb3d147225437781eaa3e54cab798a', '185人烧秸秆被罚1.78亿？官方回应', '', 'https://fyb-1.cdn.bcebos.com/fyb/de6163834f53ca92c1273fff98ac9078.jpeg', '百度', 'https://www.baidu.com/s?wd=185%E4%BA%BA%E7%83%A7%E7%A7%B8%E7%A7%86%E8%A2%AB%E7%BD%9A1.78%E4%BA%BF%EF%BC%9F%E5%AE%98%E6%96%B9%E5%9B%9E%E5%BA%94&sa=fyb_news&rsv_dl=fyb_news', '2023-04-20 08:02:21', '2023-04-20 08:02:21', '2023-04-20 08:02:21', 2, NULL);
INSERT INTO `headline_news` VALUES ('0a102d3c6ea14049a18308f69ebdd8bc', '首轮关停潮已来 幼儿园一孩难求', '中国人口进入负增长时代，最先冲击的就是学前教育。伴随着的就是幼儿园的关停潮，从2022年开始，幼儿园就开始直面招生难，生源下滑的问题。', 'https://fyb-2.cdn.bcebos.com/hotboard_image/ac21e8bc844e8f4526f70c5050758539', '百度', 'https://www.baidu.com/s?wd=%E9%A6%96%E8%BD%AE%E5%85%B3%E5%81%9C%E6%BD%AE%E5%B7%B2%E6%9D%A5+%E5%B9%BC%E5%84%BF%E5%9B%AD%E4%B8%80%E5%AD%A9%E9%9A%BE%E6%B1%82&sa=fyb_news&rsv_dl=fyb_news', '2023-02-23 11:13:01', '2023-02-23 11:13:01', '2023-02-23 11:13:01', 2, NULL);
INSERT INTO `headline_news` VALUES ('0a80dad78939479f95da07a6ebca265d', '宝马MINI再道歉：“老外”是同事', '', 'https://fyb-1.cdn.bcebos.com/fyb/de6163834f53ca92c1273fff98ac9078.jpeg', '百度', 'https://www.baidu.com/s?wd=%E5%AE%9D%E9%A9%ACMINI%E5%86%8D%E9%81%93%E6%AD%89%EF%BC%9A%E2%80%9C%E8%80%81%E5%A4%96%E2%80%9D%E6%98%AF%E5%90%8C%E4%BA%8B&sa=fyb_news&rsv_dl=fyb_news', '2023-04-21 09:17:04', '2023-04-21 09:17:04', '2023-04-21 09:17:04', 2, NULL);
INSERT INTO `headline_news` VALUES ('0a82935f079c4e22a8658977b9034015', '台湾海峡南部4.7级地震 深圳有震感', '', 'https://fyb-1.cdn.bcebos.com/fyb/de6163834f53ca92c1273fff98ac9078.jpeg', '百度', 'https://www.baidu.com/s?wd=%E5%8F%B0%E6%B9%BE%E6%B5%B7%E5%B3%A1%E5%8D%97%E9%83%A84.7%E7%BA%A7%E5%9C%B0%E9%9C%87+%E6%B7%B1%E5%9C%B3%E6%9C%89%E9%9C%87%E6%84%9F&sa=fyb_news&rsv_dl=fyb_news', '2023-04-22 13:34:03', '2023-04-22 13:34:03', '2023-04-22 13:34:03', 2, NULL);
INSERT INTO `headline_news` VALUES ('0a86fc9e6e20485dae43c5533ebf4d80', '公安部首次迎来“70后”副部长', '3月26日，据公安部网站“机构设置”信息显示，徐大彤已任公安部党委委员、副部长。凌志峰已任公安部党委委员、政治部主任。', 'https://fyb-2.cdn.bcebos.com/hotboard_image/e9ccbf27f2012e805c0c31b897f9bd8e', '百度', 'https://www.baidu.com/s?wd=%E5%85%AC%E5%AE%89%E9%83%A8%E9%A6%96%E6%AC%A1%E8%BF%8E%E6%9D%A5%E2%80%9C70%E5%90%8E%E2%80%9D%E5%89%AF%E9%83%A8%E9%95%BF&sa=fyb_news&rsv_dl=fyb_news', '2023-03-27 10:14:01', '2023-03-27 10:14:01', '2023-03-27 10:14:01', 2, NULL);
INSERT INTO `headline_news` VALUES ('0a903c2cd98d489e99a987d3aa979eed', '长沙一大楼起火 多人爬窗逃生', '3月27日，长沙市芙蓉区一大楼起火，现场有多人翻窗户爬绳索逃生。消防人员回应：目前火已扑灭，事故未造成人员伤亡，具体情况可关注后续通报。', 'https://fyb-2.cdn.bcebos.com/hotboard_image/8ef83000f7bae2884fe01778dce3ba74', '百度', 'https://www.baidu.com/s?wd=%E9%95%BF%E6%B2%99%E4%B8%80%E5%A4%A7%E6%A5%BC%E8%B5%B7%E7%81%AB+%E5%A4%9A%E4%BA%BA%E7%88%AC%E7%AA%97%E9%80%83%E7%94%9F&sa=fyb_news&rsv_dl=fyb_news', '2023-03-27 15:42:01', '2023-03-27 15:42:01', '2023-03-27 15:42:01', 2, NULL);
INSERT INTO `headline_news` VALUES ('0ad336919cf442fdab2b1ccaf2b20a07', '3年来最盛大红毯中途叫停', '', 'https://fyb-1.cdn.bcebos.com/fyb/de6163834f53ca92c1273fff98ac9078.jpeg', '百度', 'https://www.baidu.com/s?wd=3%E5%B9%B4%E6%9D%A5%E6%9C%80%E7%9B%9B%E5%A4%A7%E7%BA%A2%E6%AF%AF%E4%B8%AD%E9%80%94%E5%8F%AB%E5%81%9C&sa=fyb_news&rsv_dl=fyb_news', '2023-03-26 10:30:01', '2023-03-26 10:30:01', '2023-03-26 10:30:01', 2, NULL);
INSERT INTO `headline_news` VALUES ('0ae43f66c88a487287cf827d683be46d', '耶伦谈中美关系 翻译过来就3句话', '', 'https://fyb-1.cdn.bcebos.com/fyb/de6163834f53ca92c1273fff98ac9078.jpeg', '百度', 'https://www.baidu.com/s?wd=%E8%80%B6%E4%BC%A6%E8%B0%88%E4%B8%AD%E7%BE%8E%E5%85%B3%E7%B3%BB+%E7%BF%BB%E8%AF%91%E8%BF%87%E6%9D%A5%E5%B0%B13%E5%8F%A5%E8%AF%9D&sa=fyb_news&rsv_dl=fyb_news', '2023-04-21 09:44:04', '2023-04-21 09:44:04', '2023-04-21 09:44:04', 2, NULL);
INSERT INTO `headline_news` VALUES ('0b522d06ff974ceea80f5612c0baa863', '娱乐自媒体侵权杨洋被判赔', '', 'https://fyb-1.cdn.bcebos.com/fyb/de6163834f53ca92c1273fff98ac9078.jpeg', '百度', 'https://www.baidu.com/s?wd=%E5%A8%B1%E4%B9%90%E8%87%AA%E5%AA%92%E4%BD%93%E4%BE%B5%E6%9D%83%E6%9D%A8%E6%B4%8B%E8%A2%AB%E5%88%A4%E8%B5%94&sa=fyb_news&rsv_dl=fyb_news', '2023-02-23 14:16:01', '2023-02-23 14:16:01', '2023-02-23 14:16:01', 2, NULL);
INSERT INTO `headline_news` VALUES ('0b6a075de8cf4a1ca47ded3bab10b750', '男子深夜谎报火警30名消防员扑空', '', 'https://fyb-1.cdn.bcebos.com/fyb/de6163834f53ca92c1273fff98ac9078.jpeg', '百度', 'https://www.baidu.com/s?wd=%E7%94%B7%E5%AD%90%E6%B7%B1%E5%A4%9C%E8%B0%8E%E6%8A%A5%E7%81%AB%E8%AD%A630%E5%90%8D%E6%B6%88%E9%98%B2%E5%91%98%E6%89%91%E7%A9%BA&sa=fyb_news&rsv_dl=fyb_news', '2023-02-23 11:58:01', '2023-02-23 11:58:01', '2023-02-23 11:58:01', 2, NULL);
INSERT INTO `headline_news` VALUES ('0b72201c09b24381a4d83e6249547cba', '全国财政支出70%以上用于民生', '', 'https://fyb-1.cdn.bcebos.com/fyb/de6163834f53ca92c1273fff98ac9078.jpeg', '百度', 'https://www.baidu.com/s?wd=%E5%85%A8%E5%9B%BD%E8%B4%A2%E6%94%BF%E6%94%AF%E5%87%BA70%25%E4%BB%A5%E4%B8%8A%E7%94%A8%E4%BA%8E%E6%B0%91%E7%94%9F&sa=fyb_news&rsv_dl=fyb_news', '2023-03-05 10:44:01', '2023-03-05 10:44:01', '2023-03-05 10:44:01', 2, NULL);
INSERT INTO `headline_news` VALUES ('0b9cdbc98da848f0ba17c8e93a9245b8', '这位人大代表在辽宁舰上曾喊话外军', '', 'https://fyb-1.cdn.bcebos.com/fyb/de6163834f53ca92c1273fff98ac9078.jpeg', '百度', 'https://www.baidu.com/s?wd=%E8%BF%99%E4%BD%8D%E4%BA%BA%E5%A4%A7%E4%BB%A3%E8%A1%A8%E5%9C%A8%E8%BE%BD%E5%AE%81%E8%88%B0%E4%B8%8A%E6%9B%BE%E5%96%8A%E8%AF%9D%E5%A4%96%E5%86%9B&sa=fyb_news&rsv_dl=fyb_news', '2023-03-05 11:02:01', '2023-03-05 11:02:01', '2023-03-05 11:02:01', 2, NULL);
INSERT INTO `headline_news` VALUES ('0bc5c524100140f3ae06bd95821165ec', '各地文旅局长正在高频出圈', '近期，各地的文旅局长正在高频出圈。安阳市融媒体中心公布了市文广体旅局局长身着传统服饰的照片、广西桂林灵川文旅局拍摄了文艺范局长“驯马记”。', 'https://fyb-2.cdn.bcebos.com/hotboard_image/b0a7d89bdb3ff33d768549b5e791a711', '百度', 'https://www.baidu.com/s?wd=%E5%90%84%E5%9C%B0%E6%96%87%E6%97%85%E5%B1%80%E9%95%BF%E6%AD%A3%E5%9C%A8%E9%AB%98%E9%A2%91%E5%87%BA%E5%9C%88&sa=fyb_news&rsv_dl=fyb_news', '2023-02-24 14:24:01', '2023-02-24 14:24:01', '2023-02-24 14:24:01', 2, NULL);
INSERT INTO `headline_news` VALUES ('0bee0e6f1e934ca6bf6957715d825576', '灌篮高手首映电影院零点人气爆棚', '备受期待的电影《灌篮高手》于4月20日零点在国内首映。19日晚，很多杭州八零九零后赶到电影院去看首映，为青春补票，各地影城大厅一片红色海洋。', 'https://fyb-2.cdn.bcebos.com/hotboard_image/7bff7461aba1c48cf9a0caba8519136f', '百度', 'https://www.baidu.com/s?wd=%E7%81%8C%E7%AF%AE%E9%AB%98%E6%89%8B%E9%A6%96%E6%98%A0%E7%94%B5%E5%BD%B1%E9%99%A2%E9%9B%B6%E7%82%B9%E4%BA%BA%E6%B0%94%E7%88%86%E6%A3%9A&sa=fyb_news&rsv_dl=fyb_news', '2023-04-20 08:55:16', '2023-04-20 08:55:16', '2023-04-20 08:55:16', 2, NULL);
INSERT INTO `headline_news` VALUES ('0c0932da9da84e43a69e24f0fbb46c7c', '资深教师:有学校已开始裁减英语老师', '日前，有人大代表提出“将英语学科分值降至100分”的议案，一石激起千层浪。有资深教师透露，很多学校现在已经开始大幅缩减英语课、裁减英语老师。', 'https://fyb-2.cdn.bcebos.com/hotboard_image/0719dc1bc970e1ea5f7cbed2c99420cc', '百度', 'https://www.baidu.com/s?wd=%E8%B5%84%E6%B7%B1%E6%95%99%E5%B8%88%3A%E6%9C%89%E5%AD%A6%E6%A0%A1%E5%B7%B2%E5%BC%80%E5%A7%8B%E8%A3%81%E5%87%8F%E8%8B%B1%E8%AF%AD%E8%80%81%E5%B8%88&sa=fyb_news&rsv_dl=fyb_news', '2023-03-04 21:54:01', '2023-03-04 21:54:01', '2023-03-04 21:54:01', 2, NULL);
INSERT INTO `headline_news` VALUES ('0c20d4003fa942b3b0d8cf5a2967baa9', '“村BA”现场村草村花“蹦苗迪”', '3月26日，“村BA”决赛开始前，在主持人的引领下，“村BA”赛场变成了大型苗迪现场，村草村花一起“蹦苗迪”。', 'https://fyb-2.cdn.bcebos.com/hotboard_image/8513f292be9320396abeeece1ce8a6c4', '百度', 'https://www.baidu.com/s?wd=%E2%80%9C%E6%9D%91BA%E2%80%9D%E7%8E%B0%E5%9C%BA%E6%9D%91%E8%8D%89%E6%9D%91%E8%8A%B1%E2%80%9C%E8%B9%A6%E8%8B%97%E8%BF%AA%E2%80%9D&sa=fyb_news&rsv_dl=fyb_news', '2023-03-26 23:29:00', '2023-03-26 23:29:00', '2023-03-26 23:29:00', 2, NULL);
INSERT INTO `headline_news` VALUES ('0c27dc733823459ea5491d80cd2f4307', '祖孙3人遭邻居杀害 凶手曾购买寿衣', '近日，福建石狮发生一起恶性杀人事件，3人死亡。遇害3人系一家祖孙3代，行凶者是邻居家一男子，曾在事发前几日购买寿衣，因未足额付款被卖家追回。', 'https://fyb-2.cdn.bcebos.com/hotboard_image/1acb3542dfad42f85bc4768b458222cb', '百度', 'https://www.baidu.com/s?wd=%E7%A5%96%E5%AD%993%E4%BA%BA%E9%81%AD%E9%82%BB%E5%B1%85%E6%9D%80%E5%AE%B3+%E5%87%B6%E6%89%8B%E6%9B%BE%E8%B4%AD%E4%B9%B0%E5%AF%BF%E8%A1%A3&sa=fyb_news&rsv_dl=fyb_news', '2023-04-21 22:25:10', '2023-04-21 22:25:10', '2023-04-21 22:25:10', 2, NULL);
INSERT INTO `headline_news` VALUES ('0c537acde30f4adaa621d4e4b54f4831', '揭秘如何投屏纽约时代广场', '近日，不少网友在社交网站上晒出攻略，分享如何把自己的短视频播放到大洋彼岸的纽约时代广场的TSX大屏幕上。与此同时，代拍中介业务走红。', 'https://fyb-2.cdn.bcebos.com/hotboard_image/d624993e750f0fae72f4f9cfd92cf29b', '百度', 'https://www.baidu.com/s?wd=%E6%8F%AD%E7%A7%98%E5%A6%82%E4%BD%95%E6%8A%95%E5%B1%8F%E7%BA%BD%E7%BA%A6%E6%97%B6%E4%BB%A3%E5%B9%BF%E5%9C%BA&sa=fyb_news&rsv_dl=fyb_news', '2023-03-26 13:39:01', '2023-03-26 13:39:01', '2023-03-26 13:39:01', 2, NULL);
INSERT INTO `headline_news` VALUES ('0c91ad75191b4154980fb01832c22d14', '刘昆：对民营经济外资企业一视同仁', '', 'https://fyb-1.cdn.bcebos.com/fyb/de6163834f53ca92c1273fff98ac9078.jpeg', '百度', 'https://www.baidu.com/s?wd=%E5%88%98%E6%98%86%EF%BC%9A%E5%AF%B9%E6%B0%91%E8%90%A5%E7%BB%8F%E6%B5%8E%E5%A4%96%E8%B5%84%E4%BC%81%E4%B8%9A%E4%B8%80%E8%A7%86%E5%90%8C%E4%BB%81&sa=fyb_news&rsv_dl=fyb_news', '2023-03-26 13:03:01', '2023-03-26 13:03:01', '2023-03-26 13:03:01', 2, NULL);
INSERT INTO `headline_news` VALUES ('0d09048e09aa498bbfb511a602b92a62', '香港警方公布蔡天凤碎尸案细节', '2月24日，香港28岁名媛蔡天凤遭谋杀碎尸 ，香港警方公布蔡天凤碎尸案细节：冰柜中发现2条腿，凶手准备的电锯等工具，还有两锅混有人体组织的汤。', 'https://fyb-2.cdn.bcebos.com/hotboard_image/83a2b8b8ad2bfe7b401a95df0975cb31', '百度', 'https://www.baidu.com/s?wd=%E9%A6%99%E6%B8%AF%E8%AD%A6%E6%96%B9%E5%85%AC%E5%B8%83%E8%94%A1%E5%A4%A9%E5%87%A4%E7%A2%8E%E5%B0%B8%E6%A1%88%E7%BB%86%E8%8A%82&sa=fyb_news&rsv_dl=fyb_news', '2023-02-25 13:23:01', '2023-02-25 13:23:01', '2023-02-25 13:23:01', 2, NULL);
INSERT INTO `headline_news` VALUES ('0d85da33270b40a88a77b0a867cc8bb3', '胡歌刘亦菲杨幂同框梦回仙剑', '2023年的微博之夜，胡歌刘亦菲杨幂刘诗诗世纪同框，仙剑剧组重聚，让无数网友爷青回。', 'https://fyb-2.cdn.bcebos.com/hotboard_image/dac37218c71b2411d695215eeba722f3', '百度', 'https://www.baidu.com/s?wd=%E8%83%A1%E6%AD%8C%E5%88%98%E4%BA%A6%E8%8F%B2%E6%9D%A8%E5%B9%82%E5%90%8C%E6%A1%86%E6%A2%A6%E5%9B%9E%E4%BB%99%E5%89%91&sa=fyb_news&rsv_dl=fyb_news', '2023-03-26 10:30:02', '2023-03-26 10:30:02', '2023-03-26 10:30:02', 2, NULL);
INSERT INTO `headline_news` VALUES ('0e2502da67d445479740777722e37550', '普京点赞中国外交部', '', 'https://fyb-1.cdn.bcebos.com/fyb/de6163834f53ca92c1273fff98ac9078.jpeg', '百度', 'https://www.baidu.com/s?wd=%E6%99%AE%E4%BA%AC%E7%82%B9%E8%B5%9E%E4%B8%AD%E5%9B%BD%E5%A4%96%E4%BA%A4%E9%83%A8&sa=fyb_news&rsv_dl=fyb_news', '2023-02-24 13:11:01', '2023-02-24 13:11:01', '2023-02-24 13:11:01', 2, NULL);
INSERT INTO `headline_news` VALUES ('0e380c21142a4d0ab6b9117a6b3b6026', '陈飞宇说运气是演员无法人为掌控的', '', 'https://fyb-1.cdn.bcebos.com/fyb/de6163834f53ca92c1273fff98ac9078.jpeg', '百度', 'https://www.baidu.com/s?wd=%E9%99%88%E9%A3%9E%E5%AE%87%E8%AF%B4%E8%BF%90%E6%B0%94%E6%98%AF%E6%BC%94%E5%91%98%E6%97%A0%E6%B3%95%E4%BA%BA%E4%B8%BA%E6%8E%8C%E6%8E%A7%E7%9A%84&sa=fyb_news&rsv_dl=fyb_news', '2023-04-21 07:30:01', '2023-04-21 07:30:01', '2023-04-21 07:30:01', 2, NULL);
INSERT INTO `headline_news` VALUES ('0e7482712cac4433bfc1be84a53bb106', '3人穷游因手头拮据5次偷窃早餐车', '', 'https://fyb-1.cdn.bcebos.com/fyb/de6163834f53ca92c1273fff98ac9078.jpeg', '百度', 'https://www.baidu.com/s?wd=3%E4%BA%BA%E7%A9%B7%E6%B8%B8%E5%9B%A0%E6%89%8B%E5%A4%B4%E6%8B%AE%E6%8D%AE5%E6%AC%A1%E5%81%B7%E7%AA%83%E6%97%A9%E9%A4%90%E8%BD%A6&sa=fyb_news&rsv_dl=fyb_news', '2023-04-23 16:07:21', '2023-04-23 16:07:21', '2023-04-23 16:07:21', 2, NULL);
INSERT INTO `headline_news` VALUES ('0e85445aca8f46369d8ce505f709f5c4', '泽连斯基：风云人物这一年', '', 'https://fyb-1.cdn.bcebos.com/fyb/de6163834f53ca92c1273fff98ac9078.jpeg', '百度', 'https://www.baidu.com/s?wd=%E6%B3%BD%E8%BF%9E%E6%96%AF%E5%9F%BA%EF%BC%9A%E9%A3%8E%E4%BA%91%E4%BA%BA%E7%89%A9%E8%BF%99%E4%B8%80%E5%B9%B4&sa=fyb_news&rsv_dl=fyb_news', '2023-02-24 13:29:01', '2023-02-24 13:29:01', '2023-02-24 13:29:01', 2, NULL);
INSERT INTO `headline_news` VALUES ('0ec7e84a7362448ba347f868339cc652', '政府工作报告右上角有个二维码', '', 'https://fyb-1.cdn.bcebos.com/fyb/de6163834f53ca92c1273fff98ac9078.jpeg', '百度', 'https://www.baidu.com/s?wd=%E6%94%BF%E5%BA%9C%E5%B7%A5%E4%BD%9C%E6%8A%A5%E5%91%8A%E5%8F%B3%E4%B8%8A%E8%A7%92%E6%9C%89%E4%B8%AA%E4%BA%8C%E7%BB%B4%E7%A0%81&sa=fyb_news&rsv_dl=fyb_news', '2023-03-05 10:01:01', '2023-03-05 10:01:01', '2023-03-05 10:01:01', 2, NULL);
INSERT INTO `headline_news` VALUES ('0edfcee404de4e17ab27eb3579b45a71', '海底捞禁止自带食材', '', 'https://fyb-1.cdn.bcebos.com/fyb/de6163834f53ca92c1273fff98ac9078.jpeg', '百度', 'https://www.baidu.com/s?wd=%E6%B5%B7%E5%BA%95%E6%8D%9E%E7%A6%81%E6%AD%A2%E8%87%AA%E5%B8%A6%E9%A3%9F%E6%9D%90&sa=fyb_news&rsv_dl=fyb_news', '2023-02-23 11:13:01', '2023-02-23 11:13:01', '2023-02-23 11:13:01', 2, NULL);
INSERT INTO `headline_news` VALUES ('0ee36de7332b4988b8a1bbf696c417b5', '胖东来回应给员工设超5000元委屈奖', '', 'https://fyb-1.cdn.bcebos.com/fyb/de6163834f53ca92c1273fff98ac9078.jpeg', '百度', 'https://www.baidu.com/s?wd=%E8%83%96%E4%B8%9C%E6%9D%A5%E5%9B%9E%E5%BA%94%E7%BB%99%E5%91%98%E5%B7%A5%E8%AE%BE%E8%B6%855000%E5%85%83%E5%A7%94%E5%B1%88%E5%A5%96&sa=fyb_news&rsv_dl=fyb_news', '2023-03-26 19:11:00', '2023-03-26 19:11:00', '2023-03-26 19:11:00', 2, NULL);
INSERT INTO `headline_news` VALUES ('0f5b8b40a926490891d80ddb046ff467', '中小学等教师入职将查询性侵违法信息', '近日，教育部印发《关于推开教职员工准入查询工作的通知》。《通知》要求，中小学等教师入职将查询性侵违法犯罪信息和丧失、撤销教师资格信息。', 'https://fyb-2.cdn.bcebos.com/hotboard_image/fd4c967b8f2994373e15a0d4de33070f', '百度', 'https://www.baidu.com/s?wd=%E4%B8%AD%E5%B0%8F%E5%AD%A6%E7%AD%89%E6%95%99%E5%B8%88%E5%85%A5%E8%81%8C%E5%B0%86%E6%9F%A5%E8%AF%A2%E6%80%A7%E4%BE%B5%E8%BF%9D%E6%B3%95%E4%BF%A1%E6%81%AF&sa=fyb_news&rsv_dl=fyb_news', '2023-04-20 09:53:02', '2023-04-20 09:53:02', '2023-04-20 09:53:02', 2, NULL);
INSERT INTO `headline_news` VALUES ('0fef81fc3c7e4c7b9e64f9b40f0ad227', '安福路小公主首度回应质疑', '', 'https://fyb-1.cdn.bcebos.com/fyb/de6163834f53ca92c1273fff98ac9078.jpeg', '百度', 'https://www.baidu.com/s?wd=%E5%AE%89%E7%A6%8F%E8%B7%AF%E5%B0%8F%E5%85%AC%E4%B8%BB%E9%A6%96%E5%BA%A6%E5%9B%9E%E5%BA%94%E8%B4%A8%E7%96%91&sa=fyb_news&rsv_dl=fyb_news', '2023-03-05 09:59:01', '2023-03-05 09:59:01', '2023-03-05 09:59:01', 2, NULL);
INSERT INTO `headline_news` VALUES ('106874ef50fe415ba6bdd709252043e7', 'NBA全明星收视率创新低', '', 'https://fyb-1.cdn.bcebos.com/fyb/de6163834f53ca92c1273fff98ac9078.jpeg', '百度', 'https://www.baidu.com/s?wd=NBA%E5%85%A8%E6%98%8E%E6%98%9F%E6%94%B6%E8%A7%86%E7%8E%87%E5%88%9B%E6%96%B0%E4%BD%8E&sa=fyb_news&rsv_dl=fyb_news', '2023-02-23 14:46:01', '2023-02-23 14:46:01', '2023-02-23 14:46:01', 2, NULL);
INSERT INTO `headline_news` VALUES ('106e714de2574332bce19b232f85831e', '73岁徐克现身医院引担忧', '', 'https://fyb-1.cdn.bcebos.com/fyb/de6163834f53ca92c1273fff98ac9078.jpeg', '百度', 'https://www.baidu.com/s?wd=73%E5%B2%81%E5%BE%90%E5%85%8B%E7%8E%B0%E8%BA%AB%E5%8C%BB%E9%99%A2%E5%BC%95%E6%8B%85%E5%BF%A7&sa=fyb_news&rsv_dl=fyb_news', '2023-04-21 10:15:01', '2023-04-21 10:15:01', '2023-04-21 10:15:01', 2, NULL);
INSERT INTO `headline_news` VALUES ('108e5d1973b94688b09fb4c1add65d61', '日本宣扬“准备摧毁朝鲜卫星”', '在朝鲜最高领导人18日指示要在规定时限内发射侦察卫星后，日本防卫大臣滨田靖一22日下令自卫队“做好准备摧毁朝鲜卫星”。', 'https://fyb-2.cdn.bcebos.com/hotboard_image/ed52d68f7784f7dc2b83d78086c8b086', '百度', 'https://www.baidu.com/s?wd=%E6%97%A5%E6%9C%AC%E5%AE%A3%E6%89%AC%E2%80%9C%E5%87%86%E5%A4%87%E6%91%A7%E6%AF%81%E6%9C%9D%E9%B2%9C%E5%8D%AB%E6%98%9F%E2%80%9D&sa=fyb_news&rsv_dl=fyb_news', '2023-04-23 12:21:21', '2023-04-23 12:21:21', '2023-04-23 12:21:21', 2, NULL);
INSERT INTO `headline_news` VALUES ('10ad7220636741dc988b3a0378ce2193', '知情人：长峰医院收治不少失能老人', '4月18日中午，北京长峰医院发生火灾。截至19日9时，29人不幸死亡。知情人表示，医院亏损严重，近几年开始持续收治失能老人。', 'https://fyb-2.cdn.bcebos.com/hotboard_image/c50c29ba8da0977d736d916591977dd0', '百度', 'https://www.baidu.com/s?wd=%E7%9F%A5%E6%83%85%E4%BA%BA%EF%BC%9A%E9%95%BF%E5%B3%B0%E5%8C%BB%E9%99%A2%E6%94%B6%E6%B2%BB%E4%B8%8D%E5%B0%91%E5%A4%B1%E8%83%BD%E8%80%81%E4%BA%BA&sa=fyb_news&rsv_dl=fyb_news', '2023-04-20 05:09:03', '2023-04-20 05:09:03', '2023-04-20 05:09:03', 2, NULL);
INSERT INTO `headline_news` VALUES ('10b4b87c2beb4b29998f19620f65aac6', '日本众议院收到杀死首相威胁邮件', '日本众议院的咨询服务部门20日晚上收到一封威胁电子邮件，邮件标题为“很快我就将要杀死日本首相”。', 'https://fyb-2.cdn.bcebos.com/hotboard_image/f01ddedded1efd370c49fce34f704ceb', '百度', 'https://www.baidu.com/s?wd=%E6%97%A5%E6%9C%AC%E4%BC%97%E8%AE%AE%E9%99%A2%E6%94%B6%E5%88%B0%E6%9D%80%E6%AD%BB%E9%A6%96%E7%9B%B8%E5%A8%81%E8%83%81%E9%82%AE%E4%BB%B6&sa=fyb_news&rsv_dl=fyb_news', '2023-04-21 17:15:08', '2023-04-21 17:15:08', '2023-04-21 17:15:08', 2, NULL);
INSERT INTO `headline_news` VALUES ('10e46549c6e346d5b92f39c7204fe4a9', '高三女孩全程脱稿演讲燃爆全场', '', 'https://fyb-1.cdn.bcebos.com/fyb/de6163834f53ca92c1273fff98ac9078.jpeg', '百度', 'https://www.baidu.com/s?wd=%E9%AB%98%E4%B8%89%E5%A5%B3%E5%AD%A9%E5%85%A8%E7%A8%8B%E8%84%B1%E7%A8%BF%E6%BC%94%E8%AE%B2%E7%87%83%E7%88%86%E5%85%A8%E5%9C%BA&sa=fyb_news&rsv_dl=fyb_news', '2023-03-05 10:51:01', '2023-03-05 10:51:01', '2023-03-05 10:51:01', 2, NULL);
INSERT INTO `headline_news` VALUES ('1103289d4d584e39a4d8e884164a5c31', '狄龙攻击詹姆斯裆部', '', 'https://fyb-1.cdn.bcebos.com/fyb/de6163834f53ca92c1273fff98ac9078.jpeg', '百度', 'https://www.baidu.com/s?wd=%E7%8B%84%E9%BE%99%E6%94%BB%E5%87%BB%E8%A9%B9%E5%A7%86%E6%96%AF%E8%A3%86%E9%83%A8&sa=fyb_news&rsv_dl=fyb_news', '2023-04-23 14:45:09', '2023-04-23 14:45:09', '2023-04-23 14:45:09', 2, NULL);
INSERT INTO `headline_news` VALUES ('114f338c4c974b758e1cc8800ace9bb9', '大陆渔船被台海巡部门野蛮驱离', '', 'https://fyb-1.cdn.bcebos.com/fyb/de6163834f53ca92c1273fff98ac9078.jpeg', '百度', 'https://www.baidu.com/s?wd=%E5%A4%A7%E9%99%86%E6%B8%94%E8%88%B9%E8%A2%AB%E5%8F%B0%E6%B5%B7%E5%B7%A1%E9%83%A8%E9%97%A8%E9%87%8E%E8%9B%AE%E9%A9%B1%E7%A6%BB&sa=fyb_news&rsv_dl=fyb_news', '2023-02-24 13:14:01', '2023-02-24 13:14:01', '2023-02-24 13:14:01', 2, NULL);
INSERT INTO `headline_news` VALUES ('11b2c25294804d598e5e8faa46b56188', '安徽一合作社存款无法取出', '', 'https://fyb-1.cdn.bcebos.com/fyb/de6163834f53ca92c1273fff98ac9078.jpeg', '百度', 'https://www.baidu.com/s?wd=%E5%AE%89%E5%BE%BD%E4%B8%80%E5%90%88%E4%BD%9C%E7%A4%BE%E5%AD%98%E6%AC%BE%E6%97%A0%E6%B3%95%E5%8F%96%E5%87%BA&sa=fyb_news&rsv_dl=fyb_news', '2023-04-23 15:05:22', '2023-04-23 15:05:22', '2023-04-23 15:05:22', 2, NULL);
INSERT INTO `headline_news` VALUES ('11dbe3ece69e4a6c929de3a6768355bd', '孙耀琦发文控诉四字演员', '', 'https://fyb-1.cdn.bcebos.com/fyb/de6163834f53ca92c1273fff98ac9078.jpeg', '百度', 'https://www.baidu.com/s?wd=%E5%AD%99%E8%80%80%E7%90%A6%E5%8F%91%E6%96%87%E6%8E%A7%E8%AF%89%E5%9B%9B%E5%AD%97%E6%BC%94%E5%91%98&sa=fyb_news&rsv_dl=fyb_news', '2023-03-27 15:42:01', '2023-03-27 15:42:01', '2023-03-27 15:42:01', 2, NULL);
INSERT INTO `headline_news` VALUES ('11ed5442dc1045e9a25894f9bbf1aceb', '让阅读抵达更广阔人群', '面对人民群众多样化需求，多地因地制宜打造“小而美”、多样式的新型公共文化设施，推动公共阅读空间建设，不断提升公共文化服务水平。', 'https://fyb-2.cdn.bcebos.com/hotboard_image/4621aefc160161c970fa8dc72c4547ed', '百度', 'https://www.baidu.com/s?wd=%E8%AE%A9%E9%98%85%E8%AF%BB%E6%8A%B5%E8%BE%BE%E6%9B%B4%E5%B9%BF%E9%98%94%E4%BA%BA%E7%BE%A4&sa=fyb_news&rsv_dl=fyb_news', '2023-04-22 16:48:04', '2023-04-22 16:48:04', '2023-04-22 16:48:04', 2, NULL);
INSERT INTO `headline_news` VALUES ('1281ff41435147fba27bd7f8bf8f11ba', '要求小学生互扇耳光上百次教官被拘', '', 'https://fyb-1.cdn.bcebos.com/fyb/de6163834f53ca92c1273fff98ac9078.jpeg', '百度', 'https://www.baidu.com/s?wd=%E8%A6%81%E6%B1%82%E5%B0%8F%E5%AD%A6%E7%94%9F%E4%BA%92%E6%89%87%E8%80%B3%E5%85%89%E4%B8%8A%E7%99%BE%E6%AC%A1%E6%95%99%E5%AE%98%E8%A2%AB%E6%8B%98&sa=fyb_news&rsv_dl=fyb_news', '2023-03-26 10:46:01', '2023-03-26 10:46:01', '2023-03-26 10:46:01', 2, NULL);
INSERT INTO `headline_news` VALUES ('128994eb88c1452695061ae5bdc124bb', '外交部：中洪建交顺应大势合乎民心', '', 'https://fyb-1.cdn.bcebos.com/fyb/de6163834f53ca92c1273fff98ac9078.jpeg', '百度', 'https://www.baidu.com/s?wd=%E5%A4%96%E4%BA%A4%E9%83%A8%EF%BC%9A%E4%B8%AD%E6%B4%AA%E5%BB%BA%E4%BA%A4%E9%A1%BA%E5%BA%94%E5%A4%A7%E5%8A%BF%E5%90%88%E4%B9%8E%E6%B0%91%E5%BF%83&sa=fyb_news&rsv_dl=fyb_news', '2023-03-26 12:01:00', '2023-03-26 12:01:00', '2023-03-26 12:01:00', 2, NULL);
INSERT INTO `headline_news` VALUES ('1290b5ccb80544efb07ef7d5191c7fe8', '13岁女孩患宫颈癌7年', '', 'https://fyb-1.cdn.bcebos.com/fyb/de6163834f53ca92c1273fff98ac9078.jpeg', '百度', 'https://www.baidu.com/s?wd=13%E5%B2%81%E5%A5%B3%E5%AD%A9%E6%82%A3%E5%AE%AB%E9%A2%88%E7%99%8C7%E5%B9%B4&sa=fyb_news&rsv_dl=fyb_news', '2023-02-24 15:47:01', '2023-02-24 15:47:01', '2023-02-24 15:47:01', 2, NULL);
INSERT INTO `headline_news` VALUES ('12b818e5cfb346b7872bdfc94ce6f3d6', '鸿星尔克请网友吃冰淇淋', '', 'https://fyb-1.cdn.bcebos.com/fyb/de6163834f53ca92c1273fff98ac9078.jpeg', '百度', 'https://www.baidu.com/s?wd=%E9%B8%BF%E6%98%9F%E5%B0%94%E5%85%8B%E8%AF%B7%E7%BD%91%E5%8F%8B%E5%90%83%E5%86%B0%E6%B7%87%E6%B7%8B&sa=fyb_news&rsv_dl=fyb_news', '2023-04-21 15:27:06', '2023-04-21 15:27:06', '2023-04-21 15:27:06', 2, NULL);
INSERT INTO `headline_news` VALUES ('12f3c10fe0024a809d17855a4b2b2154', '高标准农田建设有序推进', '农业农村部最新发布的数据显示，一季度我国已建成高标准农田超1900万亩，我国高标准农田建设有序推进，粮食综合生产能力不断巩固提升。', 'https://fyb-2.cdn.bcebos.com/hotboard_image/270e32458802eea886e69374c6ea8b09', '百度', 'https://www.baidu.com/s?wd=%E9%AB%98%E6%A0%87%E5%87%86%E5%86%9C%E7%94%B0%E5%BB%BA%E8%AE%BE%E6%9C%89%E5%BA%8F%E6%8E%A8%E8%BF%9B&sa=fyb_news&rsv_dl=fyb_news', '2023-04-20 11:34:05', '2023-04-20 11:34:05', '2023-04-20 11:34:05', 2, NULL);
INSERT INTO `headline_news` VALUES ('12fc7021844240ff9b78fa9bf1381098', '宝马MINI呼吁给礼仪小姐多点宽容', '', 'https://fyb-1.cdn.bcebos.com/fyb/de6163834f53ca92c1273fff98ac9078.jpeg', '百度', 'https://www.baidu.com/s?wd=%E5%AE%9D%E9%A9%ACMINI%E5%91%BC%E5%90%81%E7%BB%99%E7%A4%BC%E4%BB%AA%E5%B0%8F%E5%A7%90%E5%A4%9A%E7%82%B9%E5%AE%BD%E5%AE%B9&sa=fyb_news&rsv_dl=fyb_news', '2023-04-21 09:58:08', '2023-04-21 09:58:08', '2023-04-21 09:58:08', 2, NULL);
INSERT INTO `headline_news` VALUES ('13547f3ae38046558d991125df7b2492', '大S老公具俊晔公开无犯罪证明', '2月22日，大S工作室发文公开具俊晔无犯罪证明。工作室称具俊晔先生已于2022年4月取得由韩国公务部门提供之无犯罪记录证明文件，特此公告。', 'https://fyb-2.cdn.bcebos.com/hotboard_image/06856301cb230511c4d81563ac3d0051', '百度', 'https://www.baidu.com/s?wd=%E5%A4%A7S%E8%80%81%E5%85%AC%E5%85%B7%E4%BF%8A%E6%99%94%E5%85%AC%E5%BC%80%E6%97%A0%E7%8A%AF%E7%BD%AA%E8%AF%81%E6%98%8E&sa=fyb_news&rsv_dl=fyb_news', '2023-02-23 11:58:01', '2023-02-23 11:58:01', '2023-02-23 11:58:01', 2, NULL);
INSERT INTO `headline_news` VALUES ('137abfe006b54e728c4d20c0a6349e24', '南京一体育中心现天价健身器材', '', 'https://fyb-1.cdn.bcebos.com/fyb/de6163834f53ca92c1273fff98ac9078.jpeg', '百度', 'https://www.baidu.com/s?wd=%E5%8D%97%E4%BA%AC%E4%B8%80%E4%BD%93%E8%82%B2%E4%B8%AD%E5%BF%83%E7%8E%B0%E5%A4%A9%E4%BB%B7%E5%81%A5%E8%BA%AB%E5%99%A8%E6%9D%90&sa=fyb_news&rsv_dl=fyb_news', '2023-04-20 18:10:17', '2023-04-20 18:10:17', '2023-04-20 18:10:17', 2, NULL);
INSERT INTO `headline_news` VALUES ('137b14ac86bf477c92f5d759ddb3114c', '多地暴雪 冷到破纪录', '', 'https://fyb-1.cdn.bcebos.com/fyb/de6163834f53ca92c1273fff98ac9078.jpeg', '百度', 'https://www.baidu.com/s?wd=%E5%A4%9A%E5%9C%B0%E6%9A%B4%E9%9B%AA+%E5%86%B7%E5%88%B0%E7%A0%B4%E7%BA%AA%E5%BD%95&sa=fyb_news&rsv_dl=fyb_news', '2023-04-23 09:31:02', '2023-04-23 09:31:02', '2023-04-23 09:31:02', 2, NULL);
INSERT INTO `headline_news` VALUES ('145960e94cfe4d1ea2648a013d00680e', '高校回应考生因航班延误错过复试', '近日，一考研学生因航班延误，缺考广东工业大学计算机学院的复试。对此，广东工业大学计算机学院回应称，前3天发通知合规，可按流程重新参加复试。', 'https://fyb-2.cdn.bcebos.com/hotboard_image/357e8f798139a50f1e15a81ae8c65975', '百度', 'https://www.baidu.com/s?wd=%E9%AB%98%E6%A0%A1%E5%9B%9E%E5%BA%94%E8%80%83%E7%94%9F%E5%9B%A0%E8%88%AA%E7%8F%AD%E5%BB%B6%E8%AF%AF%E9%94%99%E8%BF%87%E5%A4%8D%E8%AF%95&sa=fyb_news&rsv_dl=fyb_news', '2023-03-26 17:52:01', '2023-03-26 17:52:01', '2023-03-26 17:52:01', 2, NULL);
INSERT INTO `headline_news` VALUES ('148a5398298940a2ac9e36b9dbf7ab9d', '轿车被恶意别车：S形行驶10公里', '', 'https://fyb-1.cdn.bcebos.com/fyb/de6163834f53ca92c1273fff98ac9078.jpeg', '百度', 'https://www.baidu.com/s?wd=%E8%BD%BF%E8%BD%A6%E8%A2%AB%E6%81%B6%E6%84%8F%E5%88%AB%E8%BD%A6%EF%BC%9AS%E5%BD%A2%E8%A1%8C%E9%A9%B610%E5%85%AC%E9%87%8C&sa=fyb_news&rsv_dl=fyb_news', '2023-04-20 12:06:05', '2023-04-20 12:06:05', '2023-04-20 12:06:05', 2, NULL);
INSERT INTO `headline_news` VALUES ('14ceb8555d0e480696aaf1a20f1fe06a', '《灌篮高手》预售超8000万', '', 'https://fyb-1.cdn.bcebos.com/fyb/de6163834f53ca92c1273fff98ac9078.jpeg', '百度', 'https://www.baidu.com/s?wd=%E3%80%8A%E7%81%8C%E7%AF%AE%E9%AB%98%E6%89%8B%E3%80%8B%E9%A2%84%E5%94%AE%E8%B6%858000%E4%B8%87&sa=fyb_news&rsv_dl=fyb_news', '2023-04-20 00:59:06', '2023-04-20 00:59:06', '2023-04-20 00:59:06', 2, NULL);
INSERT INTO `headline_news` VALUES ('152e49e7a2454a02bdcdeaa39693bc24', '2022年“防疫账本”首次披露', '年初，在地方两会闭幕之际，各省市陆续公布了2022年卫生费用相关的统计数据。有22个省市披露出疫情防控费用的具体数额，这是三年以来的首次。', 'https://fyb-2.cdn.bcebos.com/hotboard_image/2281458b7f2b679b2194c588e63e3571', '百度', 'https://www.baidu.com/s?wd=2022%E5%B9%B4%E2%80%9C%E9%98%B2%E7%96%AB%E8%B4%A6%E6%9C%AC%E2%80%9D%E9%A6%96%E6%AC%A1%E6%8A%AB%E9%9C%B2&sa=fyb_news&rsv_dl=fyb_news', '2023-02-23 14:52:01', '2023-02-23 14:52:01', '2023-02-23 14:52:01', 2, NULL);
INSERT INTO `headline_news` VALUES ('153188ea540e4454b5a412f4076aace8', '委员建议取消生育支持的孩次差异', '', 'https://fyb-1.cdn.bcebos.com/fyb/de6163834f53ca92c1273fff98ac9078.jpeg', '百度', 'https://www.baidu.com/s?wd=%E5%A7%94%E5%91%98%E5%BB%BA%E8%AE%AE%E5%8F%96%E6%B6%88%E7%94%9F%E8%82%B2%E6%94%AF%E6%8C%81%E7%9A%84%E5%AD%A9%E6%AC%A1%E5%B7%AE%E5%BC%82&sa=fyb_news&rsv_dl=fyb_news', '2023-03-05 15:35:01', '2023-03-05 15:35:01', '2023-03-05 15:35:01', 2, NULL);
INSERT INTO `headline_news` VALUES ('1553dbb26c864aa29f18a9c1a1814442', '单日交易限额5000元？多家银行回应', '', 'https://fyb-1.cdn.bcebos.com/fyb/de6163834f53ca92c1273fff98ac9078.jpeg', '百度', 'https://www.baidu.com/s?wd=%E5%8D%95%E6%97%A5%E4%BA%A4%E6%98%93%E9%99%90%E9%A2%9D5000%E5%85%83%EF%BC%9F%E5%A4%9A%E5%AE%B6%E9%93%B6%E8%A1%8C%E5%9B%9E%E5%BA%94&sa=fyb_news&rsv_dl=fyb_news', '2023-02-24 14:02:01', '2023-02-24 14:02:01', '2023-02-24 14:02:01', 2, NULL);
INSERT INTO `headline_news` VALUES ('16332ee342124b76941422f7f115ded0', '落马“老虎”为何很多是“股神”', '', 'https://fyb-1.cdn.bcebos.com/fyb/de6163834f53ca92c1273fff98ac9078.jpeg', '百度', 'https://www.baidu.com/s?wd=%E8%90%BD%E9%A9%AC%E2%80%9C%E8%80%81%E8%99%8E%E2%80%9D%E4%B8%BA%E4%BD%95%E5%BE%88%E5%A4%9A%E6%98%AF%E2%80%9C%E8%82%A1%E7%A5%9E%E2%80%9D&sa=fyb_news&rsv_dl=fyb_news', '2023-04-23 11:35:09', '2023-04-23 11:35:09', '2023-04-23 11:35:09', 2, NULL);
INSERT INTO `headline_news` VALUES ('1636b037973149ca9ce2df4555a80ce8', '外汇局：国内股票估值低', '', 'https://fyb-1.cdn.bcebos.com/fyb/de6163834f53ca92c1273fff98ac9078.jpeg', '百度', 'https://www.baidu.com/s?wd=%E5%A4%96%E6%B1%87%E5%B1%80%EF%BC%9A%E5%9B%BD%E5%86%85%E8%82%A1%E7%A5%A8%E4%BC%B0%E5%80%BC%E4%BD%8E&sa=fyb_news&rsv_dl=fyb_news', '2023-04-21 12:12:02', '2023-04-21 12:12:02', '2023-04-21 12:12:02', 2, NULL);
INSERT INTO `headline_news` VALUES ('166ac0b9481e4fbe92b4c55cbdd20348', '警方辟谣女孩感情受挫流浪八年', '近日，一名95后女孩失联8年被发现在荒山流浪，志愿者称她疑似因感情受挫出走。警方证实：女子并未在荒山野岭流落八年，在众人帮助下已安全回家。', 'https://fyb-2.cdn.bcebos.com/hotboard_image/70ba612df3d6c47067832bf46c845210', '百度', 'https://www.baidu.com/s?wd=%E8%AD%A6%E6%96%B9%E8%BE%9F%E8%B0%A3%E5%A5%B3%E5%AD%A9%E6%84%9F%E6%83%85%E5%8F%97%E6%8C%AB%E6%B5%81%E6%B5%AA%E5%85%AB%E5%B9%B4&sa=fyb_news&rsv_dl=fyb_news', '2023-03-27 15:42:01', '2023-03-27 15:42:01', '2023-03-27 15:42:01', 2, NULL);
INSERT INTO `headline_news` VALUES ('16d6d0dbd15e4dd784115c913812bf81', '王心凌说别管我跷二郎腿', '', 'https://fyb-1.cdn.bcebos.com/fyb/de6163834f53ca92c1273fff98ac9078.jpeg', '百度', 'https://www.baidu.com/s?wd=%E7%8E%8B%E5%BF%83%E5%87%8C%E8%AF%B4%E5%88%AB%E7%AE%A1%E6%88%91%E8%B7%B7%E4%BA%8C%E9%83%8E%E8%85%BF&sa=fyb_news&rsv_dl=fyb_news', '2023-02-25 13:23:01', '2023-02-25 13:23:01', '2023-02-25 13:23:01', 2, NULL);
INSERT INTO `headline_news` VALUES ('16e119755d0d4539b1308e3843b1abee', '董宇辉称曾拒1000万广告费', '', 'https://fyb-1.cdn.bcebos.com/fyb/de6163834f53ca92c1273fff98ac9078.jpeg', '百度', 'https://www.baidu.com/s?wd=%E8%91%A3%E5%AE%87%E8%BE%89%E7%A7%B0%E6%9B%BE%E6%8B%921000%E4%B8%87%E5%B9%BF%E5%91%8A%E8%B4%B9&sa=fyb_news&rsv_dl=fyb_news', '2023-04-20 09:33:17', '2023-04-20 09:33:17', '2023-04-20 09:33:17', 2, NULL);
INSERT INTO `headline_news` VALUES ('1707914bedf04516932c43a0da35a45f', '95%建制村实现快递服务覆盖', '', 'https://fyb-1.cdn.bcebos.com/fyb/de6163834f53ca92c1273fff98ac9078.jpeg', '百度', 'https://www.baidu.com/s?wd=95%25%E5%BB%BA%E5%88%B6%E6%9D%91%E5%AE%9E%E7%8E%B0%E5%BF%AB%E9%80%92%E6%9C%8D%E5%8A%A1%E8%A6%86%E7%9B%96&sa=fyb_news&rsv_dl=fyb_news', '2023-02-23 15:38:01', '2023-02-23 15:38:01', '2023-02-23 15:38:01', 2, NULL);
INSERT INTO `headline_news` VALUES ('177391a2580f496888120f2e335b9efb', '婚礼当天新娘给清洁工大叔送红包', '', 'https://fyb-1.cdn.bcebos.com/fyb/de6163834f53ca92c1273fff98ac9078.jpeg', '百度', 'https://www.baidu.com/s?wd=%E5%A9%9A%E7%A4%BC%E5%BD%93%E5%A4%A9%E6%96%B0%E5%A8%98%E7%BB%99%E6%B8%85%E6%B4%81%E5%B7%A5%E5%A4%A7%E5%8F%94%E9%80%81%E7%BA%A2%E5%8C%85&sa=fyb_news&rsv_dl=fyb_news', '2023-02-23 11:14:01', '2023-02-23 11:14:01', '2023-02-23 11:14:01', 2, NULL);
INSERT INTO `headline_news` VALUES ('1779ae4cf525438c949d7c97d252ba6e', '比尔盖茨收购喜力啤酒股份', '', 'https://fyb-1.cdn.bcebos.com/fyb/de6163834f53ca92c1273fff98ac9078.jpeg', '百度', 'https://www.baidu.com/s?wd=%E6%AF%94%E5%B0%94%E7%9B%96%E8%8C%A8%E6%94%B6%E8%B4%AD%E5%96%9C%E5%8A%9B%E5%95%A4%E9%85%92%E8%82%A1%E4%BB%BD&sa=fyb_news&rsv_dl=fyb_news', '2023-02-23 11:14:01', '2023-02-23 11:14:01', '2023-02-23 11:14:01', 2, NULL);
INSERT INTO `headline_news` VALUES ('178a0b08d5fa4258b5ab2c1b9293aafe', '年轻人摆摊能否实现人人月入过万？', '随着“地摊经济”放开，如今有越来越多年轻人加入“摆地摊”的行列。有人还清200万负债，有人陷于精神内耗。年轻人摆摊能否实现人人“月入过万”？', 'https://fyb-2.cdn.bcebos.com/hotboard_image/d8b5ff435b0882f7ad1b64dc4a47d7e9', '百度', 'https://www.baidu.com/s?wd=%E5%B9%B4%E8%BD%BB%E4%BA%BA%E6%91%86%E6%91%8A%E8%83%BD%E5%90%A6%E5%AE%9E%E7%8E%B0%E4%BA%BA%E4%BA%BA%E6%9C%88%E5%85%A5%E8%BF%87%E4%B8%87%EF%BC%9F&sa=fyb_news&rsv_dl=fyb_news', '2023-03-26 13:34:00', '2023-03-26 13:34:00', '2023-03-26 13:34:00', 2, NULL);
INSERT INTO `headline_news` VALUES ('17a7923ca015453faaa0d800cd9af3f0', '海清发声支持蒋梦婕', '', 'https://fyb-1.cdn.bcebos.com/fyb/de6163834f53ca92c1273fff98ac9078.jpeg', '百度', 'https://www.baidu.com/s?wd=%E6%B5%B7%E6%B8%85%E5%8F%91%E5%A3%B0%E6%94%AF%E6%8C%81%E8%92%8B%E6%A2%A6%E5%A9%95&sa=fyb_news&rsv_dl=fyb_news', '2023-04-20 07:42:02', '2023-04-20 07:42:02', '2023-04-20 07:42:02', 2, NULL);
INSERT INTO `headline_news` VALUES ('184c31d2a0a0419985f503d01fd52b34', '全明星技巧赛：徐杰战胜张宁夺冠', '', 'https://fyb-1.cdn.bcebos.com/fyb/de6163834f53ca92c1273fff98ac9078.jpeg', '百度', 'https://www.baidu.com/s?wd=%E5%85%A8%E6%98%8E%E6%98%9F%E6%8A%80%E5%B7%A7%E8%B5%9B%EF%BC%9A%E5%BE%90%E6%9D%B0%E6%88%98%E8%83%9C%E5%BC%A0%E5%AE%81%E5%A4%BA%E5%86%A0&sa=fyb_news&rsv_dl=fyb_news', '2023-03-26 21:55:00', '2023-03-26 21:55:00', '2023-03-26 21:55:00', 2, NULL);
INSERT INTO `headline_news` VALUES ('184ebf33a5824e458a20528795a09628', '内蒙古煤矿坍塌事发监控画面公布', '2月22日，内蒙古一露天煤矿发生大面积坍塌，事发时监控画面公布。监控显示，滑坡几乎是瞬间来袭，没有丝毫反应时间。', 'https://fyb-2.cdn.bcebos.com/hotboard_image/bfcfdf1275d7b2b18d54229afc02dadc', '百度', 'https://www.baidu.com/s?wd=%E5%86%85%E8%92%99%E5%8F%A4%E7%85%A4%E7%9F%BF%E5%9D%8D%E5%A1%8C%E4%BA%8B%E5%8F%91%E7%9B%91%E6%8E%A7%E7%94%BB%E9%9D%A2%E5%85%AC%E5%B8%83&sa=fyb_news&rsv_dl=fyb_news', '2023-02-23 11:23:01', '2023-02-23 11:23:01', '2023-02-23 11:23:01', 2, NULL);
INSERT INTO `headline_news` VALUES ('18618640b91b437283633f7ee36c8638', '一孩家庭是否应该纳入补贴', '', 'https://fyb-1.cdn.bcebos.com/fyb/de6163834f53ca92c1273fff98ac9078.jpeg', '百度', 'https://www.baidu.com/s?wd=%E4%B8%80%E5%AD%A9%E5%AE%B6%E5%BA%AD%E6%98%AF%E5%90%A6%E5%BA%94%E8%AF%A5%E7%BA%B3%E5%85%A5%E8%A1%A5%E8%B4%B4&sa=fyb_news&rsv_dl=fyb_news', '2023-04-20 00:59:06', '2023-04-20 00:59:06', '2023-04-20 00:59:06', 2, NULL);
INSERT INTO `headline_news` VALUES ('186e9c37ccf049419cfe686d485fbfc1', '轿车当街撞伤多人逃离时被卡石墩', '', 'https://fyb-1.cdn.bcebos.com/fyb/de6163834f53ca92c1273fff98ac9078.jpeg', '百度', 'https://www.baidu.com/s?wd=%E8%BD%BF%E8%BD%A6%E5%BD%93%E8%A1%97%E6%92%9E%E4%BC%A4%E5%A4%9A%E4%BA%BA%E9%80%83%E7%A6%BB%E6%97%B6%E8%A2%AB%E5%8D%A1%E7%9F%B3%E5%A2%A9&sa=fyb_news&rsv_dl=fyb_news', '2023-04-20 06:04:03', '2023-04-20 06:04:03', '2023-04-20 06:04:03', 2, NULL);
INSERT INTO `headline_news` VALUES ('18cfa918e0c540e2a41d2f60b467684b', '甘肃多地遭遇沙尘暴 玉门现“沙墙”', '4月18日开始，甘肃省玉门、酒泉等地相继出现了沙尘暴天气。网友实拍：玉门傍晚出现了一堵“沙墙”，酒泉鸣沙山观星游客沙尘暴中举手电筒返回。', 'https://fyb-2.cdn.bcebos.com/hotboard_image/b7d34becda0dfd59b15a162e5b4bc720', '百度', 'https://www.baidu.com/s?wd=%E7%94%98%E8%82%83%E5%A4%9A%E5%9C%B0%E9%81%AD%E9%81%87%E6%B2%99%E5%B0%98%E6%9A%B4+%E7%8E%89%E9%97%A8%E7%8E%B0%E2%80%9C%E6%B2%99%E5%A2%99%E2%80%9D&sa=fyb_news&rsv_dl=fyb_news', '2023-04-20 00:59:06', '2023-04-20 00:59:06', '2023-04-20 00:59:06', 2, NULL);
INSERT INTO `headline_news` VALUES ('1976f609e11f4cdc95da884f8fa7cf3d', '多地首套房贷利率再创新低', '', 'https://fyb-1.cdn.bcebos.com/fyb/de6163834f53ca92c1273fff98ac9078.jpeg', '百度', 'https://www.baidu.com/s?wd=%E5%A4%9A%E5%9C%B0%E9%A6%96%E5%A5%97%E6%88%BF%E8%B4%B7%E5%88%A9%E7%8E%87%E5%86%8D%E5%88%9B%E6%96%B0%E4%BD%8E&sa=fyb_news&rsv_dl=fyb_news', '2023-02-23 14:40:01', '2023-02-23 14:40:01', '2023-02-23 14:40:01', 2, NULL);
INSERT INTO `headline_news` VALUES ('197aa1961c7848b19f1158fee632b82f', '四川稻城森林火灾扑救难度极大', '近日，受连日高温天气影响，四川境内发生多起森林火灾。目前，四川九寨沟森林火灾已成功扑灭，稻城、盐源两起火灾正在全力扑救中。', 'https://fyb-2.cdn.bcebos.com/hotboard_image/c8f4ad73d17d97bbd1326d4df8a04f23', '百度', 'https://www.baidu.com/s?wd=%E5%9B%9B%E5%B7%9D%E7%A8%BB%E5%9F%8E%E6%A3%AE%E6%9E%97%E7%81%AB%E7%81%BE%E6%89%91%E6%95%91%E9%9A%BE%E5%BA%A6%E6%9E%81%E5%A4%A7&sa=fyb_news&rsv_dl=fyb_news', '2023-04-22 23:18:16', '2023-04-22 23:18:16', '2023-04-22 23:18:16', 2, NULL);
INSERT INTO `headline_news` VALUES ('19cae173215a4d05b9ab98eb99595a8b', '水庆霞说铿锵玫瑰永远加油', '3月5日，十四届全国人大一次会议首场“代表通道”开启。全国人大代表、中国国家女子足球队主教练水庆霞说，女足精神一直都在，铿锵玫瑰永远加油。', 'https://fyb-2.cdn.bcebos.com/hotboard_image/079070fbd61f961e66fec50332747fe2', '百度', 'https://www.baidu.com/s?wd=%E6%B0%B4%E5%BA%86%E9%9C%9E%E8%AF%B4%E9%93%BF%E9%94%B5%E7%8E%AB%E7%91%B0%E6%B0%B8%E8%BF%9C%E5%8A%A0%E6%B2%B9&sa=fyb_news&rsv_dl=fyb_news', '2023-03-05 10:59:01', '2023-03-05 10:59:01', '2023-03-05 10:59:01', 2, NULL);
INSERT INTO `headline_news` VALUES ('19d13d2fbaf24692b691b7634cc1e33a', '女子上班6天工资仅发41元', '4月16日，一女子在台球厅上班6天后辞职，却被告知没有工资，向劳动局反映后，老板以各种理由克扣只发了41元工资。', 'https://fyb-2.cdn.bcebos.com/hotboard_image/00e26099870eed48c8ba6bebae88ced6', '百度', 'https://www.baidu.com/s?wd=%E5%A5%B3%E5%AD%90%E4%B8%8A%E7%8F%AD6%E5%A4%A9%E5%B7%A5%E8%B5%84%E4%BB%85%E5%8F%9141%E5%85%83&sa=fyb_news&rsv_dl=fyb_news', '2023-04-20 00:59:06', '2023-04-20 00:59:06', '2023-04-20 00:59:06', 2, NULL);
INSERT INTO `headline_news` VALUES ('1a1af3a7010c44079e4eeb1c3e51e5d9', '代表委员这一天', '2023年全国两会如期而至。代表委员们关注国计民生的哪些方面？带来了哪些议案、建议和提案？《代表委员这一天》，一起见证代表委员履职尽责，建言献策。', 'https://fyb-2.cdn.bcebos.com/hotboard_image/45a7aba8d1da66bd31be93d266371eae', '百度', 'https://www.baidu.com/s?wd=%E4%BB%A3%E8%A1%A8%E5%A7%94%E5%91%98%E8%BF%99%E4%B8%80%E5%A4%A9&sa=fyb_news&rsv_dl=fyb_news', '2023-03-04 21:54:01', '2023-03-04 21:54:01', '2023-03-04 21:54:01', 2, NULL);
INSERT INTO `headline_news` VALUES ('1ab2d54c580a411f8b0ead50c18ff043', '淄博迎最热五一 多数酒店提前售罄', '近日，淄博烧烤当地多家酒店五一期间的客房都已提前售罄。淄博一家商场发布告知书称，五一期间会向外地游客提供免费临时夜宿服务。', 'https://fyb-2.cdn.bcebos.com/hotboard_image/5cc8f56c2417be484f6bb84e30e114a8', '百度', 'https://www.baidu.com/s?wd=%E6%B7%84%E5%8D%9A%E8%BF%8E%E6%9C%80%E7%83%AD%E4%BA%94%E4%B8%80+%E5%A4%9A%E6%95%B0%E9%85%92%E5%BA%97%E6%8F%90%E5%89%8D%E5%94%AE%E7%BD%84&sa=fyb_news&rsv_dl=fyb_news', '2023-04-22 15:35:17', '2023-04-22 15:35:17', '2023-04-22 15:35:17', 2, NULL);
INSERT INTO `headline_news` VALUES ('1ab36ee63d0a44249f410f93f7dc7937', '克宫回应“俄罗斯有点羡慕中国”', '近日，克宫发言人佩斯科夫在采访中被问及俄普京近日称“俄罗斯有些羡慕中国”相关问题回应：从其他国家可借鉴经验角度看，这些决策值得研究。', 'https://fyb-2.cdn.bcebos.com/hotboard_image/370d9eee39e81b80e89d8e6650d4af71', '百度', 'https://www.baidu.com/s?wd=%E5%85%8B%E5%AE%AB%E5%9B%9E%E5%BA%94%E2%80%9C%E4%BF%84%E7%BD%97%E6%96%AF%E6%9C%89%E7%82%B9%E7%BE%A1%E6%85%95%E4%B8%AD%E5%9B%BD%E2%80%9D&sa=fyb_news&rsv_dl=fyb_news', '2023-03-27 15:44:01', '2023-03-27 15:44:01', '2023-03-27 15:44:01', 2, NULL);
INSERT INTO `headline_news` VALUES ('1ac4b1fa4be444d9807065489068cdb6', '高校书记校长密集调整', '', 'https://fyb-1.cdn.bcebos.com/fyb/de6163834f53ca92c1273fff98ac9078.jpeg', '百度', 'https://www.baidu.com/s?wd=%E9%AB%98%E6%A0%A1%E4%B9%A6%E8%AE%B0%E6%A0%A1%E9%95%BF%E5%AF%86%E9%9B%86%E8%B0%83%E6%95%B4&sa=fyb_news&rsv_dl=fyb_news', '2023-02-24 14:44:01', '2023-02-24 14:44:01', '2023-02-24 14:44:01', 2, NULL);
INSERT INTO `headline_news` VALUES ('1b61cb2c457a4c43a3d932c577580012', '专家称生育率降低不只因为房价高', '4月21日，中房集团原董事长、汇力基金董事长孟晓苏在直播中表示，现在造成生育率降低还不光是因为房价，而是生育欲望的问题。', 'https://fyb-2.cdn.bcebos.com/hotboard_image/ed8ae905bf8fcc8689c93c214452f666', '百度', 'https://www.baidu.com/s?wd=%E4%B8%93%E5%AE%B6%E7%A7%B0%E7%94%9F%E8%82%B2%E7%8E%87%E9%99%8D%E4%BD%8E%E4%B8%8D%E5%8F%AA%E5%9B%A0%E4%B8%BA%E6%88%BF%E4%BB%B7%E9%AB%98&sa=fyb_news&rsv_dl=fyb_news', '2023-04-21 17:29:15', '2023-04-21 17:29:15', '2023-04-21 17:29:15', 2, NULL);
INSERT INTO `headline_news` VALUES ('1b823f197d74404eb2a41cdd87be067e', '俄国防部：乌军正为进攻大批集结', '', 'https://fyb-1.cdn.bcebos.com/fyb/de6163834f53ca92c1273fff98ac9078.jpeg', '百度', 'https://www.baidu.com/s?wd=%E4%BF%84%E5%9B%BD%E9%98%B2%E9%83%A8%EF%BC%9A%E4%B9%8C%E5%86%9B%E6%AD%A3%E4%B8%BA%E8%BF%9B%E6%94%BB%E5%A4%A7%E6%89%B9%E9%9B%86%E7%BB%93&sa=fyb_news&rsv_dl=fyb_news', '2023-02-25 13:30:02', '2023-02-25 13:30:02', '2023-02-25 13:30:02', 2, NULL);
INSERT INTO `headline_news` VALUES ('1c232826e89340c8b4b77eafce8e1c89', '俄罗斯准备封存受损天然气管道', '', 'https://fyb-1.cdn.bcebos.com/fyb/de6163834f53ca92c1273fff98ac9078.jpeg', '百度', 'https://www.baidu.com/s?wd=%E4%BF%84%E7%BD%97%E6%96%AF%E5%87%86%E5%A4%87%E5%B0%81%E5%AD%98%E5%8F%97%E6%8D%9F%E5%A4%A9%E7%84%B6%E6%B0%94%E7%AE%A1%E9%81%93&sa=fyb_news&rsv_dl=fyb_news', '2023-03-04 22:04:01', '2023-03-04 22:04:01', '2023-03-04 22:04:01', 2, NULL);
INSERT INTO `headline_news` VALUES ('1c38fd79a4b74f8e9ac91ab0f11e6e3c', '新人未出席婚礼父母致辞20秒开席', '', 'https://fyb-1.cdn.bcebos.com/fyb/de6163834f53ca92c1273fff98ac9078.jpeg', '百度', 'https://www.baidu.com/s?wd=%E6%96%B0%E4%BA%BA%E6%9C%AA%E5%87%BA%E5%B8%AD%E5%A9%9A%E7%A4%BC%E7%88%B6%E6%AF%8D%E8%87%B4%E8%BE%9E20%E7%A7%92%E5%BC%80%E5%B8%AD&sa=fyb_news&rsv_dl=fyb_news', '2023-04-20 13:35:07', '2023-04-20 13:35:07', '2023-04-20 13:35:07', 2, NULL);
INSERT INTO `headline_news` VALUES ('1c47a649ed2648f293dfd5a147269605', '48岁冻龄妈妈回应整容质疑', '近日，48岁冻龄妈妈王静蓉因参加一场恋爱综艺节目而引发大众关注。面对整容质疑，她回应：整容我是不排斥的,但确实我一刀都没有动过。', 'https://fyb-2.cdn.bcebos.com/hotboard_image/e3b8458748b23a03696cc2bb4b77b91b', '百度', 'https://www.baidu.com/s?wd=48%E5%B2%81%E5%86%BB%E9%BE%84%E5%A6%88%E5%A6%88%E5%9B%9E%E5%BA%94%E6%95%B4%E5%AE%B9%E8%B4%A8%E7%96%91&sa=fyb_news&rsv_dl=fyb_news', '2023-04-20 21:48:04', '2023-04-20 21:48:04', '2023-04-20 21:48:04', 2, NULL);
INSERT INTO `headline_news` VALUES ('1c55957c4d1b4f06a42c3adb554c2760', '日本或取消重要人物街头演讲', '', 'https://fyb-1.cdn.bcebos.com/fyb/de6163834f53ca92c1273fff98ac9078.jpeg', '百度', 'https://www.baidu.com/s?wd=%E6%97%A5%E6%9C%AC%E6%88%96%E5%8F%96%E6%B6%88%E9%87%8D%E8%A6%81%E4%BA%BA%E7%89%A9%E8%A1%97%E5%A4%B4%E6%BC%94%E8%AE%B2&sa=fyb_news&rsv_dl=fyb_news', '2023-04-20 03:49:02', '2023-04-20 03:49:02', '2023-04-20 03:49:02', 2, NULL);
INSERT INTO `headline_news` VALUES ('1ca1d59070f14a7fbac9b765f9e68764', '警方:掏手铐威胁人男子系网约车司机', '近日，河北一男子在路上与他人起争执，掏手铐威胁他人，自称是“市局的”。警方通报：男子系某平台网约车司机，非公职人员，已被行拘15天。', 'https://fyb-2.cdn.bcebos.com/hotboard_image/8389c21672fc614ab5737099a675a064', '百度', 'https://www.baidu.com/s?wd=%E8%AD%A6%E6%96%B9%3A%E6%8E%8F%E6%89%8B%E9%93%90%E5%A8%81%E8%83%81%E4%BA%BA%E7%94%B7%E5%AD%90%E7%B3%BB%E7%BD%91%E7%BA%A6%E8%BD%A6%E5%8F%B8%E6%9C%BA&sa=fyb_news&rsv_dl=fyb_news', '2023-03-26 10:30:01', '2023-03-26 10:30:01', '2023-03-26 10:30:01', 2, NULL);
INSERT INTO `headline_news` VALUES ('1ca45b84baba4b93a8af25555d7ceb1d', '工信部部长：6G网络将加快研发', '', 'https://fyb-1.cdn.bcebos.com/fyb/de6163834f53ca92c1273fff98ac9078.jpeg', '百度', 'https://www.baidu.com/s?wd=%E5%B7%A5%E4%BF%A1%E9%83%A8%E9%83%A8%E9%95%BF%EF%BC%9A6G%E7%BD%91%E7%BB%9C%E5%B0%86%E5%8A%A0%E5%BF%AB%E7%A0%94%E5%8F%91&sa=fyb_news&rsv_dl=fyb_news', '2023-03-05 13:58:01', '2023-03-05 13:58:01', '2023-03-05 13:58:01', 2, NULL);
INSERT INTO `headline_news` VALUES ('1cb84a93a82e4902bd928a0a709ba02e', '女子与前夫摆拍家暴并直播谎称报警', '23日晚，一网友发布视频称自己被前夫家暴，已经报警。24日，官方通报：该女子为博取同情、吸引流量，与其前夫共同摆拍视频，并在直播时谎称报警。', 'https://fyb-2.cdn.bcebos.com/hotboard_image/4b8cdb96046667d22804ffad158cf95b', '百度', 'https://www.baidu.com/s?wd=%E5%A5%B3%E5%AD%90%E4%B8%8E%E5%89%8D%E5%A4%AB%E6%91%86%E6%8B%8D%E5%AE%B6%E6%9A%B4%E5%B9%B6%E7%9B%B4%E6%92%AD%E8%B0%8E%E7%A7%B0%E6%8A%A5%E8%AD%A6&sa=fyb_news&rsv_dl=fyb_news', '2023-02-25 13:23:01', '2023-02-25 13:23:01', '2023-02-25 13:23:01', 2, NULL);
INSERT INTO `headline_news` VALUES ('1cd6364bfaae40e6a76b97bc1d8fe886', '庞博以为种地吧就是一张PPT', '', 'https://fyb-1.cdn.bcebos.com/fyb/de6163834f53ca92c1273fff98ac9078.jpeg', '百度', 'https://www.baidu.com/s?wd=%E5%BA%9E%E5%8D%9A%E4%BB%A5%E4%B8%BA%E7%A7%8D%E5%9C%B0%E5%90%A7%E5%B0%B1%E6%98%AF%E4%B8%80%E5%BC%A0PPT&sa=fyb_news&rsv_dl=fyb_news', '2023-02-23 14:31:01', '2023-02-23 14:31:01', '2023-02-23 14:31:01', 2, NULL);
INSERT INTO `headline_news` VALUES ('1cf53b3e71a64681bb80346411769ba5', '20余省份公务员省考 多地扩招', '2月25日，20余省份举行2023年公务员招录笔试。在今年的招录中，多地公务员岗位面向应届毕业生进一步扩招，多措并举引导人才投身基层建设。', 'https://fyb-2.cdn.bcebos.com/hotboard_image/ffdab791678c519afb2c74892aabd266', '百度', 'https://www.baidu.com/s?wd=20%E4%BD%99%E7%9C%81%E4%BB%BD%E5%85%AC%E5%8A%A1%E5%91%98%E7%9C%81%E8%80%83+%E5%A4%9A%E5%9C%B0%E6%89%A9%E6%8B%9B&sa=fyb_news&rsv_dl=fyb_news', '2023-02-25 13:24:01', '2023-02-25 13:24:01', '2023-02-25 13:24:01', 2, NULL);
INSERT INTO `headline_news` VALUES ('1cfc6cd650124789a4f86b2ff4a47691', '莫兰特在直播中秀枪', '', 'https://fyb-1.cdn.bcebos.com/fyb/de6163834f53ca92c1273fff98ac9078.jpeg', '百度', 'https://www.baidu.com/s?wd=%E8%8E%AB%E5%85%B0%E7%89%B9%E5%9C%A8%E7%9B%B4%E6%92%AD%E4%B8%AD%E7%A7%80%E6%9E%AA&sa=fyb_news&rsv_dl=fyb_news', '2023-03-05 09:59:01', '2023-03-05 09:59:01', '2023-03-05 09:59:01', 2, NULL);
INSERT INTO `headline_news` VALUES ('1d6325432b284f0889fbfc76a7a7524c', '俄乌冲突这一年 多少将士折戟沙场？', '至今，俄乌冲突已持续一年时间。有媒体结合交战双方、欧美国防部门、第三方机构及开源情报爱好者提供的数据，对俄乌前线的伤亡人数进行了梳理与分析。', 'https://fyb-2.cdn.bcebos.com/hotboard_image/d4a980f2a21aa22be113caf072ba960f', '百度', 'https://www.baidu.com/s?wd=%E4%BF%84%E4%B9%8C%E5%86%B2%E7%AA%81%E8%BF%99%E4%B8%80%E5%B9%B4+%E5%A4%9A%E5%B0%91%E5%B0%86%E5%A3%AB%E6%8A%98%E6%88%9F%E6%B2%99%E5%9C%BA%EF%BC%9F&sa=fyb_news&rsv_dl=fyb_news', '2023-02-24 13:40:01', '2023-02-24 13:40:01', '2023-02-24 13:40:01', 2, NULL);
INSERT INTO `headline_news` VALUES ('1d9d6adf20fb4851bf50e91a193159e2', '石家庄回应买火腿肠可免费乘地铁', '', 'https://fyb-1.cdn.bcebos.com/fyb/de6163834f53ca92c1273fff98ac9078.jpeg', '百度', 'https://www.baidu.com/s?wd=%E7%9F%B3%E5%AE%B6%E5%BA%84%E5%9B%9E%E5%BA%94%E4%B9%B0%E7%81%AB%E8%85%BF%E8%82%A0%E5%8F%AF%E5%85%8D%E8%B4%B9%E4%B9%98%E5%9C%B0%E9%93%81&sa=fyb_news&rsv_dl=fyb_news', '2023-03-05 13:54:01', '2023-03-05 13:54:01', '2023-03-05 13:54:01', 2, NULL);
INSERT INTO `headline_news` VALUES ('1dfb43337cfe45628ab46fca5fbf1771', '10户中央企业领导人员调整', '', 'https://fyb-1.cdn.bcebos.com/fyb/de6163834f53ca92c1273fff98ac9078.jpeg', '百度', 'https://www.baidu.com/s?wd=10%E6%88%B7%E4%B8%AD%E5%A4%AE%E4%BC%81%E4%B8%9A%E9%A2%86%E5%AF%BC%E4%BA%BA%E5%91%98%E8%B0%83%E6%95%B4&sa=fyb_news&rsv_dl=fyb_news', '2023-03-27 10:27:00', '2023-03-27 10:27:00', '2023-03-27 10:27:00', 2, NULL);
INSERT INTO `headline_news` VALUES ('1e110d95a4764fee8d800e8722d5ecd8', '全面降准正式落地 影响多大？', '3月27日，央行降准正式落地，预计释放中长期资金6000亿元。专家表示，央行适时降准，有助于更好的激发实体融资需求，稳经济、降成本。', 'https://fyb-2.cdn.bcebos.com/hotboard_image/52367baf68b611e491b9738ba3327e47', '百度', 'https://www.baidu.com/s?wd=%E5%85%A8%E9%9D%A2%E9%99%8D%E5%87%86%E6%AD%A3%E5%BC%8F%E8%90%BD%E5%9C%B0+%E5%BD%B1%E5%93%8D%E5%A4%9A%E5%A4%A7%EF%BC%9F&sa=fyb_news&rsv_dl=fyb_news', '2023-03-27 10:14:01', '2023-03-27 10:14:01', '2023-03-27 10:14:01', 2, NULL);
INSERT INTO `headline_news` VALUES ('1e501aa80fda4c07baab996377566e79', '深圳一退休官员坠亡 家属：患抑郁症', '7日，南山区蛇口街道澳城花园小区发生一起坠亡事件。据悉，死者为深圳市人民政府原副秘书长盛斌（已退休）。家属称其患有抑郁症。', 'https://fyb-2.cdn.bcebos.com/hotboard_image/8b9388c7c5cc796e778676db2e7e8f7f', '百度', 'https://www.baidu.com/s?wd=%E6%B7%B1%E5%9C%B3%E4%B8%80%E9%80%80%E4%BC%91%E5%AE%98%E5%91%98%E5%9D%A0%E4%BA%A1+%E5%AE%B6%E5%B1%9E%EF%BC%9A%E6%82%A3%E6%8A%91%E9%83%81%E7%97%87&sa=fyb_news&rsv_dl=fyb_news', '2023-04-20 18:22:01', '2023-04-20 18:22:01', '2023-04-20 18:22:01', 2, NULL);
INSERT INTO `headline_news` VALUES ('1e5f3417f1d84052b268c81ca155cf27', '女子入职58天迟到21次不满被辞', '近日，广东广州。女子因多次迟到被辞退，不满公司补偿申请劳动仲裁。劳动仲裁开庭当天，该女子迟到了16分钟。', 'https://fyb-2.cdn.bcebos.com/hotboard_image/caf3b56b4d372058f032b04a9dbfd7ef', '百度', 'https://www.baidu.com/s?wd=%E5%A5%B3%E5%AD%90%E5%85%A5%E8%81%8C58%E5%A4%A9%E8%BF%9F%E5%88%B021%E6%AC%A1%E4%B8%8D%E6%BB%A1%E8%A2%AB%E8%BE%9E&sa=fyb_news&rsv_dl=fyb_news', '2023-04-20 10:20:03', '2023-04-20 10:20:03', '2023-04-20 10:20:03', 2, NULL);
INSERT INTO `headline_news` VALUES ('1ea277677d41488686b5e2cc0f44a12d', '保安回应没制止路人挥拳打抱娃女子', '23日，广东广州江夏地铁站口外一男子殴打怀抱婴儿女子。被指冷漠未制止的保安回应：丈夫打妻子很突然，他当时在给队长发信息，若提前知道会劝止。', 'https://fyb-2.cdn.bcebos.com/hotboard_image/9149b36ac509ec3ee355da328d914e33', '百度', 'https://www.baidu.com/s?wd=%E4%BF%9D%E5%AE%89%E5%9B%9E%E5%BA%94%E6%B2%A1%E5%88%B6%E6%AD%A2%E8%B7%AF%E4%BA%BA%E6%8C%A5%E6%8B%B3%E6%89%93%E6%8A%B1%E5%A8%83%E5%A5%B3%E5%AD%90&sa=fyb_news&rsv_dl=fyb_news', '2023-02-25 14:24:01', '2023-02-25 14:24:01', '2023-02-25 14:24:01', 2, NULL);
INSERT INTO `headline_news` VALUES ('1eeb6ef17adc4e18930fb404189689ad', '江西进入汛期鄱阳湖水位上涨', '', 'https://fyb-1.cdn.bcebos.com/fyb/de6163834f53ca92c1273fff98ac9078.jpeg', '百度', 'https://www.baidu.com/s?wd=%E6%B1%9F%E8%A5%BF%E8%BF%9B%E5%85%A5%E6%B1%9B%E6%9C%9F%E9%84%B1%E9%98%B3%E6%B9%96%E6%B0%B4%E4%BD%8D%E4%B8%8A%E6%B6%A8&sa=fyb_news&rsv_dl=fyb_news', '2023-03-26 21:09:00', '2023-03-26 21:09:00', '2023-03-26 21:09:00', 2, NULL);
INSERT INTO `headline_news` VALUES ('1f2a298dad234e15b34512ccd91febee', '马斯克对推特估值仅为200亿美元', '', 'https://fyb-1.cdn.bcebos.com/fyb/de6163834f53ca92c1273fff98ac9078.jpeg', '百度', 'https://www.baidu.com/s?wd=%E9%A9%AC%E6%96%AF%E5%85%8B%E5%AF%B9%E6%8E%A8%E7%89%B9%E4%BC%B0%E5%80%BC%E4%BB%85%E4%B8%BA200%E4%BA%BF%E7%BE%8E%E5%85%83&sa=fyb_news&rsv_dl=fyb_news', '2023-03-26 12:34:01', '2023-03-26 12:34:01', '2023-03-26 12:34:01', 2, NULL);
INSERT INTO `headline_news` VALUES ('202a2243470c46208977163d8342a149', '多人收到陌生快递杯子扫码被骗', '', 'https://fyb-1.cdn.bcebos.com/fyb/de6163834f53ca92c1273fff98ac9078.jpeg', '百度', 'https://www.baidu.com/s?wd=%E5%A4%9A%E4%BA%BA%E6%94%B6%E5%88%B0%E9%99%8C%E7%94%9F%E5%BF%AB%E9%80%92%E6%9D%AF%E5%AD%90%E6%89%AB%E7%A0%81%E8%A2%AB%E9%AA%97&sa=fyb_news&rsv_dl=fyb_news', '2023-03-26 17:52:01', '2023-03-26 17:52:01', '2023-03-26 17:52:01', 2, NULL);
INSERT INTO `headline_news` VALUES ('205bbf364e3a401689db9534ebc3ca0c', '北方冷到发紫南方热到发红', '', 'https://fyb-1.cdn.bcebos.com/fyb/de6163834f53ca92c1273fff98ac9078.jpeg', '百度', 'https://www.baidu.com/s?wd=%E5%8C%97%E6%96%B9%E5%86%B7%E5%88%B0%E5%8F%91%E7%B4%AB%E5%8D%97%E6%96%B9%E7%83%AD%E5%88%B0%E5%8F%91%E7%BA%A2&sa=fyb_news&rsv_dl=fyb_news', '2023-04-21 08:49:06', '2023-04-21 08:49:06', '2023-04-21 08:49:06', 2, NULL);
INSERT INTO `headline_news` VALUES ('2069d6bfdda943439deb4fa6297780a2', '云南一货车与微型车相撞致7死2伤', '', 'https://fyb-1.cdn.bcebos.com/fyb/de6163834f53ca92c1273fff98ac9078.jpeg', '百度', 'https://www.baidu.com/s?wd=%E4%BA%91%E5%8D%97%E4%B8%80%E8%B4%A7%E8%BD%A6%E4%B8%8E%E5%BE%AE%E5%9E%8B%E8%BD%A6%E7%9B%B8%E6%92%9E%E8%87%B47%E6%AD%BB2%E4%BC%A4&sa=fyb_news&rsv_dl=fyb_news', '2023-04-23 11:42:01', '2023-04-23 11:42:01', '2023-04-23 11:42:01', 2, NULL);
INSERT INTO `headline_news` VALUES ('207d1047dd5d4b32a60111a86a090856', '三星李在镕时隔近3年再访华', '据悉，三星电子会长李在镕为出席本月25日至27日举行的中国发展高层论坛2023年年会，于23日抵达北京。这是李在镕时隔近3年再次到访中国。', 'https://fyb-2.cdn.bcebos.com/hotboard_image/024b0c7c87c7586cb3aa37213255e2d7', '百度', 'https://www.baidu.com/s?wd=%E4%B8%89%E6%98%9F%E6%9D%8E%E5%9C%A8%E9%95%95%E6%97%B6%E9%9A%94%E8%BF%913%E5%B9%B4%E5%86%8D%E8%AE%BF%E5%8D%8E&sa=fyb_news&rsv_dl=fyb_news', '2023-03-27 10:14:01', '2023-03-27 10:14:01', '2023-03-27 10:14:01', 2, NULL);
INSERT INTO `headline_news` VALUES ('20d26a46fee143f7804dd3678e8b8853', '金庸图书馆将被拆除？当地回应', '', 'https://fyb-1.cdn.bcebos.com/fyb/de6163834f53ca92c1273fff98ac9078.jpeg', '百度', 'https://www.baidu.com/s?wd=%E9%87%91%E5%BA%B8%E5%9B%BE%E4%B9%A6%E9%A6%86%E5%B0%86%E8%A2%AB%E6%8B%86%E9%99%A4%EF%BC%9F%E5%BD%93%E5%9C%B0%E5%9B%9E%E5%BA%94&sa=fyb_news&rsv_dl=fyb_news', '2023-04-23 11:34:20', '2023-04-23 11:34:20', '2023-04-23 11:34:20', 2, NULL);
INSERT INTO `headline_news` VALUES ('2161cc456ab244dbb446ee67883e1ed7', '扬科维奇任国足新主帅', '', 'https://fyb-1.cdn.bcebos.com/fyb/de6163834f53ca92c1273fff98ac9078.jpeg', '百度', 'https://www.baidu.com/s?wd=%E6%89%AC%E7%A7%91%E7%BB%B4%E5%A5%87%E4%BB%BB%E5%9B%BD%E8%B6%B3%E6%96%B0%E4%B8%BB%E5%B8%85&sa=fyb_news&rsv_dl=fyb_news', '2023-02-24 17:08:01', '2023-02-24 17:08:01', '2023-02-24 17:08:01', 2, NULL);
INSERT INTO `headline_news` VALUES ('21690696250b49b1b822c903bf3d30c4', '水哥最强大脑5分钟答对15道题', '', 'https://fyb-1.cdn.bcebos.com/fyb/de6163834f53ca92c1273fff98ac9078.jpeg', '百度', 'https://www.baidu.com/s?wd=%E6%B0%B4%E5%93%A5%E6%9C%80%E5%BC%BA%E5%A4%A7%E8%84%915%E5%88%86%E9%92%9F%E7%AD%94%E5%AF%B915%E9%81%93%E9%A2%98&sa=fyb_news&rsv_dl=fyb_news', '2023-02-25 13:23:01', '2023-02-25 13:23:01', '2023-02-25 13:23:01', 2, NULL);
INSERT INTO `headline_news` VALUES ('22901aab7c23441a897c223830f769a9', '中学誓师大会安排学生向家长磕头', '近日，四川广元剑阁县白龙中学中考百日冲刺誓师大会上，学校安排学生向家长下跪磕头。4日，县教育局称，已收到家长反映，目前正在调查。', 'https://fyb-2.cdn.bcebos.com/hotboard_image/8953a2764590f04336047cc3eda09a61', '百度', 'https://www.baidu.com/s?wd=%E4%B8%AD%E5%AD%A6%E8%AA%93%E5%B8%88%E5%A4%A7%E4%BC%9A%E5%AE%89%E6%8E%92%E5%AD%A6%E7%94%9F%E5%90%91%E5%AE%B6%E9%95%BF%E7%A3%95%E5%A4%B4&sa=fyb_news&rsv_dl=fyb_news', '2023-03-05 12:29:01', '2023-03-05 12:29:01', '2023-03-05 12:29:01', 2, NULL);
INSERT INTO `headline_news` VALUES ('23483b0d0b254018933fca70df2be6a5', '台北101大楼遭雷击瞬间曝光', '', 'https://fyb-1.cdn.bcebos.com/fyb/de6163834f53ca92c1273fff98ac9078.jpeg', '百度', 'https://www.baidu.com/s?wd=%E5%8F%B0%E5%8C%97101%E5%A4%A7%E6%A5%BC%E9%81%AD%E9%9B%B7%E5%87%BB%E7%9E%AC%E9%97%B4%E6%9B%9D%E5%85%89&sa=fyb_news&rsv_dl=fyb_news', '2023-04-20 21:08:02', '2023-04-20 21:08:02', '2023-04-20 21:08:02', 2, NULL);
INSERT INTO `headline_news` VALUES ('2349981030714eb9b794589b0b035b39', '拓展融合发展新空间', '21日，2023中国网络媒体论坛“技术赋能·拓展融合发展新空间”平行论坛在南京举行。论坛汇聚多方力量，共同探讨行业发展机遇，展望技术应用前景。', 'https://fyb-2.cdn.bcebos.com/hotboard_image/add05e092b99d56a21f318fd8a974bc7', '百度', 'https://www.baidu.com/s?wd=%E6%8B%93%E5%B1%95%E8%9E%8D%E5%90%88%E5%8F%91%E5%B1%95%E6%96%B0%E7%A9%BA%E9%97%B4&sa=fyb_news&rsv_dl=fyb_news', '2023-04-22 21:05:03', '2023-04-22 21:05:03', '2023-04-22 21:05:03', 2, NULL);
INSERT INTO `headline_news` VALUES ('234c0f00986a4258af86770e52202ff3', '“村BA”总决赛 五金店梯子被租光', '25日晚，贵州首届“美丽乡村”篮球联赛总决赛正式开赛。不少观众为了占据高位看比赛租起了梯子，多家五金店内的梯子被租赁一空。', 'https://fyb-2.cdn.bcebos.com/hotboard_image/72547f7df5fbbdfe6effe862b38d658c', '百度', 'https://www.baidu.com/s?wd=%E2%80%9C%E6%9D%91BA%E2%80%9D%E6%80%BB%E5%86%B3%E8%B5%9B+%E4%BA%94%E9%87%91%E5%BA%97%E6%A2%AF%E5%AD%90%E8%A2%AB%E7%A7%9F%E5%85%89&sa=fyb_news&rsv_dl=fyb_news', '2023-03-26 18:09:02', '2023-03-26 18:09:02', '2023-03-26 18:09:02', 2, NULL);
INSERT INTO `headline_news` VALUES ('234c8d21b8a54fdabd08c80a879d26b6', '河南商丘公交因亏损严重将暂停运营', '2月23日，“商丘公交”发布通告，公司亏损十分严重，经营异常困难，拟于2023年3月1日起暂停运营商丘市市区公交线路。', 'https://fyb-2.cdn.bcebos.com/hotboard_image/b23619c60f8ce2740769c96fe682ca3f', '百度', 'https://www.baidu.com/s?wd=%E6%B2%B3%E5%8D%97%E5%95%86%E4%B8%98%E5%85%AC%E4%BA%A4%E5%9B%A0%E4%BA%8F%E6%8D%9F%E4%B8%A5%E9%87%8D%E5%B0%86%E6%9A%82%E5%81%9C%E8%BF%90%E8%90%A5&sa=fyb_news&rsv_dl=fyb_news', '2023-02-23 11:13:01', '2023-02-23 11:13:01', '2023-02-23 11:13:01', 2, NULL);
INSERT INTO `headline_news` VALUES ('23638e996bf74bdfb99ff2151fef1f33', '一次世界瞩目的和平之旅', '早春三月，习近平主席对俄罗斯进行国事访问，拉开今年中国元首外交新帷幕。这是一次世界瞩目的友谊之旅、合作之旅、和平之旅，彰显大国的责任担当。', 'https://fyb-2.cdn.bcebos.com/hotboard_image/36d7fb53890bb0727f6a09e40313b445', '百度', 'https://www.baidu.com/s?wd=%E4%B8%80%E6%AC%A1%E4%B8%96%E7%95%8C%E7%9E%A9%E7%9B%AE%E7%9A%84%E5%92%8C%E5%B9%B3%E4%B9%8B%E6%97%85&sa=fyb_news&rsv_dl=fyb_news', '2023-03-26 11:41:01', '2023-03-26 11:41:01', '2023-03-26 11:41:01', 2, NULL);
INSERT INTO `headline_news` VALUES ('2366bf3b04b94925a9af945b41ae301c', '美国务院“中国组”负责人低调来华', '这几日，中国发展高层论坛2023年年会正在北京举行，同时美国国务院“中国组”负责人开启他相对低调的访华行程，在过去的一周访问了访京沪港三地。', 'https://fyb-2.cdn.bcebos.com/hotboard_image/7eeae90e02d67cd6d257aec090385b7f', '百度', 'https://www.baidu.com/s?wd=%E7%BE%8E%E5%9B%BD%E5%8A%A1%E9%99%A2%E2%80%9C%E4%B8%AD%E5%9B%BD%E7%BB%84%E2%80%9D%E8%B4%9F%E8%B4%A3%E4%BA%BA%E4%BD%8E%E8%B0%83%E6%9D%A5%E5%8D%8E&sa=fyb_news&rsv_dl=fyb_news', '2023-03-27 10:14:01', '2023-03-27 10:14:01', '2023-03-27 10:14:01', 2, NULL);
INSERT INTO `headline_news` VALUES ('2425d9d4ce2942c09469c3690d92c7af', '上海地铁老人要座被拒骂其外地人', '', 'https://fyb-1.cdn.bcebos.com/fyb/de6163834f53ca92c1273fff98ac9078.jpeg', '百度', 'https://www.baidu.com/s?wd=%E4%B8%8A%E6%B5%B7%E5%9C%B0%E9%93%81%E8%80%81%E4%BA%BA%E8%A6%81%E5%BA%A7%E8%A2%AB%E6%8B%92%E9%AA%82%E5%85%B6%E5%A4%96%E5%9C%B0%E4%BA%BA&sa=fyb_news&rsv_dl=fyb_news', '2023-04-22 15:39:06', '2023-04-22 15:39:06', '2023-04-22 15:39:06', 2, NULL);
INSERT INTO `headline_news` VALUES ('24388b55f0bc4903b71dca36f2f64ffb', '园方回应熊猫阿宝耳朵被咬成V形', '', 'https://fyb-1.cdn.bcebos.com/fyb/de6163834f53ca92c1273fff98ac9078.jpeg', '百度', 'https://www.baidu.com/s?wd=%E5%9B%AD%E6%96%B9%E5%9B%9E%E5%BA%94%E7%86%8A%E7%8C%AB%E9%98%BF%E5%AE%9D%E8%80%B3%E6%9C%B5%E8%A2%AB%E5%92%AC%E6%88%90V%E5%BD%A2&sa=fyb_news&rsv_dl=fyb_news', '2023-04-22 17:19:26', '2023-04-22 17:19:26', '2023-04-22 17:19:26', 2, NULL);
INSERT INTO `headline_news` VALUES ('244e6b73d0984f7195d72a0cefc4db64', '赵继伟三分好牛', '', 'https://fyb-1.cdn.bcebos.com/fyb/de6163834f53ca92c1273fff98ac9078.jpeg', '百度', 'https://www.baidu.com/s?wd=%E8%B5%B5%E7%BB%A7%E4%BC%9F%E4%B8%89%E5%88%86%E5%A5%BD%E7%89%9B&sa=fyb_news&rsv_dl=fyb_news', '2023-04-21 00:51:16', '2023-04-21 00:51:16', '2023-04-21 00:51:16', 2, NULL);
INSERT INTO `headline_news` VALUES ('2464b3f1ffb3456595c263bc66d6d399', '长峰火灾在院治疗39人 其中危重4人', '', 'https://fyb-1.cdn.bcebos.com/fyb/de6163834f53ca92c1273fff98ac9078.jpeg', '百度', 'https://www.baidu.com/s?wd=%E9%95%BF%E5%B3%B0%E7%81%AB%E7%81%BE%E5%9C%A8%E9%99%A2%E6%B2%BB%E7%96%9739%E4%BA%BA+%E5%85%B6%E4%B8%AD%E5%8D%B1%E9%87%8D4%E4%BA%BA&sa=fyb_news&rsv_dl=fyb_news', '2023-04-22 11:10:08', '2023-04-22 11:10:08', '2023-04-22 11:10:08', 2, NULL);
INSERT INTO `headline_news` VALUES ('246bab13580440f183595ebeac350f88', '美国一架飞机强烈颠簸致1人死亡', '', 'https://fyb-1.cdn.bcebos.com/fyb/de6163834f53ca92c1273fff98ac9078.jpeg', '百度', 'https://www.baidu.com/s?wd=%E7%BE%8E%E5%9B%BD%E4%B8%80%E6%9E%B6%E9%A3%9E%E6%9C%BA%E5%BC%BA%E7%83%88%E9%A2%A0%E7%B0%B8%E8%87%B41%E4%BA%BA%E6%AD%BB%E4%BA%A1&sa=fyb_news&rsv_dl=fyb_news', '2023-03-05 10:41:01', '2023-03-05 10:41:01', '2023-03-05 10:41:01', 2, NULL);
INSERT INTO `headline_news` VALUES ('25414640b42e4cf887feb22675ad9247', '委员：在内陆建设核电具备必要性', '全国政协委员杨长利在接受记者专访时提出，内陆核电才是“主流”，我国有能力确保内陆核电的安全，拓展核能应用的空间布局势在必行。', 'https://fyb-2.cdn.bcebos.com/hotboard_image/4e4cc995907a5674bdee54eec39319f3', '百度', 'https://www.baidu.com/s?wd=%E5%A7%94%E5%91%98%EF%BC%9A%E5%9C%A8%E5%86%85%E9%99%86%E5%BB%BA%E8%AE%BE%E6%A0%B8%E7%94%B5%E5%85%B7%E5%A4%87%E5%BF%85%E8%A6%81%E6%80%A7&sa=fyb_news&rsv_dl=fyb_news', '2023-03-05 10:34:01', '2023-03-05 10:34:01', '2023-03-05 10:34:01', 2, NULL);
INSERT INTO `headline_news` VALUES ('265dd0accc274bbdb1e68b6afca3d6c5', '旅泰大熊猫林惠死亡', '4月19日，多家泰国媒体称，清迈动物园雌性大熊猫林惠自4月18日出现生病症状，于19日早不幸死亡。', 'https://fyb-2.cdn.bcebos.com/hotboard_image/fb08bdc27e5efd53243c433ed4667152', '百度', 'https://www.baidu.com/s?wd=%E6%97%85%E6%B3%B0%E5%A4%A7%E7%86%8A%E7%8C%AB%E6%9E%97%E6%83%A0%E6%AD%BB%E4%BA%A1&sa=fyb_news&rsv_dl=fyb_news', '2023-04-20 00:59:05', '2023-04-20 00:59:05', '2023-04-20 00:59:05', 2, NULL);
INSERT INTO `headline_news` VALUES ('267b5fcf3b23485391fdea1550bb7413', '政府工作报告极简版来了', '3月5日上午，李克强总理作政府工作报告。政府工作报告极简版来了，只有700字。一起学习！  ​​​', 'https://fyb-2.cdn.bcebos.com/hotboard_image/a9c76f4f1e2ea681fb747e8fd2c829fa', '百度', 'https://www.baidu.com/s?wd=%E6%94%BF%E5%BA%9C%E5%B7%A5%E4%BD%9C%E6%8A%A5%E5%91%8A%E6%9E%81%E7%AE%80%E7%89%88%E6%9D%A5%E4%BA%86&sa=fyb_news&rsv_dl=fyb_news', '2023-03-05 10:42:01', '2023-03-05 10:42:01', '2023-03-05 10:42:01', 2, NULL);
INSERT INTO `headline_news` VALUES ('26dc506d2a504a51a76dac6381e6674d', '如何应对“新冠二阳”？专家建议', '', 'https://fyb-1.cdn.bcebos.com/fyb/de6163834f53ca92c1273fff98ac9078.jpeg', '百度', 'https://www.baidu.com/s?wd=%E5%A6%82%E4%BD%95%E5%BA%94%E5%AF%B9%E2%80%9C%E6%96%B0%E5%86%A0%E4%BA%8C%E9%98%B3%E2%80%9D%EF%BC%9F%E4%B8%93%E5%AE%B6%E5%BB%BA%E8%AE%AE&sa=fyb_news&rsv_dl=fyb_news', '2023-04-23 14:46:30', '2023-04-23 14:46:30', '2023-04-23 14:46:30', 2, NULL);
INSERT INTO `headline_news` VALUES ('2777183636264a0a9a393d920b1bfa79', '官方回应学生暴晒排练老师怕晒打伞', '4月21日，安徽黄山一网友拍到，某小学学生直面烈日排练节目，老师却打着遮阳伞背对太阳进行指导。随后，教育局回应：会去了解情况。', 'https://fyb-2.cdn.bcebos.com/hotboard_image/25292d8ab9d2f721a415652790650606', '百度', 'https://www.baidu.com/s?wd=%E5%AE%98%E6%96%B9%E5%9B%9E%E5%BA%94%E5%AD%A6%E7%94%9F%E6%9A%B4%E6%99%92%E6%8E%92%E7%BB%83%E8%80%81%E5%B8%88%E6%80%95%E6%99%92%E6%89%93%E4%BC%9E&sa=fyb_news&rsv_dl=fyb_news', '2023-04-22 17:44:04', '2023-04-22 17:44:04', '2023-04-22 17:44:04', 2, NULL);
INSERT INTO `headline_news` VALUES ('2787f35b99104b77bcb032f6d73fd733', '宝马高管：BMW家在中国', '4月19日上海车展上，宝马mini展区被指区别对待中国人。就在两天前，宝马高管曾称宝马“家在中国”。', 'https://fyb-2.cdn.bcebos.com/hotboard_image/134ed383430d94c387c2d755886ac094', '百度', 'https://www.baidu.com/s?wd=%E5%AE%9D%E9%A9%AC%E9%AB%98%E7%AE%A1%EF%BC%9ABMW%E5%AE%B6%E5%9C%A8%E4%B8%AD%E5%9B%BD&sa=fyb_news&rsv_dl=fyb_news', '2023-04-20 15:06:10', '2023-04-20 15:06:10', '2023-04-20 15:06:10', 2, NULL);
INSERT INTO `headline_news` VALUES ('2790ace6c19a4af9818d600aed16040a', '“准点下班被辞”女子申请赔偿', '近日，上海一女子在试用期因准点下班，被公司指责其态度有问题，第3天就被辞退了。目前，该女子已向相关部门申请仲裁。', 'https://fyb-2.cdn.bcebos.com/hotboard_image/4302ac8636ff103c96ae96c29b8f444d', '百度', 'https://www.baidu.com/s?wd=%E2%80%9C%E5%87%86%E7%82%B9%E4%B8%8B%E7%8F%AD%E8%A2%AB%E8%BE%9E%E2%80%9D%E5%A5%B3%E5%AD%90%E7%94%B3%E8%AF%B7%E8%B5%94%E5%81%BF&sa=fyb_news&rsv_dl=fyb_news', '2023-03-04 21:54:01', '2023-03-04 21:54:01', '2023-03-04 21:54:01', 2, NULL);
INSERT INTO `headline_news` VALUES ('27ae4b3e567d4c378cc3f3c06710d33d', '吴亦凡表哥被执行总金额1.5亿元', '', 'https://fyb-1.cdn.bcebos.com/fyb/de6163834f53ca92c1273fff98ac9078.jpeg', '百度', 'https://www.baidu.com/s?wd=%E5%90%B4%E4%BA%A6%E5%87%A1%E8%A1%A8%E5%93%A5%E8%A2%AB%E6%89%A7%E8%A1%8C%E6%80%BB%E9%87%91%E9%A2%9D1.5%E4%BA%BF%E5%85%83&sa=fyb_news&rsv_dl=fyb_news', '2023-04-23 16:08:03', '2023-04-23 16:08:03', '2023-04-23 16:08:03', 2, NULL);
INSERT INTO `headline_news` VALUES ('27d5c0f867dc447a8774d75a13e8d7b5', '蒋梦婕回应被偷拍裙底勒索', '', 'https://fyb-1.cdn.bcebos.com/fyb/de6163834f53ca92c1273fff98ac9078.jpeg', '百度', 'https://www.baidu.com/s?wd=%E8%92%8B%E6%A2%A6%E5%A9%95%E5%9B%9E%E5%BA%94%E8%A2%AB%E5%81%B7%E6%8B%8D%E8%A3%99%E5%BA%95%E5%8B%92%E7%B4%A2&sa=fyb_news&rsv_dl=fyb_news', '2023-04-20 01:05:01', '2023-04-20 01:05:01', '2023-04-20 01:05:01', 2, NULL);
INSERT INTO `headline_news` VALUES ('27e3d67c93eb4a54989fb72c74b111d7', '景甜久违晒自拍', '21日，景甜晒出了一组自拍照，这是她在张继科事件后首次公开亮相。从照片中可以看出，景甜的状态非常好，皮肤白皙，五官精致，笑容甜美。', 'https://fyb-2.cdn.bcebos.com/hotboard_image/00da1af6d108b6c6cb7f73397f66d402', '百度', 'https://www.baidu.com/s?wd=%E6%99%AF%E7%94%9C%E4%B9%85%E8%BF%9D%E6%99%92%E8%87%AA%E6%8B%8D&sa=fyb_news&rsv_dl=fyb_news', '2023-04-21 18:18:04', '2023-04-21 18:18:04', '2023-04-21 18:18:04', 2, NULL);
INSERT INTO `headline_news` VALUES ('28b68b1ab79441f79c81e1692b814dd8', '几百吨大蒜存冷库被偷偷卖空', '', 'https://fyb-1.cdn.bcebos.com/fyb/de6163834f53ca92c1273fff98ac9078.jpeg', '百度', 'https://www.baidu.com/s?wd=%E5%87%A0%E7%99%BE%E5%90%A8%E5%A4%A7%E8%92%9C%E5%AD%98%E5%86%B7%E5%BA%93%E8%A2%AB%E5%81%B7%E5%81%B7%E5%8D%96%E7%A9%BA&sa=fyb_news&rsv_dl=fyb_news', '2023-03-26 22:52:00', '2023-03-26 22:52:00', '2023-03-26 22:52:00', 2, NULL);
INSERT INTO `headline_news` VALUES ('29251d4adfe246d3af51b1b1262c59f3', '动物园回应白面僧面猴长相炸裂', '', 'https://fyb-1.cdn.bcebos.com/fyb/de6163834f53ca92c1273fff98ac9078.jpeg', '百度', 'https://www.baidu.com/s?wd=%E5%8A%A8%E7%89%A9%E5%9B%AD%E5%9B%9E%E5%BA%94%E7%99%BD%E9%9D%A2%E5%83%A7%E9%9D%A2%E7%8C%B4%E9%95%BF%E7%9B%B8%E7%82%B8%E8%A3%82&sa=fyb_news&rsv_dl=fyb_news', '2023-02-23 11:13:01', '2023-02-23 11:13:01', '2023-02-23 11:13:01', 2, NULL);
INSERT INTO `headline_news` VALUES ('295e8e26b84440e787f22a61901c3131', '高校成立剧本杀学院', '4月18日，山西晋中信息学院成立国内首家剧本杀学院，并举行揭幕仪式。4月21日，学校工作人员回应，该学院为全校学生提供相关学习课程，不会进行招生。', 'https://fyb-2.cdn.bcebos.com/hotboard_image/cc5d288a8a0f5b7d4c729279dd047192', '百度', 'https://www.baidu.com/s?wd=%E9%AB%98%E6%A0%A1%E6%88%90%E7%AB%8B%E5%89%A7%E6%9C%AC%E6%9D%80%E5%AD%A6%E9%99%A2&sa=fyb_news&rsv_dl=fyb_news', '2023-04-21 23:49:06', '2023-04-21 23:49:06', '2023-04-21 23:49:06', 2, NULL);
INSERT INTO `headline_news` VALUES ('29973bf1901b4ffb824990d422bee9fe', '特斯拉疑失控连撞多车冲毁店门', '', 'https://fyb-1.cdn.bcebos.com/fyb/de6163834f53ca92c1273fff98ac9078.jpeg', '百度', 'https://www.baidu.com/s?wd=%E7%89%B9%E6%96%AF%E6%8B%89%E7%96%91%E5%A4%B1%E6%8E%A7%E8%BF%9E%E6%92%9E%E5%A4%9A%E8%BD%A6%E5%86%B2%E6%AF%81%E5%BA%97%E9%97%A8&sa=fyb_news&rsv_dl=fyb_news', '2023-03-04 21:54:01', '2023-03-04 21:54:01', '2023-03-04 21:54:01', 2, NULL);
INSERT INTO `headline_news` VALUES ('29b2044599344c71b8c03d3aa457d758', '5名中国人柬埔寨绑架勒索同胞', '', 'https://fyb-1.cdn.bcebos.com/fyb/de6163834f53ca92c1273fff98ac9078.jpeg', '百度', 'https://www.baidu.com/s?wd=5%E5%90%8D%E4%B8%AD%E5%9B%BD%E4%BA%BA%E6%9F%AC%E5%9F%94%E5%AF%A8%E7%BB%91%E6%9E%B6%E5%8B%92%E7%B4%A2%E5%90%8C%E8%83%9E&sa=fyb_news&rsv_dl=fyb_news', '2023-04-20 15:04:09', '2023-04-20 15:04:09', '2023-04-20 15:04:09', 2, NULL);
INSERT INTO `headline_news` VALUES ('29bef01a4bbe4fcf9c155e544249c9a2', '墨西哥总统喊话美国：不需要帮助', '21日，墨西哥总统洛佩斯说，墨政府绝不接受美国以打击墨境内的有组织犯罪为由干涉其内政。洛佩斯还特别强调，“我们不需要美国所谓的‘帮助’。”', 'https://fyb-2.cdn.bcebos.com/hotboard_image/21c25c9396088dc7841e1b7221398793', '百度', 'https://www.baidu.com/s?wd=%E5%A2%A8%E8%A5%BF%E5%93%A5%E6%80%BB%E7%BB%9F%E5%96%8A%E8%AF%9D%E7%BE%8E%E5%9B%BD%EF%BC%9A%E4%B8%8D%E9%9C%80%E8%A6%81%E5%B8%AE%E5%8A%A9&sa=fyb_news&rsv_dl=fyb_news', '2023-04-22 19:09:06', '2023-04-22 19:09:06', '2023-04-22 19:09:06', 2, NULL);
INSERT INTO `headline_news` VALUES ('29ca5b75790b4715a282722f02052c18', '水位下降严重 这13城被“点名”', '不少城市都曾饱受地下水问题的困扰。最近，又有13个城市因地下水水位下降严重被“点名”。因为超采地下水，可能对整个城市的发展，造成严重影响。', 'https://fyb-2.cdn.bcebos.com/hotboard_image/23f94a70d5c8ab925277c1056115797d', '百度', 'https://www.baidu.com/s?wd=%E6%B0%B4%E4%BD%8D%E4%B8%8B%E9%99%8D%E4%B8%A5%E9%87%8D+%E8%BF%9913%E5%9F%8E%E8%A2%AB%E2%80%9C%E7%82%B9%E5%90%8D%E2%80%9D&sa=fyb_news&rsv_dl=fyb_news', '2023-04-22 19:57:39', '2023-04-22 19:57:39', '2023-04-22 19:57:39', 2, NULL);
INSERT INTO `headline_news` VALUES ('2a6c4e5349ae4cf8afb93594b8f02db0', '“新冠二阳”后比第一次更难受吗', '近日，不少人在网上晒出阳性的抗原，声称“二阳”了，据网友介绍，二次感染后仍然出现鼻塞咳嗽，味觉消失的情况，但比第一次症状要轻多了。', 'https://fyb-2.cdn.bcebos.com/hotboard_image/ebb56e87b931396eaf9fc2e8aae28cda', '百度', 'https://www.baidu.com/s?wd=%E2%80%9C%E6%96%B0%E5%86%A0%E4%BA%8C%E9%98%B3%E2%80%9D%E5%90%8E%E6%AF%94%E7%AC%AC%E4%B8%80%E6%AC%A1%E6%9B%B4%E9%9A%BE%E5%8F%97%E5%90%97&sa=fyb_news&rsv_dl=fyb_news', '2023-04-23 15:41:02', '2023-04-23 15:41:02', '2023-04-23 15:41:02', 2, NULL);
INSERT INTO `headline_news` VALUES ('2b2d429e426244b880c85da99b073d76', '迪马利亚帽子戏法', '', 'https://fyb-1.cdn.bcebos.com/fyb/de6163834f53ca92c1273fff98ac9078.jpeg', '百度', 'https://www.baidu.com/s?wd=%E8%BF%AA%E9%A9%AC%E5%88%A9%E4%BA%9A%E5%B8%BD%E5%AD%90%E6%88%8F%E6%B3%95&sa=fyb_news&rsv_dl=fyb_news', '2023-02-24 13:28:01', '2023-02-24 13:28:01', '2023-02-24 13:28:01', 2, NULL);
INSERT INTO `headline_news` VALUES ('2b4e5a1f956e436c915dc3f6214dcd72', '全国两会首场“部长通道”', '3月5日（星期日）上午9时，第十四届全国人民代表大会第一次会议将在人民大会堂举行开幕会。', 'https://fyb-2.cdn.bcebos.com/hotboard_image/887e7bb029580f0de35b4c3eb63e2f4f', '百度', 'https://www.baidu.com/s?wd=%E5%85%A8%E5%9B%BD%E4%B8%A4%E4%BC%9A%E9%A6%96%E5%9C%BA%E2%80%9C%E9%83%A8%E9%95%BF%E9%80%9A%E9%81%93%E2%80%9D&sa=fyb_news&rsv_dl=fyb_news', '2023-03-05 10:52:01', '2023-03-05 10:52:01', '2023-03-05 10:52:01', 2, NULL);
INSERT INTO `headline_news` VALUES ('2b65332b3f50424593bfb081dbd81e3a', '“老广交”新成色', '', 'https://fyb-1.cdn.bcebos.com/fyb/de6163834f53ca92c1273fff98ac9078.jpeg', '百度', 'https://www.baidu.com/s?wd=%E2%80%9C%E8%80%81%E5%B9%BF%E4%BA%A4%E2%80%9D%E6%96%B0%E6%88%90%E8%89%B2&sa=fyb_news&rsv_dl=fyb_news', '2023-04-21 17:23:02', '2023-04-21 17:23:02', '2023-04-21 17:23:02', 2, NULL);
INSERT INTO `headline_news` VALUES ('2b967353e95c44de9fd939b863c6f6eb', '泰国再警告入境勿做这件事', '', 'https://fyb-1.cdn.bcebos.com/fyb/de6163834f53ca92c1273fff98ac9078.jpeg', '百度', 'https://www.baidu.com/s?wd=%E6%B3%B0%E5%9B%BD%E5%86%8D%E8%AD%A6%E5%91%8A%E5%85%A5%E5%A2%83%E5%8B%BF%E5%81%9A%E8%BF%99%E4%BB%B6%E4%BA%8B&sa=fyb_news&rsv_dl=fyb_news', '2023-04-20 15:30:11', '2023-04-20 15:30:11', '2023-04-20 15:30:11', 2, NULL);
INSERT INTO `headline_news` VALUES ('2be109a3df024825bcddf07ef8c01e69', '提前感知这个“五一”假期有多火', '距离五一小长假还有一段时间，多平台和旅行社数据显示，“五一”假期预订高峰已经提前到来，预计民众出游需求强劲释放，一组数据带你提前感知。', 'https://fyb-2.cdn.bcebos.com/hotboard_image/92acb7fdf5d204a9de08be0e711bcfcf', '百度', 'https://www.baidu.com/s?wd=%E6%8F%90%E5%89%8D%E6%84%9F%E7%9F%A5%E8%BF%99%E4%B8%AA%E2%80%9C%E4%BA%94%E4%B8%80%E2%80%9D%E5%81%87%E6%9C%9F%E6%9C%89%E5%A4%9A%E7%81%AB&sa=fyb_news&rsv_dl=fyb_news', '2023-04-20 22:55:11', '2023-04-20 22:55:11', '2023-04-20 22:55:11', 2, NULL);
INSERT INTO `headline_news` VALUES ('2c1a6ce6d5764ba7bf4c0ef1421dd31c', '巨幕大于想象', '', 'https://fyb-1.cdn.bcebos.com/fyb/444846eeb217ede8c838d13ae8c9c9b0.jpg', '百度', 'https://www.baidu.com/s?wd=%E5%B7%A8%E5%B9%95%E5%A4%A7%E4%BA%8E%E6%83%B3%E8%B1%A1&sa=fyb_news&rsv_dl=fyb_news', '2023-04-20 18:08:20', '2023-04-20 18:08:20', '2023-04-20 18:08:20', 2, NULL);
INSERT INTO `headline_news` VALUES ('2d1d7d50db4540ba8baab45741714e96', '反诈老陈自曝2022年收入133万', '', 'https://fyb-1.cdn.bcebos.com/fyb/de6163834f53ca92c1273fff98ac9078.jpeg', '百度', 'https://www.baidu.com/s?wd=%E5%8F%8D%E8%AF%88%E8%80%81%E9%99%88%E8%87%AA%E6%9B%9D2022%E5%B9%B4%E6%94%B6%E5%85%A5133%E4%B8%87&sa=fyb_news&rsv_dl=fyb_news', '2023-03-05 13:50:01', '2023-03-05 13:50:01', '2023-03-05 13:50:01', 2, NULL);
INSERT INTO `headline_news` VALUES ('2d65943f12284d428b2d2fa19edbdc8c', '泽连斯基承认乌克兰无力继续反攻', '', 'https://fyb-1.cdn.bcebos.com/fyb/de6163834f53ca92c1273fff98ac9078.jpeg', '百度', 'https://www.baidu.com/s?wd=%E6%B3%BD%E8%BF%9E%E6%96%AF%E5%9F%BA%E6%89%BF%E8%AE%A4%E4%B9%8C%E5%85%8B%E5%85%B0%E6%97%A0%E5%8A%9B%E7%BB%A7%E7%BB%AD%E5%8F%8D%E6%94%BB&sa=fyb_news&rsv_dl=fyb_news', '2023-03-26 10:30:02', '2023-03-26 10:30:02', '2023-03-26 10:30:02', 2, NULL);
INSERT INTO `headline_news` VALUES ('2d6d8e2a046c47028e3971f2a1a24f01', '俄乌冲突中的海马斯火箭炮', '', 'https://fyb-1.cdn.bcebos.com/fyb/de6163834f53ca92c1273fff98ac9078.jpeg', '百度', 'https://www.baidu.com/s?wd=%E4%BF%84%E4%B9%8C%E5%86%B2%E7%AA%81%E4%B8%AD%E7%9A%84%E6%B5%B7%E9%A9%AC%E6%96%AF%E7%81%AB%E7%AE%AD%E7%82%AE&sa=fyb_news&rsv_dl=fyb_news', '2023-02-24 16:22:01', '2023-02-24 16:22:01', '2023-02-24 16:22:01', 2, NULL);
INSERT INTO `headline_news` VALUES ('2d925167188d4538b1e2db4c26dff34e', '烧烤能否带热淄博城投债', '', 'https://fyb-1.cdn.bcebos.com/fyb/de6163834f53ca92c1273fff98ac9078.jpeg', '百度', 'https://www.baidu.com/s?wd=%E7%83%A7%E7%83%A4%E8%83%BD%E5%90%A6%E5%B8%A6%E7%83%AD%E6%B7%84%E5%8D%9A%E5%9F%8E%E6%8A%95%E5%80%BA&sa=fyb_news&rsv_dl=fyb_news', '2023-04-20 15:50:02', '2023-04-20 15:50:02', '2023-04-20 15:50:02', 2, NULL);
INSERT INTO `headline_news` VALUES ('2dcc2cce46e5497cb257d96c0e63e7c4', '李显龙：新加坡严格奉行一中政策', '', 'https://fyb-1.cdn.bcebos.com/fyb/de6163834f53ca92c1273fff98ac9078.jpeg', '百度', 'https://www.baidu.com/s?wd=%E6%9D%8E%E6%98%BE%E9%BE%99%EF%BC%9A%E6%96%B0%E5%8A%A0%E5%9D%A1%E4%B8%A5%E6%A0%BC%E5%A5%89%E8%A1%8C%E4%B8%80%E4%B8%AD%E6%94%BF%E7%AD%96&sa=fyb_news&rsv_dl=fyb_news', '2023-04-20 16:17:08', '2023-04-20 16:17:08', '2023-04-20 16:17:08', 2, NULL);
INSERT INTO `headline_news` VALUES ('2df9389ecdc5423a971b6e64b199c61c', '河南商丘市民差点失去了公交车', '', 'https://fyb-1.cdn.bcebos.com/fyb/de6163834f53ca92c1273fff98ac9078.jpeg', '百度', 'https://www.baidu.com/s?wd=%E6%B2%B3%E5%8D%97%E5%95%86%E4%B8%98%E5%B8%82%E6%B0%91%E5%B7%AE%E7%82%B9%E5%A4%B1%E5%8E%BB%E4%BA%86%E5%85%AC%E4%BA%A4%E8%BD%A6&sa=fyb_news&rsv_dl=fyb_news', '2023-02-24 13:11:01', '2023-02-24 13:11:01', '2023-02-24 13:11:01', 2, NULL);
INSERT INTO `headline_news` VALUES ('2e4d07daae7f416893b3929fde12c01a', '男子一口气买8公斤金条藏厕所楼道', '', 'https://fyb-1.cdn.bcebos.com/fyb/de6163834f53ca92c1273fff98ac9078.jpeg', '百度', 'https://www.baidu.com/s?wd=%E7%94%B7%E5%AD%90%E4%B8%80%E5%8F%A3%E6%B0%94%E4%B9%B08%E5%85%AC%E6%96%A4%E9%87%91%E6%9D%A1%E8%97%8F%E5%8E%95%E6%89%80%E6%A5%BC%E9%81%93&sa=fyb_news&rsv_dl=fyb_news', '2023-04-22 16:41:11', '2023-04-22 16:41:11', '2023-04-22 16:41:11', 2, NULL);
INSERT INTO `headline_news` VALUES ('2e96774e29924e1f9037cccf2977d583', '媒体：为什么被骂的又是张文宏', '近日，多地网友表示自己二阳了，而前几日，张文宏刚刚建议做好药物储备，很多人在怀疑嘲讽张文宏。媒体：张文宏没被骂怕、没被骂倒，是基于科学与良知。', 'https://fyb-2.cdn.bcebos.com/hotboard_image/aa6fa0398d29a9b7ab1a71238fff45ca', '百度', 'https://www.baidu.com/s?wd=%E5%AA%92%E4%BD%93%EF%BC%9A%E4%B8%BA%E4%BB%80%E4%B9%88%E8%A2%AB%E9%AA%82%E7%9A%84%E5%8F%88%E6%98%AF%E5%BC%A0%E6%96%87%E5%AE%8F&sa=fyb_news&rsv_dl=fyb_news', '2023-04-23 13:45:18', '2023-04-23 13:45:18', '2023-04-23 13:45:18', 2, NULL);
INSERT INTO `headline_news` VALUES ('2ecb96fed76143cfbefedb220e38b8c2', '上海公交车坠河瞬间画面曝光', '3月26日傍晚，上海一辆71路公交车在驶出申昆路公交枢纽时滑入河道。行车记录仪意外拍下惊魂一刻。n', 'https://fyb-2.cdn.bcebos.com/hotboard_image/46d5bbb9f36ac08813fc0dde7c7f2485', '百度', 'https://www.baidu.com/s?wd=%E4%B8%8A%E6%B5%B7%E5%85%AC%E4%BA%A4%E8%BD%A6%E5%9D%A0%E6%B2%B3%E7%9E%AC%E9%97%B4%E7%94%BB%E9%9D%A2%E6%9B%9D%E5%85%89&sa=fyb_news&rsv_dl=fyb_news', '2023-03-27 10:14:01', '2023-03-27 10:14:01', '2023-03-27 10:14:01', 2, NULL);
INSERT INTO `headline_news` VALUES ('2eec6b7d3cd34449912ba830eabb0731', '普京张开双臂欢迎王毅', '2月22日，中共中央政治局委员、中央外事工作委员会办公室主任王毅在莫斯科与俄罗斯总统普京举行会晤，普京张开双臂欢迎。n', 'https://fyb-2.cdn.bcebos.com/hotboard_image/3b0268337282ed412762ef26b4fce420', '百度', 'https://www.baidu.com/s?wd=%E6%99%AE%E4%BA%AC%E5%BC%A0%E5%BC%80%E5%8F%8C%E8%87%82%E6%AC%A2%E8%BF%8E%E7%8E%8B%E6%AF%85&sa=fyb_news&rsv_dl=fyb_news', '2023-02-23 11:13:01', '2023-02-23 11:13:01', '2023-02-23 11:13:01', 2, NULL);
INSERT INTO `headline_news` VALUES ('2efa277ab3c24dbcbd4f2c842e92cf45', '内蒙古煤矿坍塌体高度近20层楼高', '总台央视记者在内蒙古煤矿坍塌事故现场表示，目前救援难度非常大。现场坍塌体体量非常巨大，仅仅高度已达80米高，相当于20多层楼的高度。', 'https://fyb-2.cdn.bcebos.com/hotboard_image/e077f691cd88ba968ec835c97ba4134d', '百度', 'https://www.baidu.com/s?wd=%E5%86%85%E8%92%99%E5%8F%A4%E7%85%A4%E7%9F%BF%E5%9D%8D%E5%A1%8C%E4%BD%93%E9%AB%98%E5%BA%A6%E8%BF%9120%E5%B1%82%E6%A5%BC%E9%AB%98&sa=fyb_news&rsv_dl=fyb_news', '2023-02-24 13:11:01', '2023-02-24 13:11:01', '2023-02-24 13:11:01', 2, NULL);
INSERT INTO `headline_news` VALUES ('2f63a7d7c8014cc59ffea65d2c19ed1e', '惠英红问宋佳你怎么不亲我', '', 'https://fyb-1.cdn.bcebos.com/fyb/de6163834f53ca92c1273fff98ac9078.jpeg', '百度', 'https://www.baidu.com/s?wd=%E6%83%A0%E8%8B%B1%E7%BA%A2%E9%97%AE%E5%AE%8B%E4%BD%B3%E4%BD%A0%E6%80%8E%E4%B9%88%E4%B8%8D%E4%BA%B2%E6%88%91&sa=fyb_news&rsv_dl=fyb_news', '2023-03-26 20:15:00', '2023-03-26 20:15:00', '2023-03-26 20:15:00', 2, NULL);
INSERT INTO `headline_news` VALUES ('2f6d93e494914b1d9c0a9a870be97e1b', '“村BA”总决赛现场蝶长献唱', '3月25日，贵州“村ba”总决赛现场，中国好声音选手蝶长倾情演绎苗族版《一生所爱》，将全场气氛推向高潮，网友直呼：爱了爱了。', 'https://fyb-2.cdn.bcebos.com/hotboard_image/daf210683baa597a29d301f082ee064a', '百度', 'https://www.baidu.com/s?wd=%E2%80%9C%E6%9D%91BA%E2%80%9D%E6%80%BB%E5%86%B3%E8%B5%9B%E7%8E%B0%E5%9C%BA%E8%9D%B6%E9%95%BF%E7%8C%AE%E5%94%B1&sa=fyb_news&rsv_dl=fyb_news', '2023-03-27 11:00:01', '2023-03-27 11:00:01', '2023-03-27 11:00:01', 2, NULL);
INSERT INTO `headline_news` VALUES ('2f72978f3c8547d9b050f9e3768b007a', '被拖走女子否认蹭热度 要求宝马道歉', '', 'https://fyb-1.cdn.bcebos.com/fyb/de6163834f53ca92c1273fff98ac9078.jpeg', '百度', 'https://www.baidu.com/s?wd=%E8%A2%AB%E6%8B%96%E8%B5%B0%E5%A5%B3%E5%AD%90%E5%90%A6%E8%AE%A4%E8%B9%AD%E7%83%AD%E5%BA%A6+%E8%A6%81%E6%B1%82%E5%AE%9D%E9%A9%AC%E9%81%93%E6%AD%89&sa=fyb_news&rsv_dl=fyb_news', '2023-04-22 13:52:06', '2023-04-22 13:52:06', '2023-04-22 13:52:06', 2, NULL);
INSERT INTO `headline_news` VALUES ('2fb64cb989574c96a89b28e6c834366b', '男子疑在故宫太和殿外随地小便', '', 'https://fyb-1.cdn.bcebos.com/fyb/de6163834f53ca92c1273fff98ac9078.jpeg', '百度', 'https://www.baidu.com/s?wd=%E7%94%B7%E5%AD%90%E7%96%91%E5%9C%A8%E6%95%85%E5%AE%AB%E5%A4%AA%E5%92%8C%E6%AE%BF%E5%A4%96%E9%9A%8F%E5%9C%B0%E5%B0%8F%E4%BE%BF&sa=fyb_news&rsv_dl=fyb_news', '2023-03-26 13:22:01', '2023-03-26 13:22:01', '2023-03-26 13:22:01', 2, NULL);
INSERT INTO `headline_news` VALUES ('2fdea0e555df476e9787b4f1b026ea4e', '郑州多家银行房贷利率上调', '', 'https://fyb-1.cdn.bcebos.com/fyb/de6163834f53ca92c1273fff98ac9078.jpeg', '百度', 'https://www.baidu.com/s?wd=%E9%83%91%E5%B7%9E%E5%A4%9A%E5%AE%B6%E9%93%B6%E8%A1%8C%E6%88%BF%E8%B4%B7%E5%88%A9%E7%8E%87%E4%B8%8A%E8%B0%83&sa=fyb_news&rsv_dl=fyb_news', '2023-02-23 14:14:01', '2023-02-23 14:14:01', '2023-02-23 14:14:01', 2, NULL);
INSERT INTO `headline_news` VALUES ('30188bea59ea4477a672413bb33ca036', '政协委员贺丹：教育资源或许不再卷', '', 'https://fyb-1.cdn.bcebos.com/fyb/de6163834f53ca92c1273fff98ac9078.jpeg', '百度', 'https://www.baidu.com/s?wd=%E6%94%BF%E5%8D%8F%E5%A7%94%E5%91%98%E8%B4%BA%E4%B8%B9%EF%BC%9A%E6%95%99%E8%82%B2%E8%B5%84%E6%BA%90%E6%88%96%E8%AE%B8%E4%B8%8D%E5%86%8D%E5%8D%B7&sa=fyb_news&rsv_dl=fyb_news', '2023-03-05 12:28:01', '2023-03-05 12:28:01', '2023-03-05 12:28:01', 2, NULL);
INSERT INTO `headline_news` VALUES ('302475a16dcb4a5fb65f46e3332d0423', '十四届全国人大第一次会议日程公布', '十四届全国人大一次会议将于3月5日上午开幕，3月13日上午闭幕，大会议程共有9项。', 'https://fyb-2.cdn.bcebos.com/hotboard_image/b72260ef26d362ffafc650ad4024460e', '百度', 'https://www.baidu.com/s?wd=%E5%8D%81%E5%9B%9B%E5%B1%8A%E5%85%A8%E5%9B%BD%E4%BA%BA%E5%A4%A7%E7%AC%AC%E4%B8%80%E6%AC%A1%E4%BC%9A%E8%AE%AE%E6%97%A5%E7%A8%8B%E5%85%AC%E5%B8%83&sa=fyb_news&rsv_dl=fyb_news', '2023-03-04 21:54:01', '2023-03-04 21:54:01', '2023-03-04 21:54:01', 2, NULL);
INSERT INTO `headline_news` VALUES ('315672846f494349ac29216923c2859d', '美俄军机近距离遭遇 视频公布', '', 'https://fyb-1.cdn.bcebos.com/fyb/de6163834f53ca92c1273fff98ac9078.jpeg', '百度', 'https://www.baidu.com/s?wd=%E7%BE%8E%E4%BF%84%E5%86%9B%E6%9C%BA%E8%BF%91%E8%B7%9D%E7%A6%BB%E9%81%AD%E9%81%87+%E8%A7%86%E9%A2%91%E5%85%AC%E5%B8%83&sa=fyb_news&rsv_dl=fyb_news', '2023-04-20 21:39:20', '2023-04-20 21:39:20', '2023-04-20 21:39:20', 2, NULL);
INSERT INTO `headline_news` VALUES ('31c9bb1149bc44b589faef11bef0c53f', '孩子躲袋子里玩误被司机碾压', '', 'https://fyb-1.cdn.bcebos.com/fyb/de6163834f53ca92c1273fff98ac9078.jpeg', '百度', 'https://www.baidu.com/s?wd=%E5%AD%A9%E5%AD%90%E8%BA%B2%E8%A2%8B%E5%AD%90%E9%87%8C%E7%8E%A9%E8%AF%AF%E8%A2%AB%E5%8F%B8%E6%9C%BA%E7%A2%BE%E5%8E%8B&sa=fyb_news&rsv_dl=fyb_news', '2023-04-20 11:02:05', '2023-04-20 11:02:05', '2023-04-20 11:02:05', 2, NULL);
INSERT INTO `headline_news` VALUES ('32a0bb2fa0604f31947f52b6f73d760d', '中国外交会越来越具攻击性?回应来了', '中国外交是否会越来越具有攻击性？对此，十四届全国人大一次会议大会发言人王超称，中国主权和领土完整不容侵犯。', 'https://fyb-2.cdn.bcebos.com/hotboard_image/218cd630e3efce47713a3f6f5dcd0e3c', '百度', 'https://www.baidu.com/s?wd=%E4%B8%AD%E5%9B%BD%E5%A4%96%E4%BA%A4%E4%BC%9A%E8%B6%8A%E6%9D%A5%E8%B6%8A%E5%85%B7%E6%94%BB%E5%87%BB%E6%80%A7%3F%E5%9B%9E%E5%BA%94%E6%9D%A5%E4%BA%86&sa=fyb_news&rsv_dl=fyb_news', '2023-03-04 21:54:01', '2023-03-04 21:54:01', '2023-03-04 21:54:01', 2, NULL);
INSERT INTO `headline_news` VALUES ('32c9c7d1210c4f1995668671c9303eed', '观音像被换成奥特曼 奶奶拜了1个月', '近日，北京一女孩把家里观音像换成了奥特曼，奶奶不知情足足拜了一个多月，发现后大发雷霆。', 'https://fyb-2.cdn.bcebos.com/hotboard_image/5863f0b01d4c284f8c058caf49d8bcb9', '百度', 'https://www.baidu.com/s?wd=%E8%A7%82%E9%9F%B3%E5%83%8F%E8%A2%AB%E6%8D%A2%E6%88%90%E5%A5%A5%E7%89%B9%E6%9B%BC+%E5%A5%B6%E5%A5%B6%E6%8B%9C%E4%BA%861%E4%B8%AA%E6%9C%88&sa=fyb_news&rsv_dl=fyb_news', '2023-03-26 10:30:01', '2023-03-26 10:30:01', '2023-03-26 10:30:01', 2, NULL);
INSERT INTO `headline_news` VALUES ('3301f63d902d4ce9a2a10af05376587d', '北京长峰医院火灾致29死 原因公布', '19日，北京举行长峰医院火灾事故情况通报会。截至19日9时，29人不幸死亡。事故系医院住院部改造施工作业过程中产生的火花引燃现场可燃涂料所致。', 'https://fyb-2.cdn.bcebos.com/hotboard_image/d58c2aff25c5faddf0bfd68419978d5e', '百度', 'https://www.baidu.com/s?wd=%E5%8C%97%E4%BA%AC%E9%95%BF%E5%B3%B0%E5%8C%BB%E9%99%A2%E7%81%AB%E7%81%BE%E8%87%B429%E6%AD%BB+%E5%8E%9F%E5%9B%A0%E5%85%AC%E5%B8%83&sa=fyb_news&rsv_dl=fyb_news', '2023-04-20 00:59:05', '2023-04-20 00:59:05', '2023-04-20 00:59:05', 2, NULL);
INSERT INTO `headline_news` VALUES ('330b297ce80341b5b2e89acdeba3fcb5', '男子离奇失踪7天 人找到时已失温', '', 'https://fyb-1.cdn.bcebos.com/fyb/de6163834f53ca92c1273fff98ac9078.jpeg', '百度', 'https://www.baidu.com/s?wd=%E7%94%B7%E5%AD%90%E7%A6%BB%E5%A5%87%E5%A4%B1%E8%B8%AA7%E5%A4%A9+%E4%BA%BA%E6%89%BE%E5%88%B0%E6%97%B6%E5%B7%B2%E5%A4%B1%E6%B8%A9&sa=fyb_news&rsv_dl=fyb_news', '2023-04-22 08:38:02', '2023-04-22 08:38:02', '2023-04-22 08:38:02', 2, NULL);
INSERT INTO `headline_news` VALUES ('33140f80145e47e2a4b3860bd1b6fd29', '解码2023年中国经济关键词', '2023年是全面贯彻落实党的二十大精神的开局之年，是“十四五”规划承上启下的关键之年。跟随两位专家，一起解码2023年中国经济的关键词。', 'https://fyb-2.cdn.bcebos.com/hotboard_image/ba3ebefbce3b4ec477c5e5b01ad6f271', '百度', 'https://www.baidu.com/s?wd=%E8%A7%A3%E7%A0%812023%E5%B9%B4%E4%B8%AD%E5%9B%BD%E7%BB%8F%E6%B5%8E%E5%85%B3%E9%94%AE%E8%AF%8D&sa=fyb_news&rsv_dl=fyb_news', '2023-02-25 13:23:01', '2023-02-25 13:23:01', '2023-02-25 13:23:01', 2, NULL);
INSERT INTO `headline_news` VALUES ('3325676ebeb74e409f0ffd0ca5942750', '美议员抹黑中阿关系 阿驻美大使回怼', '据美媒报道，阿根廷驻美大使阿圭罗当地时间3月2日致信美国共和党籍众议员萨拉查，指责她2月28日发表的涉及阿根廷与中国关系的言论不实。', 'https://fyb-2.cdn.bcebos.com/hotboard_image/0d67fdef6abec579400446995f42ba05', '百度', 'https://www.baidu.com/s?wd=%E7%BE%8E%E8%AE%AE%E5%91%98%E6%8A%B9%E9%BB%91%E4%B8%AD%E9%98%BF%E5%85%B3%E7%B3%BB+%E9%98%BF%E9%A9%BB%E7%BE%8E%E5%A4%A7%E4%BD%BF%E5%9B%9E%E6%80%BC&sa=fyb_news&rsv_dl=fyb_news', '2023-03-04 22:04:01', '2023-03-04 22:04:01', '2023-03-04 22:04:01', 2, NULL);
INSERT INTO `headline_news` VALUES ('33b36ac76b3f4b33b0836c04266be101', '高叶被喊大嫂亲切回应', '3月25日，在微博之夜晚会上，高叶获“微博年度魅力演员”荣誉。当台下粉丝大喊“大嫂”时，高叶还进行了亲切的回应。', 'https://fyb-2.cdn.bcebos.com/hotboard_image/5ed0391f2346e4a4bc9bbf35461071a1', '百度', 'https://www.baidu.com/s?wd=%E9%AB%98%E5%8F%B6%E8%A2%AB%E5%96%8A%E5%A4%A7%E5%AB%82%E4%BA%B2%E5%88%87%E5%9B%9E%E5%BA%94&sa=fyb_news&rsv_dl=fyb_news', '2023-03-26 10:30:02', '2023-03-26 10:30:02', '2023-03-26 10:30:02', 2, NULL);
INSERT INTO `headline_news` VALUES ('33eea8cac4d84129a371d44a4fa688e9', '2600岁古楠木王已安排专人看护', '', 'https://fyb-1.cdn.bcebos.com/fyb/de6163834f53ca92c1273fff98ac9078.jpeg', '百度', 'https://www.baidu.com/s?wd=2600%E5%B2%81%E5%8F%A4%E6%A5%A0%E6%9C%A8%E7%8E%8B%E5%B7%B2%E5%AE%89%E6%8E%92%E4%B8%93%E4%BA%BA%E7%9C%8B%E6%8A%A4&sa=fyb_news&rsv_dl=fyb_news', '2023-04-20 16:56:05', '2023-04-20 16:56:05', '2023-04-20 16:56:05', 2, NULL);
INSERT INTO `headline_news` VALUES ('342ca5292778425696cb7a5fcf67ea08', '民调显示美国社会悲观情绪弥漫', '', 'https://fyb-1.cdn.bcebos.com/fyb/de6163834f53ca92c1273fff98ac9078.jpeg', '百度', 'https://www.baidu.com/s?wd=%E6%B0%91%E8%B0%83%E6%98%BE%E7%A4%BA%E7%BE%8E%E5%9B%BD%E7%A4%BE%E4%BC%9A%E6%82%B2%E8%A7%82%E6%83%85%E7%BB%AA%E5%BC%A5%E6%BC%AB&sa=fyb_news&rsv_dl=fyb_news', '2023-03-26 17:52:01', '2023-03-26 17:52:01', '2023-03-26 17:52:01', 2, NULL);
INSERT INTO `headline_news` VALUES ('343d8af00a2741ed8eed2f35bf9ecc14', '三孩家庭频繁被问“家里有矿？”', '“年轻人越来越不愿意生孩子，更不用说生二胎、三胎”是很多人的感觉。34岁的张女士称，小儿子一出生好多人都调侃地问，生三个男孩家里“有矿”啊？', 'https://fyb-2.cdn.bcebos.com/hotboard_image/e2b01225b8d9a9247c5fe01045651b45', '百度', 'https://www.baidu.com/s?wd=%E4%B8%89%E5%AD%A9%E5%AE%B6%E5%BA%AD%E9%A2%91%E7%B9%81%E8%A2%AB%E9%97%AE%E2%80%9C%E5%AE%B6%E9%87%8C%E6%9C%89%E7%9F%BF%EF%BC%9F%E2%80%9D&sa=fyb_news&rsv_dl=fyb_news', '2023-02-25 13:23:01', '2023-02-25 13:23:01', '2023-02-25 13:23:01', 2, NULL);
INSERT INTO `headline_news` VALUES ('3452a469f35e466eb58cd0adb7b7f55b', '主办方因为周杰伦多唱被罚钱', '4日，周杰伦在悉尼演唱会上因多唱了几首歌，导致主办方被罚款。对此，周杰伦回应：“罚钱哥是无所谓，歌迷开心就好。”', 'https://fyb-2.cdn.bcebos.com/hotboard_image/80949b44357c03705859c8b72cf6b309', '百度', 'https://www.baidu.com/s?wd=%E4%B8%BB%E5%8A%9E%E6%96%B9%E5%9B%A0%E4%B8%BA%E5%91%A8%E6%9D%B0%E4%BC%A6%E5%A4%9A%E5%94%B1%E8%A2%AB%E7%BD%9A%E9%92%B1&sa=fyb_news&rsv_dl=fyb_news', '2023-03-05 09:59:01', '2023-03-05 09:59:01', '2023-03-05 09:59:01', 2, NULL);
INSERT INTO `headline_news` VALUES ('353e872a1e2241f2bbc78b8f0cbd8e09', '全国累计超10亿亩的高标准农田', '目前，我国已累计完成高标准农田超过10亿亩。今年以来，各地在加快高标准农田项目实施的同时，重点补上土壤改良、保障农业生产有序开展。', 'https://fyb-2.cdn.bcebos.com/hotboard_image/57e67f2243cf594c358f60f4cedb7630', '百度', 'https://www.baidu.com/s?wd=%E5%85%A8%E5%9B%BD%E7%B4%AF%E8%AE%A1%E8%B6%8510%E4%BA%BF%E4%BA%A9%E7%9A%84%E9%AB%98%E6%A0%87%E5%87%86%E5%86%9C%E7%94%B0&sa=fyb_news&rsv_dl=fyb_news', '2023-04-20 16:31:04', '2023-04-20 16:31:04', '2023-04-20 16:31:04', 2, NULL);
INSERT INTO `headline_news` VALUES ('35bb9c43c97b4cd1ad58adcc641da117', '恒大1.1亿年薪归化球员在国足0出场', '国内媒体人透露，高拉特当时签字费和安家费达1亿多元，年薪也有1亿多元，但高拉特没为国足出场过哪怕1分钟，如今高拉特已经离开中超回到巴西。 ', 'https://fyb-2.cdn.bcebos.com/hotboard_image/a155b3baccad2268ce74510294dccf0f', '百度', 'https://www.baidu.com/s?wd=%E6%81%92%E5%A4%A71.1%E4%BA%BF%E5%B9%B4%E8%96%AA%E5%BD%92%E5%8C%96%E7%90%83%E5%91%98%E5%9C%A8%E5%9B%BD%E8%B6%B30%E5%87%BA%E5%9C%BA&sa=fyb_news&rsv_dl=fyb_news', '2023-02-24 14:04:01', '2023-02-24 14:04:01', '2023-02-24 14:04:01', 2, NULL);
INSERT INTO `headline_news` VALUES ('35dcc22b09b445a0a22c925a53a821c3', '男子放巨型风筝反被带上天', '3月26日，河北一男子放巨型风筝，反被风筝带上天。视频显示，男子并未采取任何安全措施，十分惊险，好在最后平安落地。', 'https://fyb-2.cdn.bcebos.com/hotboard_image/589a8391b2d8c4477ed2cfa376f606dd', '百度', 'https://www.baidu.com/s?wd=%E7%94%B7%E5%AD%90%E6%94%BE%E5%B7%A8%E5%9E%8B%E9%A3%8E%E7%AD%9D%E5%8F%8D%E8%A2%AB%E5%B8%A6%E4%B8%8A%E5%A4%A9&sa=fyb_news&rsv_dl=fyb_news', '2023-03-27 15:42:01', '2023-03-27 15:42:01', '2023-03-27 15:42:01', 2, NULL);
INSERT INTO `headline_news` VALUES ('35dfa480d6f34eb3993ea89827bf9128', '男子在迪士尼抽烟后逼哭工作人员', '', 'https://fyb-1.cdn.bcebos.com/fyb/de6163834f53ca92c1273fff98ac9078.jpeg', '百度', 'https://www.baidu.com/s?wd=%E7%94%B7%E5%AD%90%E5%9C%A8%E8%BF%AA%E5%A3%AB%E5%B0%BC%E6%8A%BD%E7%83%9F%E5%90%8E%E9%80%BC%E5%93%AD%E5%B7%A5%E4%BD%9C%E4%BA%BA%E5%91%98&sa=fyb_news&rsv_dl=fyb_news', '2023-04-20 10:50:10', '2023-04-20 10:50:10', '2023-04-20 10:50:10', 2, NULL);
INSERT INTO `headline_news` VALUES ('367d65fc5586433c8e0d16d75c70df92', '美国防部公布最新疑似UFO录像', '据媒体报道，美国军方19日解密了一段由美军MQ-9死神无人机在中东地区拍摄的不明飞行物视频，此类特殊的不明飞行物已在该地区多次被发现。', 'https://fyb-2.cdn.bcebos.com/hotboard_image/543918c0af8b59e9911d4a6ceccc00f4', '百度', 'https://www.baidu.com/s?wd=%E7%BE%8E%E5%9B%BD%E9%98%B2%E9%83%A8%E5%85%AC%E5%B8%83%E6%9C%80%E6%96%B0%E7%96%91%E4%BC%BCUFO%E5%BD%95%E5%83%8F&sa=fyb_news&rsv_dl=fyb_news', '2023-04-20 19:52:08', '2023-04-20 19:52:08', '2023-04-20 19:52:08', 2, NULL);
INSERT INTO `headline_news` VALUES ('367fc75556304be5830e5df59fcdff5c', '上海坠河公交被打捞上岸 车体变形', '3月26日，上海一公交车滑入闵行区某河道内。驾驶员已送医救治，车内无其他乘客。据悉，坠河公交经过近6小时的努力，被打捞上岸，车体有部分变形。', 'https://fyb-2.cdn.bcebos.com/hotboard_image/d420a9a51251dfc89d9088d5e9a61e80', '百度', 'https://www.baidu.com/s?wd=%E4%B8%8A%E6%B5%B7%E5%9D%A0%E6%B2%B3%E5%85%AC%E4%BA%A4%E8%A2%AB%E6%89%93%E6%8D%9E%E4%B8%8A%E5%B2%B8+%E8%BD%A6%E4%BD%93%E5%8F%98%E5%BD%A2&sa=fyb_news&rsv_dl=fyb_news', '2023-03-27 10:14:01', '2023-03-27 10:14:01', '2023-03-27 10:14:01', 2, NULL);
INSERT INTO `headline_news` VALUES ('3688cd62dd1a4f47879966cacc179541', '动物园回应木架腐朽致大熊猫摔倒', '', 'https://fyb-1.cdn.bcebos.com/fyb/de6163834f53ca92c1273fff98ac9078.jpeg', '百度', 'https://www.baidu.com/s?wd=%E5%8A%A8%E7%89%A9%E5%9B%AD%E5%9B%9E%E5%BA%94%E6%9C%A8%E6%9E%B6%E8%85%90%E6%9C%BD%E8%87%B4%E5%A4%A7%E7%86%8A%E7%8C%AB%E6%91%94%E5%80%92&sa=fyb_news&rsv_dl=fyb_news', '2023-03-05 16:11:01', '2023-03-05 16:11:01', '2023-03-05 16:11:01', 2, NULL);
INSERT INTO `headline_news` VALUES ('36ca79414f12464fab6d625dffdebfa3', '济南海关退运1.8吨旧和服', '', 'https://fyb-1.cdn.bcebos.com/fyb/de6163834f53ca92c1273fff98ac9078.jpeg', '百度', 'https://www.baidu.com/s?wd=%E6%B5%8E%E5%8D%97%E6%B5%B7%E5%85%B3%E9%80%80%E8%BF%901.8%E5%90%A8%E6%97%A7%E5%92%8C%E6%9C%8D&sa=fyb_news&rsv_dl=fyb_news', '2023-04-21 14:28:10', '2023-04-21 14:28:10', '2023-04-21 14:28:10', 2, NULL);
INSERT INTO `headline_news` VALUES ('37062027599b4387bd1db2778209f2f6', '央视公布福建舰新动向', '23日是人民海军成立74周年纪念日，央视公布福建舰最新进展称，动力测试、系泊试验顺利展开。军事专家表示，这预示福建舰最快下半年可能进行海试。', 'https://fyb-2.cdn.bcebos.com/hotboard_image/779d06ca6b22cad4eb202f44a79181ec', '百度', 'https://www.baidu.com/s?wd=%E5%A4%AE%E8%A7%86%E5%85%AC%E5%B8%83%E7%A6%8F%E5%BB%BA%E8%88%B0%E6%96%B0%E5%8A%A8%E5%90%91&sa=fyb_news&rsv_dl=fyb_news', '2023-04-23 16:51:15', '2023-04-23 16:51:15', '2023-04-23 16:51:15', 2, NULL);
INSERT INTO `headline_news` VALUES ('382bb62e21c245968dd634ca4e994db9', '市政府工作组已进驻商丘公交公司', '2月23日中午，商丘市公交公司发布通告，表示将克服困难，确保公交不停运。随后，商丘市政府发布情况说明称，市政府工作组已进驻，会进一步纾困解难。', 'https://fyb-2.cdn.bcebos.com/hotboard_image/b5fad9feee57afcecd1ec4220ffdbc03', '百度', 'https://www.baidu.com/s?wd=%E5%B8%82%E6%94%BF%E5%BA%9C%E5%B7%A5%E4%BD%9C%E7%BB%84%E5%B7%B2%E8%BF%9B%E9%A9%BB%E5%95%86%E4%B8%98%E5%85%AC%E4%BA%A4%E5%85%AC%E5%8F%B8&sa=fyb_news&rsv_dl=fyb_news', '2023-02-23 14:13:01', '2023-02-23 14:13:01', '2023-02-23 14:13:01', 2, NULL);
INSERT INTO `headline_news` VALUES ('383b013ea962471c84bb763e0b7c2268', '科技之钥解锁文旅博览新体验', '', 'https://fyb-1.cdn.bcebos.com/fyb/de6163834f53ca92c1273fff98ac9078.jpeg', '百度', 'https://www.baidu.com/s?wd=%E7%A7%91%E6%8A%80%E4%B9%8B%E9%92%A5%E8%A7%A3%E9%94%81%E6%96%87%E6%97%85%E5%8D%9A%E8%A7%88%E6%96%B0%E4%BD%93%E9%AA%8C&sa=fyb_news&rsv_dl=fyb_news', '2023-04-22 12:19:04', '2023-04-22 12:19:04', '2023-04-22 12:19:04', 2, NULL);
INSERT INTO `headline_news` VALUES ('385cbe4afa82414f9c7e346e37d62538', '杭州海关行李箱中查获巨款', '', 'https://fyb-1.cdn.bcebos.com/fyb/de6163834f53ca92c1273fff98ac9078.jpeg', '百度', 'https://www.baidu.com/s?wd=%E6%9D%AD%E5%B7%9E%E6%B5%B7%E5%85%B3%E8%A1%8C%E6%9D%8E%E7%AE%B1%E4%B8%AD%E6%9F%A5%E8%8E%B7%E5%B7%A8%E6%AC%BE&sa=fyb_news&rsv_dl=fyb_news', '2023-03-27 10:14:01', '2023-03-27 10:14:01', '2023-03-27 10:14:01', 2, NULL);
INSERT INTO `headline_news` VALUES ('38891de2745243479725ad5d1b43b8e2', '多个劳务输出大省人口增长率转负', '', 'https://fyb-1.cdn.bcebos.com/fyb/de6163834f53ca92c1273fff98ac9078.jpeg', '百度', 'https://www.baidu.com/s?wd=%E5%A4%9A%E4%B8%AA%E5%8A%B3%E5%8A%A1%E8%BE%93%E5%87%BA%E5%A4%A7%E7%9C%81%E4%BA%BA%E5%8F%A3%E5%A2%9E%E9%95%BF%E7%8E%87%E8%BD%AC%E8%B4%9F&sa=fyb_news&rsv_dl=fyb_news', '2023-03-26 10:30:01', '2023-03-26 10:30:01', '2023-03-26 10:30:01', 2, NULL);
INSERT INTO `headline_news` VALUES ('38b4d35b9aeb428f966c0cd7e1c6ecba', '华为否认孟晚舟要去美国出差', '', 'https://fyb-1.cdn.bcebos.com/fyb/de6163834f53ca92c1273fff98ac9078.jpeg', '百度', 'https://www.baidu.com/s?wd=%E5%8D%8E%E4%B8%BA%E5%90%A6%E8%AE%A4%E5%AD%9F%E6%99%9A%E8%88%9F%E8%A6%81%E5%8E%BB%E7%BE%8E%E5%9B%BD%E5%87%BA%E5%B7%AE&sa=fyb_news&rsv_dl=fyb_news', '2023-04-21 15:05:07', '2023-04-21 15:05:07', '2023-04-21 15:05:07', 2, NULL);
INSERT INTO `headline_news` VALUES ('38dfb534c46a475691ecfc6996a1e092', '中国2023年国防费预算增长7.2%', '', 'https://fyb-1.cdn.bcebos.com/fyb/de6163834f53ca92c1273fff98ac9078.jpeg', '百度', 'https://www.baidu.com/s?wd=%E4%B8%AD%E5%9B%BD2023%E5%B9%B4%E5%9B%BD%E9%98%B2%E8%B4%B9%E9%A2%84%E7%AE%97%E5%A2%9E%E9%95%BF7.2%25&sa=fyb_news&rsv_dl=fyb_news', '2023-03-05 12:02:01', '2023-03-05 12:02:01', '2023-03-05 12:02:01', 2, NULL);
INSERT INTO `headline_news` VALUES ('38eec785e7974d5f9b4cff5bc24e613f', '工作人员帮游客捡手机被幼虎围观', '', 'https://fyb-1.cdn.bcebos.com/fyb/de6163834f53ca92c1273fff98ac9078.jpeg', '百度', 'https://www.baidu.com/s?wd=%E5%B7%A5%E4%BD%9C%E4%BA%BA%E5%91%98%E5%B8%AE%E6%B8%B8%E5%AE%A2%E6%8D%A1%E6%89%8B%E6%9C%BA%E8%A2%AB%E5%B9%BC%E8%99%8E%E5%9B%B4%E8%A7%82&sa=fyb_news&rsv_dl=fyb_news', '2023-03-05 15:33:01', '2023-03-05 15:33:01', '2023-03-05 15:33:01', 2, NULL);
INSERT INTO `headline_news` VALUES ('3938097df99a4592bb222fee94749324', '小伙被拐24年寻亲意外找到人贩子', '', 'https://fyb-1.cdn.bcebos.com/fyb/de6163834f53ca92c1273fff98ac9078.jpeg', '百度', 'https://www.baidu.com/s?wd=%E5%B0%8F%E4%BC%99%E8%A2%AB%E6%8B%9024%E5%B9%B4%E5%AF%BB%E4%BA%B2%E6%84%8F%E5%A4%96%E6%89%BE%E5%88%B0%E4%BA%BA%E8%B4%A9%E5%AD%90&sa=fyb_news&rsv_dl=fyb_news', '2023-03-26 20:48:00', '2023-03-26 20:48:00', '2023-03-26 20:48:00', 2, NULL);
INSERT INTO `headline_news` VALUES ('3956ef6499884bc6a494f68217355e40', '长峰医院院长王某玲等12人被刑拘', '4月19日，北京市人民政府新闻办公室举行长峰医院火灾事故情况通报会。经查，院长王某玲（女，44岁）等12人，涉嫌重大责任事故罪被刑拘。', 'https://fyb-2.cdn.bcebos.com/hotboard_image/2235ce228b8d8c61cdfb30fb3c6412f2', '百度', 'https://www.baidu.com/s?wd=%E9%95%BF%E5%B3%B0%E5%8C%BB%E9%99%A2%E9%99%A2%E9%95%BF%E7%8E%8B%E6%9F%90%E7%8E%B2%E7%AD%8912%E4%BA%BA%E8%A2%AB%E5%88%91%E6%8B%98&sa=fyb_news&rsv_dl=fyb_news', '2023-04-20 01:23:24', '2023-04-20 01:23:24', '2023-04-20 01:23:24', 2, NULL);
INSERT INTO `headline_news` VALUES ('39feea28b1a24238871faa5d76351b47', '淄博烧烤带火“烧烤经济”', '', 'https://fyb-1.cdn.bcebos.com/fyb/de6163834f53ca92c1273fff98ac9078.jpeg', '百度', 'https://www.baidu.com/s?wd=%E6%B7%84%E5%8D%9A%E7%83%A7%E7%83%A4%E5%B8%A6%E7%81%AB%E2%80%9C%E7%83%A7%E7%83%A4%E7%BB%8F%E6%B5%8E%E2%80%9D&sa=fyb_news&rsv_dl=fyb_news', '2023-04-20 16:55:10', '2023-04-20 16:55:10', '2023-04-20 16:55:10', 2, NULL);
INSERT INTO `headline_news` VALUES ('3b204fef646b438ca49c1e57b0edb742', '员工回应公司要求卖宝马否则开除', '21日，网传江苏苏州某公司要求所有驾驶宝马品牌车辆的员工一个月内卖掉宝马，否则会被开除处理。员工回应：公司没人开宝马，或是炒作。', 'https://fyb-2.cdn.bcebos.com/hotboard_image/d9a15f9b73caf11d95edc78f8e6b8c85', '百度', 'https://www.baidu.com/s?wd=%E5%91%98%E5%B7%A5%E5%9B%9E%E5%BA%94%E5%85%AC%E5%8F%B8%E8%A6%81%E6%B1%82%E5%8D%96%E5%AE%9D%E9%A9%AC%E5%90%A6%E5%88%99%E5%BC%80%E9%99%A4&sa=fyb_news&rsv_dl=fyb_news', '2023-04-22 16:54:20', '2023-04-22 16:54:20', '2023-04-22 16:54:20', 2, NULL);
INSERT INTO `headline_news` VALUES ('3ba119071f8f43ecb574bf41d4d5c32b', '女子取钱后账户却莫名进账', '近日，武汉王女士在银行取款后，因银行误操作账户上多出24000元。王女士接到银行和派出所电话以为是诈骗拒接了，直到民警跨江现身才追回错款。', 'https://fyb-2.cdn.bcebos.com/hotboard_image/6646dd006be9a2b04164137fd6c4fbb9', '百度', 'https://www.baidu.com/s?wd=%E5%A5%B3%E5%AD%90%E5%8F%96%E9%92%B1%E5%90%8E%E8%B4%A6%E6%88%B7%E5%8D%B4%E8%8E%AB%E5%90%8D%E8%BF%9B%E8%B4%A6&sa=fyb_news&rsv_dl=fyb_news', '2023-03-26 10:30:01', '2023-03-26 10:30:01', '2023-03-26 10:30:01', 2, NULL);
INSERT INTO `headline_news` VALUES ('3bdcabf2f7dd4571b1b96f2c89481f88', '我国低生育率是否还可逆转?委员解读', '生育意愿持续下降，我国的低生育率是否还可以逆转？全国政协委员贺丹解读：低生育率是一个大趋势，可能会有波动，但很难逆转。', 'https://fyb-2.cdn.bcebos.com/hotboard_image/c3311e234b880c4e58c27c1aee40fad5', '百度', 'https://www.baidu.com/s?wd=%E6%88%91%E5%9B%BD%E4%BD%8E%E7%94%9F%E8%82%B2%E7%8E%87%E6%98%AF%E5%90%A6%E8%BF%98%E5%8F%AF%E9%80%86%E8%BD%AC%3F%E5%A7%94%E5%91%98%E8%A7%A3%E8%AF%BB&sa=fyb_news&rsv_dl=fyb_news', '2023-03-05 09:59:01', '2023-03-05 09:59:01', '2023-03-05 09:59:01', 2, NULL);
INSERT INTO `headline_news` VALUES ('3be35f48af58457081e80886567000e8', '省委书记等观看“老虎”受审画面', '', 'https://fyb-1.cdn.bcebos.com/fyb/de6163834f53ca92c1273fff98ac9078.jpeg', '百度', 'https://www.baidu.com/s?wd=%E7%9C%81%E5%A7%94%E4%B9%A6%E8%AE%B0%E7%AD%89%E8%A7%82%E7%9C%8B%E2%80%9C%E8%80%81%E8%99%8E%E2%80%9D%E5%8F%97%E5%AE%A1%E7%94%BB%E9%9D%A2&sa=fyb_news&rsv_dl=fyb_news', '2023-04-20 07:18:09', '2023-04-20 07:18:09', '2023-04-20 07:18:09', 2, NULL);
INSERT INTO `headline_news` VALUES ('3c068ed64219416c818d1972736a9b7f', '胡锡进：洪都拉斯羞了华盛顿的脸', '', 'https://fyb-1.cdn.bcebos.com/fyb/de6163834f53ca92c1273fff98ac9078.jpeg', '百度', 'https://www.baidu.com/s?wd=%E8%83%A1%E9%94%A1%E8%BF%9B%EF%BC%9A%E6%B4%AA%E9%83%BD%E6%8B%89%E6%96%AF%E7%BE%9E%E4%BA%86%E5%8D%8E%E7%9B%9B%E9%A1%BF%E7%9A%84%E8%84%B8&sa=fyb_news&rsv_dl=fyb_news', '2023-03-26 22:04:01', '2023-03-26 22:04:01', '2023-03-26 22:04:01', 2, NULL);
INSERT INTO `headline_news` VALUES ('3c9b1ba133bd4e38aad3adf504611668', '申聪被拐两案犯已被核准死刑', '近日，申聪被拐案家长申军良告诉记者，两案犯已被核准死刑，该案8名被拐儿童中3人至今未被寻回，其中包括钟丁酉的儿子。目前，钟丁酉已前往广州寻子。', 'https://fyb-2.cdn.bcebos.com/hotboard_image/1dc3b8bd5c96a535681ba5b999753062', '百度', 'https://www.baidu.com/s?wd=%E7%94%B3%E8%81%AA%E8%A2%AB%E6%8B%90%E4%B8%A4%E6%A1%88%E7%8A%AF%E5%B7%B2%E8%A2%AB%E6%A0%B8%E5%87%86%E6%AD%BB%E5%88%91&sa=fyb_news&rsv_dl=fyb_news', '2023-04-22 18:34:09', '2023-04-22 18:34:09', '2023-04-22 18:34:09', 2, NULL);
INSERT INTO `headline_news` VALUES ('3ca29ce3fa6046b3990aa0dba9cb19c6', '体彩开奖球停在斜坡不下滚遭质疑', '近日，福建一地方性体彩在开奖直播时发生了开奖圆球停在斜坡顶端不往下滚的戏剧性一幕，引发网友质疑。对此，彩票中心回应称：可能是天气原因造成的。', 'https://fyb-2.cdn.bcebos.com/hotboard_image/4299f82c62ef5e64ee4604bc96973ba4', '百度', 'https://www.baidu.com/s?wd=%E4%BD%93%E5%BD%A9%E5%BC%80%E5%A5%96%E7%90%83%E5%81%9C%E5%9C%A8%E6%96%9C%E5%9D%A1%E4%B8%8D%E4%B8%8B%E6%BB%9A%E9%81%AD%E8%B4%A8%E7%96%91&sa=fyb_news&rsv_dl=fyb_news', '2023-04-23 14:34:09', '2023-04-23 14:34:09', '2023-04-23 14:34:09', 2, NULL);
INSERT INTO `headline_news` VALUES ('3d53111ec9984e438010702179baacf2', '宝马MINI冰淇淋事件涉事女员工离职', '', 'https://fyb-1.cdn.bcebos.com/fyb/de6163834f53ca92c1273fff98ac9078.jpeg', '百度', 'https://www.baidu.com/s?wd=%E5%AE%9D%E9%A9%ACMINI%E5%86%B0%E6%B7%87%E6%B7%8B%E4%BA%8B%E4%BB%B6%E6%B6%89%E4%BA%8B%E5%A5%B3%E5%91%98%E5%B7%A5%E7%A6%BB%E8%81%8C&sa=fyb_news&rsv_dl=fyb_news', '2023-04-21 17:07:03', '2023-04-21 17:07:03', '2023-04-21 17:07:03', 2, NULL);
INSERT INTO `headline_news` VALUES ('3d539147dad94a3d8fef074c24574f07', 'ASTRO成员文彬去世', '', 'https://fyb-1.cdn.bcebos.com/fyb/de6163834f53ca92c1273fff98ac9078.jpeg', '百度', 'https://www.baidu.com/s?wd=ASTRO%E6%88%90%E5%91%98%E6%96%87%E5%BD%AC%E5%8E%BB%E4%B8%96&sa=fyb_news&rsv_dl=fyb_news', '2023-04-20 08:13:03', '2023-04-20 08:13:03', '2023-04-20 08:13:03', 2, NULL);
INSERT INTO `headline_news` VALUES ('3da50e983309480085a2a14d1754535b', '失业女生摆摊一天卖5块崩溃痛哭', '', 'https://fyb-1.cdn.bcebos.com/fyb/de6163834f53ca92c1273fff98ac9078.jpeg', '百度', 'https://www.baidu.com/s?wd=%E5%A4%B1%E4%B8%9A%E5%A5%B3%E7%94%9F%E6%91%86%E6%91%8A%E4%B8%80%E5%A4%A9%E5%8D%965%E5%9D%97%E5%B4%A9%E6%BA%83%E7%97%9B%E5%93%AD&sa=fyb_news&rsv_dl=fyb_news', '2023-04-22 08:13:05', '2023-04-22 08:13:05', '2023-04-22 08:13:05', 2, NULL);
INSERT INTO `headline_news` VALUES ('3de65b340d5b4d8c8ddb409692aba1e3', '海军最新宣传片暗藏三大“彩蛋”', '22日，在海军成立74周年之际，海军官方形象片《蛟龙行动》正式发布，其中信息量巨大，暗藏三大彩蛋。', 'https://fyb-2.cdn.bcebos.com/hotboard_image/c410f46bae887aa65df408f9bf72b98e', '百度', 'https://www.baidu.com/s?wd=%E6%B5%B7%E5%86%9B%E6%9C%80%E6%96%B0%E5%AE%A3%E4%BC%A0%E7%89%87%E6%9A%97%E8%97%8F%E4%B8%89%E5%A4%A7%E2%80%9C%E5%BD%A9%E8%9B%8B%E2%80%9D&sa=fyb_news&rsv_dl=fyb_news', '2023-04-22 23:29:02', '2023-04-22 23:29:02', '2023-04-22 23:29:02', 2, NULL);
INSERT INTO `headline_news` VALUES ('3df1617cb24f446e82b8092e16a229dd', '宝马蒸发市值可买约5亿个冰淇淋', '近日，“上海车展宝马mini只给外国人冰淇淋”事件引发关注。 截至欧洲中部夏令时间20日18:30，宝马市值蒸发超150亿元人民币，相当于近5亿个冰淇淋的价格。', 'https://fyb-2.cdn.bcebos.com/hotboard_image/9585a2b3f42b300683e4a5d8df2445ab', '百度', 'https://www.baidu.com/s?wd=%E5%AE%9D%E9%A9%AC%E8%92%B8%E5%8F%91%E5%B8%82%E5%80%BC%E5%8F%AF%E4%B9%B0%E7%BA%A65%E4%BA%BF%E4%B8%AA%E5%86%B0%E6%B7%87%E6%B7%8B&sa=fyb_news&rsv_dl=fyb_news', '2023-04-21 13:48:03', '2023-04-21 13:48:03', '2023-04-21 13:48:03', 2, NULL);
INSERT INTO `headline_news` VALUES ('3e325589c26e4799aa3b6285e5e4deaf', '醉驾男子剐蹭逃逸后称是国际记者', '2月12日，江西九江交通拦获一醉驾肇事逃逸男子，该男子当场摆起大“谱儿”，谎称自己是国际记者，并叫嚣称“找你们局长来跟我谈话，你个小警察！”', 'https://fyb-2.cdn.bcebos.com/hotboard_image/b66edfc0f09d5d0b82c9655bd5a2379a', '百度', 'https://www.baidu.com/s?wd=%E9%86%89%E9%A9%BE%E7%94%B7%E5%AD%90%E5%89%90%E8%B9%AD%E9%80%83%E9%80%B8%E5%90%8E%E7%A7%B0%E6%98%AF%E5%9B%BD%E9%99%85%E8%AE%B0%E8%80%85&sa=fyb_news&rsv_dl=fyb_news', '2023-02-24 13:19:01', '2023-02-24 13:19:01', '2023-02-24 13:19:01', 2, NULL);
INSERT INTO `headline_news` VALUES ('3e329ebdbd594048b4cefdedecca61b9', '强科技端牢“中国饭碗”', '', 'https://fyb-1.cdn.bcebos.com/fyb/de6163834f53ca92c1273fff98ac9078.jpeg', '百度', 'https://www.baidu.com/s?wd=%E5%BC%BA%E7%A7%91%E6%8A%80%E7%AB%AF%E7%89%A2%E2%80%9C%E4%B8%AD%E5%9B%BD%E9%A5%AD%E7%A2%97%E2%80%9D&sa=fyb_news&rsv_dl=fyb_news', '2023-03-27 10:36:00', '2023-03-27 10:36:00', '2023-03-27 10:36:00', 2, NULL);
INSERT INTO `headline_news` VALUES ('3e3869d7bcbd4b3c97c18c8307d48207', '曝游客路边吃麻辣烫被收86元', '4月22日晚，一对游客在湖南长沙太平街街头的一个路边摊消费时疑遭遇麻辣烫刺客：一根鱿鱼须3元，一段2-3厘米的鸭肠也是3元，一碗麻辣烫86元。', 'https://fyb-2.cdn.bcebos.com/hotboard_image/0a0958a2fdd742c34c32294a31e09ef3', '百度', 'https://www.baidu.com/s?wd=%E6%9B%9D%E6%B8%B8%E5%AE%A2%E8%B7%AF%E8%BE%B9%E5%90%83%E9%BA%BB%E8%BE%A3%E7%83%AB%E8%A2%AB%E6%94%B686%E5%85%83&sa=fyb_news&rsv_dl=fyb_news', '2023-04-23 15:47:28', '2023-04-23 15:47:28', '2023-04-23 15:47:28', 2, NULL);
INSERT INTO `headline_news` VALUES ('3e7e4e95061246758ccfd55e62fc7d28', '台当局为蛋荒问题道歉', '', 'https://fyb-1.cdn.bcebos.com/fyb/de6163834f53ca92c1273fff98ac9078.jpeg', '百度', 'https://www.baidu.com/s?wd=%E5%8F%B0%E5%BD%93%E5%B1%80%E4%B8%BA%E8%9B%8B%E8%8D%92%E9%97%AE%E9%A2%98%E9%81%93%E6%AD%89&sa=fyb_news&rsv_dl=fyb_news', '2023-02-23 11:13:01', '2023-02-23 11:13:01', '2023-02-23 11:13:01', 2, NULL);
INSERT INTO `headline_news` VALUES ('3ea35f85356343da8edbf16b2065caac', '泰国将为熊猫赔付1500万泰铢', '', 'https://fyb-1.cdn.bcebos.com/fyb/de6163834f53ca92c1273fff98ac9078.jpeg', '百度', 'https://www.baidu.com/s?wd=%E6%B3%B0%E5%9B%BD%E5%B0%86%E4%B8%BA%E7%86%8A%E7%8C%AB%E8%B5%94%E4%BB%981500%E4%B8%87%E6%B3%B0%E9%93%A2&sa=fyb_news&rsv_dl=fyb_news', '2023-04-20 09:34:11', '2023-04-20 09:34:11', '2023-04-20 09:34:11', 2, NULL);
INSERT INTO `headline_news` VALUES ('3f55111c8f36477288cc1c3f0b75867c', '哪座城市支持生育力度最大', '今年以来，已有多地陆续推进一系列积极生育支持措施，如发放生育津贴和育儿补贴，加强住房保障支持等。真金白银支持生育，哪座城市力度最大？', 'https://fyb-2.cdn.bcebos.com/hotboard_image/52f55cf993e3ed72844caf46d68699e2', '百度', 'https://www.baidu.com/s?wd=%E5%93%AA%E5%BA%A7%E5%9F%8E%E5%B8%82%E6%94%AF%E6%8C%81%E7%94%9F%E8%82%B2%E5%8A%9B%E5%BA%A6%E6%9C%80%E5%A4%A7&sa=fyb_news&rsv_dl=fyb_news', '2023-02-23 11:13:01', '2023-02-23 11:13:01', '2023-02-23 11:13:01', 2, NULL);
INSERT INTO `headline_news` VALUES ('3fa9d001b0d243f686ea88bdc47d8ba6', '沪上阿姨外包装旗袍图被质疑不雅', '2月22日，有网友发帖质疑沪上阿姨杯子外包装上女性穿开叉旗袍图片不雅观，引发热议。对此，沪上阿姨客服回应称，会向设计部同事反馈。', 'https://fyb-2.cdn.bcebos.com/hotboard_image/ef40063bee0dc542260e8bdb916f0b32', '百度', 'https://www.baidu.com/s?wd=%E6%B2%AA%E4%B8%8A%E9%98%BF%E5%A7%A8%E5%A4%96%E5%8C%85%E8%A3%85%E6%97%97%E8%A2%8D%E5%9B%BE%E8%A2%AB%E8%B4%A8%E7%96%91%E4%B8%8D%E9%9B%85&sa=fyb_news&rsv_dl=fyb_news', '2023-02-23 11:13:01', '2023-02-23 11:13:01', '2023-02-23 11:13:01', 2, NULL);
INSERT INTO `headline_news` VALUES ('3fe6ab8c63554c37aaa7c5e35b76cf29', '消费大数据展露暖意与新意', '多项高频消费数据反映，今年以来我国消费市场持续回暖。截至2月22日，我国生活服务业消费热度指数较去年12月的低点提高了28.1个点。', 'https://fyb-2.cdn.bcebos.com/hotboard_image/730e042c394b71f47bdbaf9849c6e117', '百度', 'https://www.baidu.com/s?wd=%E6%B6%88%E8%B4%B9%E5%A4%A7%E6%95%B0%E6%8D%AE%E5%B1%95%E9%9C%B2%E6%9A%96%E6%84%8F%E4%B8%8E%E6%96%B0%E6%84%8F&sa=fyb_news&rsv_dl=fyb_news', '2023-02-24 13:11:01', '2023-02-24 13:11:01', '2023-02-24 13:11:01', 2, NULL);
INSERT INTO `headline_news` VALUES ('403d27b474884191a197bdcfc4035537', '汲取奋发进取的智慧和力量', '近日，北京市召开学习贯彻习近平新时代中国特色社会主义思想主题教育工作会议。各地认真学习领会习总书记重要讲话精神，汲取奋发进取的智慧和力量。', 'https://fyb-2.cdn.bcebos.com/hotboard_image/ae5cffe0da2bca8a69918219436b8fa1', '百度', 'https://www.baidu.com/s?wd=%E6%B1%B2%E5%8F%96%E5%A5%8B%E5%8F%91%E8%BF%9B%E5%8F%96%E7%9A%84%E6%99%BA%E6%85%A7%E5%92%8C%E5%8A%9B%E9%87%8F&sa=fyb_news&rsv_dl=fyb_news', '2023-04-20 11:34:05', '2023-04-20 11:34:05', '2023-04-20 11:34:05', 2, NULL);
INSERT INTO `headline_news` VALUES ('4089ec6f699d46b791d42e2aa6073b03', '媒体：马云已回国内', '近日，有网友在杭州文一路隧道中目击阿里巴巴集团创始人马云。对此，记者从相关人士处确认，该车内人士分别为马云、张勇以及邵晓锋。', 'https://fyb-2.cdn.bcebos.com/hotboard_image/e1496639da09f621a705af36ef8a097f', '百度', 'https://www.baidu.com/s?wd=%E5%AA%92%E4%BD%93%EF%BC%9A%E9%A9%AC%E4%BA%91%E5%B7%B2%E5%9B%9E%E5%9B%BD%E5%86%85&sa=fyb_news&rsv_dl=fyb_news', '2023-03-27 15:42:01', '2023-03-27 15:42:01', '2023-03-27 15:42:01', 2, NULL);
INSERT INTO `headline_news` VALUES ('409ee72b4ae04c9a9c0c887f918b3479', '太空视角俯瞰春耕锦绣画卷', '春回大地，万物复苏，全国春耕备耕陆续展开。近期，“吉林一号”卫星传回了一组全国各地春耕前后的卫星影像对比图，从太空视角俯瞰春耕锦绣画卷。', 'https://fyb-2.cdn.bcebos.com/hotboard_image/fadbf55812fa34f82af624458f072cc6', '百度', 'https://www.baidu.com/s?wd=%E5%A4%AA%E7%A9%BA%E8%A7%86%E8%A7%92%E4%BF%AF%E7%9E%B0%E6%98%A5%E8%80%95%E9%94%A6%E7%BB%A3%E7%94%BB%E5%8D%B7&sa=fyb_news&rsv_dl=fyb_news', '2023-04-20 00:59:05', '2023-04-20 00:59:05', '2023-04-20 00:59:05', 2, NULL);
INSERT INTO `headline_news` VALUES ('40c3fe82f67d41d4a9e19e8977a50aae', '比亚迪董事长坐地铁去车展', '', 'https://fyb-1.cdn.bcebos.com/fyb/de6163834f53ca92c1273fff98ac9078.jpeg', '百度', 'https://www.baidu.com/s?wd=%E6%AF%94%E4%BA%9A%E8%BF%AA%E8%91%A3%E4%BA%8B%E9%95%BF%E5%9D%90%E5%9C%B0%E9%93%81%E5%8E%BB%E8%BD%A6%E5%B1%95&sa=fyb_news&rsv_dl=fyb_news', '2023-04-21 14:06:06', '2023-04-21 14:06:06', '2023-04-21 14:06:06', 2, NULL);
INSERT INTO `headline_news` VALUES ('41149321e691408c9979bf1b1cb085d0', '日本2040年单身比例将达47%', '', 'https://fyb-1.cdn.bcebos.com/fyb/de6163834f53ca92c1273fff98ac9078.jpeg', '百度', 'https://www.baidu.com/s?wd=%E6%97%A5%E6%9C%AC2040%E5%B9%B4%E5%8D%95%E8%BA%AB%E6%AF%94%E4%BE%8B%E5%B0%86%E8%BE%BE47%25&sa=fyb_news&rsv_dl=fyb_news', '2023-04-21 08:37:16', '2023-04-21 08:37:16', '2023-04-21 08:37:16', 2, NULL);
INSERT INTO `headline_news` VALUES ('41f885ac618043758e956638bcc68627', 'C罗锁喉防守染黄', '沙特联赛第25轮，利雅得胜利客场挑战利雅得新月。C罗全场0射正+锁喉染黄，最终利雅得胜利客场0-2不敌利雅得新月，延续2轮不胜。', 'https://fyb-2.cdn.bcebos.com/hotboard_image/6117e4f8806271e2b39795c4260b4435', '百度', 'https://www.baidu.com/s?wd=C%E7%BD%97%E9%94%81%E5%96%89%E9%98%B2%E5%AE%88%E6%9F%93%E9%BB%84&sa=fyb_news&rsv_dl=fyb_news', '2023-04-20 00:59:06', '2023-04-20 00:59:06', '2023-04-20 00:59:06', 2, NULL);
INSERT INTO `headline_news` VALUES ('41fd39ece7884cd9962fbcfe0be9d912', '央企幼儿园首次对外招生', '近日，家住武汉市汉阳区归元寺附近的龚玲（化名）在小区周边为儿子物色幼儿园。令她意想不到的是，家门口的一所驻汉央企机关幼儿园向她抛来橄榄枝。', 'https://fyb-2.cdn.bcebos.com/hotboard_image/f093ac24653e2ce114407e1b456af95e', '百度', 'https://www.baidu.com/s?wd=%E5%A4%AE%E4%BC%81%E5%B9%BC%E5%84%BF%E5%9B%AD%E9%A6%96%E6%AC%A1%E5%AF%B9%E5%A4%96%E6%8B%9B%E7%94%9F&sa=fyb_news&rsv_dl=fyb_news', '2023-02-24 13:11:01', '2023-02-24 13:11:01', '2023-02-24 13:11:01', 2, NULL);
INSERT INTO `headline_news` VALUES ('420ccc06118a491d85c165e6a84bc35b', '奥迪诉蔚来商标侵权被驳回', '', 'https://fyb-1.cdn.bcebos.com/fyb/de6163834f53ca92c1273fff98ac9078.jpeg', '百度', 'https://www.baidu.com/s?wd=%E5%A5%A5%E8%BF%AA%E8%AF%89%E8%94%9A%E6%9D%A5%E5%95%86%E6%A0%87%E4%BE%B5%E6%9D%83%E8%A2%AB%E9%A9%B3%E5%9B%9E&sa=fyb_news&rsv_dl=fyb_news', '2023-02-25 13:49:16', '2023-02-25 13:49:16', '2023-02-25 13:49:16', 2, NULL);
INSERT INTO `headline_news` VALUES ('422f2426786f444db27562aa2db3fd62', '秦刚：目前中美关系依旧春寒料峭', '3月25日，国务委员兼外长秦刚在北京集体会见来访的美国友好团体和工商界人士。秦刚表示，目前中美关系依旧春寒料峭。', 'https://fyb-2.cdn.bcebos.com/hotboard_image/252c00774f30c2557db54a2a6ed8fde3', '百度', 'https://www.baidu.com/s?wd=%E7%A7%A6%E5%88%9A%EF%BC%9A%E7%9B%AE%E5%89%8D%E4%B8%AD%E7%BE%8E%E5%85%B3%E7%B3%BB%E4%BE%9D%E6%97%A7%E6%98%A5%E5%AF%92%E6%96%99%E5%B3%AD&sa=fyb_news&rsv_dl=fyb_news', '2023-03-26 10:40:01', '2023-03-26 10:40:01', '2023-03-26 10:40:01', 2, NULL);
INSERT INTO `headline_news` VALUES ('4248ed9a94804d5f8c5b96a28b947305', '俄国防部一架飞机坠毁', '当地时间23日，俄罗斯别尔哥罗德州长称，俄国防部一架飞机在该州坠毁。目前俄紧急情况部门和调查组正在现场作业，事故原因尚在查明中。', 'https://fyb-2.cdn.bcebos.com/hotboard_image/ee58cbaa67b8c8a6ecb2df3eb99e607f', '百度', 'https://www.baidu.com/s?wd=%E4%BF%84%E5%9B%BD%E9%98%B2%E9%83%A8%E4%B8%80%E6%9E%B6%E9%A3%9E%E6%9C%BA%E5%9D%A0%E6%AF%81&sa=fyb_news&rsv_dl=fyb_news', '2023-02-24 13:29:01', '2023-02-24 13:29:01', '2023-02-24 13:29:01', 2, NULL);
INSERT INTO `headline_news` VALUES ('42badb73072147fdbb3aafc4bb95d313', '冰溜子从5楼坠落砸伤女子', '', 'https://fyb-1.cdn.bcebos.com/fyb/de6163834f53ca92c1273fff98ac9078.jpeg', '百度', 'https://www.baidu.com/s?wd=%E5%86%B0%E6%BA%9C%E5%AD%90%E4%BB%8E5%E6%A5%BC%E5%9D%A0%E8%90%BD%E7%A0%B8%E4%BC%A4%E5%A5%B3%E5%AD%90&sa=fyb_news&rsv_dl=fyb_news', '2023-02-25 13:54:01', '2023-02-25 13:54:01', '2023-02-25 13:54:01', 2, NULL);
INSERT INTO `headline_news` VALUES ('43cc38aa4d5249c2a71a86c90b8754a5', '《狂飙》反派戏九成是香港导演拍摄', '近日，有消息称，《狂飙》中反派戏份90%都是香港副导演陈伟雄拍摄的。据悉，他参与过《无间道》系列的电影拍摄。有网友直呼怪不得剧中港味十足。', 'https://fyb-2.cdn.bcebos.com/hotboard_image/a0d4287c4c5021db633df56746e1444c', '百度', 'https://www.baidu.com/s?wd=%E3%80%8A%E7%8B%82%E9%A3%99%E3%80%8B%E5%8F%8D%E6%B4%BE%E6%88%8F%E4%B9%9D%E6%88%90%E6%98%AF%E9%A6%99%E6%B8%AF%E5%AF%BC%E6%BC%94%E6%8B%8D%E6%91%84&sa=fyb_news&rsv_dl=fyb_news', '2023-03-05 09:59:01', '2023-03-05 09:59:01', '2023-03-05 09:59:01', 2, NULL);
INSERT INTO `headline_news` VALUES ('43d8f85a7fbd466db54bee587d9448df', '政府工作报告', '3月5日上午9时，十四届全国人民代表大会第一次会议在人民大会堂举行开幕会，国务院总理李克强作政府工作报告。', 'https://fyb-2.cdn.bcebos.com/hotboard_image/09a32bc18b55ad2d48f99831de008b39', '百度', 'https://www.baidu.com/s?wd=%E6%94%BF%E5%BA%9C%E5%B7%A5%E4%BD%9C%E6%8A%A5%E5%91%8A&sa=fyb_news&rsv_dl=fyb_news', '2023-03-05 09:59:01', '2023-03-05 09:59:01', '2023-03-05 09:59:01', 2, NULL);
INSERT INTO `headline_news` VALUES ('43dcc4c9d09c440c812ade9b7d591f04', '贵州省政协原副主席李再勇被查', '贵州省政协党组成员、原副主席李再勇涉嫌严重违纪违法，目前正接受中央纪委国家监委纪律审查和监察调查。', 'https://fyb-2.cdn.bcebos.com/hotboard_image/d1ca5bad7be21072b9401a23bbfb78c3', '百度', 'https://www.baidu.com/s?wd=%E8%B4%B5%E5%B7%9E%E7%9C%81%E6%94%BF%E5%8D%8F%E5%8E%9F%E5%89%AF%E4%B8%BB%E5%B8%AD%E6%9D%8E%E5%86%8D%E5%8B%87%E8%A2%AB%E6%9F%A5&sa=fyb_news&rsv_dl=fyb_news', '2023-03-27 15:44:01', '2023-03-27 15:44:01', '2023-03-27 15:44:01', 2, NULL);
INSERT INTO `headline_news` VALUES ('43dd196724ba401483d2f062a726b266', '女生称遭55岁男老师猥亵重度抑郁', '', 'https://fyb-1.cdn.bcebos.com/fyb/de6163834f53ca92c1273fff98ac9078.jpeg', '百度', 'https://www.baidu.com/s?wd=%E5%A5%B3%E7%94%9F%E7%A7%B0%E9%81%AD55%E5%B2%81%E7%94%B7%E8%80%81%E5%B8%88%E7%8C%A5%E4%BA%B5%E9%87%8D%E5%BA%A6%E6%8A%91%E9%83%81&sa=fyb_news&rsv_dl=fyb_news', '2023-04-20 20:26:24', '2023-04-20 20:26:24', '2023-04-20 20:26:24', 2, NULL);
INSERT INTO `headline_news` VALUES ('4441b62b86194ee3b1c85377463a81ab', '足球报：中超将改回16队', '', 'https://fyb-1.cdn.bcebos.com/fyb/de6163834f53ca92c1273fff98ac9078.jpeg', '百度', 'https://www.baidu.com/s?wd=%E8%B6%B3%E7%90%83%E6%8A%A5%EF%BC%9A%E4%B8%AD%E8%B6%85%E5%B0%86%E6%94%B9%E5%9B%9E16%E9%98%9F&sa=fyb_news&rsv_dl=fyb_news', '2023-03-27 11:03:01', '2023-03-27 11:03:01', '2023-03-27 11:03:01', 2, NULL);
INSERT INTO `headline_news` VALUES ('44a58f591eff425aae7aab9ee4bfa2b6', '约1.7亿年前的“花”被发现', '', 'https://fyb-1.cdn.bcebos.com/fyb/de6163834f53ca92c1273fff98ac9078.jpeg', '百度', 'https://www.baidu.com/s?wd=%E7%BA%A61.7%E4%BA%BF%E5%B9%B4%E5%89%8D%E7%9A%84%E2%80%9C%E8%8A%B1%E2%80%9D%E8%A2%AB%E5%8F%91%E7%8E%B0&sa=fyb_news&rsv_dl=fyb_news', '2023-03-26 13:39:01', '2023-03-26 13:39:01', '2023-03-26 13:39:01', 2, NULL);
INSERT INTO `headline_news` VALUES ('44cd6b104eb64746af4dc606560cefb2', '李玟腿伤住院：面对生命中最大挑战', '', 'https://fyb-1.cdn.bcebos.com/fyb/de6163834f53ca92c1273fff98ac9078.jpeg', '百度', 'https://www.baidu.com/s?wd=%E6%9D%8E%E7%8E%9F%E8%85%BF%E4%BC%A4%E4%BD%8F%E9%99%A2%EF%BC%9A%E9%9D%A2%E5%AF%B9%E7%94%9F%E5%91%BD%E4%B8%AD%E6%9C%80%E5%A4%A7%E6%8C%91%E6%88%98&sa=fyb_news&rsv_dl=fyb_news', '2023-02-23 14:38:01', '2023-02-23 14:38:01', '2023-02-23 14:38:01', 2, NULL);
INSERT INTO `headline_news` VALUES ('44d698a23f5d4b82b96e4b9ea1f821d0', '大雁与快艇齐飞任由游客抚摸', '近日，山东临沂一大雁列队与快艇齐飞，任由游客抚摸。一只大雁停在游客手上，犹如静止一般。网友：报告，有只偷懒不自己飞。', 'https://fyb-2.cdn.bcebos.com/hotboard_image/b2a918cb21b23a8377d8570b60130853', '百度', 'https://www.baidu.com/s?wd=%E5%A4%A7%E9%9B%81%E4%B8%8E%E5%BF%AB%E8%89%87%E9%BD%90%E9%A3%9E%E4%BB%BB%E7%94%B1%E6%B8%B8%E5%AE%A2%E6%8A%9A%E6%91%B8&sa=fyb_news&rsv_dl=fyb_news', '2023-03-27 10:14:01', '2023-03-27 10:14:01', '2023-03-27 10:14:01', 2, NULL);
INSERT INTO `headline_news` VALUES ('451cb10193a74cf3b23c777215ee2579', '对话花总还原缅北电信诈骗', '真实的缅北到底什么样子？噶腰子传闻，是否真实存在？红星新闻连麦多次赴缅采访的纪录片导演花总、反诈亲身经历者幸卫林，一起揭秘缅北的电信诈骗。', 'https://fyb-2.cdn.bcebos.com/hotboard_image/ce6c60b31f1aa68ab427d237345282a9', '百度', 'https://www.baidu.com/s?wd=%E5%AF%B9%E8%AF%9D%E8%8A%B1%E6%80%BB%E8%BF%98%E5%8E%9F%E7%BC%85%E5%8C%97%E7%94%B5%E4%BF%A1%E8%AF%88%E9%AA%97&sa=fyb_news&rsv_dl=fyb_news', '2023-03-27 15:42:01', '2023-03-27 15:42:01', '2023-03-27 15:42:01', 2, NULL);
INSERT INTO `headline_news` VALUES ('4577b2d8321a4679afa2676e3ac62658', '浙大学生因辱华言论被拒录公务员', '20日，网传浙江大学有学生在报考公务员时被举报，称其在学校内部论坛发表过辱华言论。经核实，该学生被拒录。官方21日回应称，该生已主动放弃名额。', 'https://fyb-2.cdn.bcebos.com/hotboard_image/137ff6eb7ddcfc5b5461cf365fb04a9b', '百度', 'https://www.baidu.com/s?wd=%E6%B5%99%E5%A4%A7%E5%AD%A6%E7%94%9F%E5%9B%A0%E8%BE%B1%E5%8D%8E%E8%A8%80%E8%AE%BA%E8%A2%AB%E6%8B%92%E5%BD%95%E5%85%AC%E5%8A%A1%E5%91%98&sa=fyb_news&rsv_dl=fyb_news', '2023-04-21 13:13:09', '2023-04-21 13:13:09', '2023-04-21 13:13:09', 2, NULL);
INSERT INTO `headline_news` VALUES ('45fa70100f0c42a196e05214334a6b52', '今日谷雨', '', 'https://fyb-1.cdn.bcebos.com/fyb/de6163834f53ca92c1273fff98ac9078.jpeg', '百度', 'https://www.baidu.com/s?wd=%E4%BB%8A%E6%97%A5%E8%B0%B7%E9%9B%A8&sa=fyb_news&rsv_dl=fyb_news', '2023-04-20 07:16:17', '2023-04-20 07:16:17', '2023-04-20 07:16:17', 2, NULL);
INSERT INTO `headline_news` VALUES ('460e9f1ee5a04c178f91e93e3ae58f8d', '美国五角大楼回应俄将部署核武器', '', 'https://fyb-1.cdn.bcebos.com/fyb/de6163834f53ca92c1273fff98ac9078.jpeg', '百度', 'https://www.baidu.com/s?wd=%E7%BE%8E%E5%9B%BD%E4%BA%94%E8%A7%92%E5%A4%A7%E6%A5%BC%E5%9B%9E%E5%BA%94%E4%BF%84%E5%B0%86%E9%83%A8%E7%BD%B2%E6%A0%B8%E6%AD%A6%E5%99%A8&sa=fyb_news&rsv_dl=fyb_news', '2023-03-26 10:30:01', '2023-03-26 10:30:01', '2023-03-26 10:30:01', 2, NULL);
INSERT INTO `headline_news` VALUES ('4636158f2e634fc2b70ddb7f5ee88105', '男孩向老师竖中指被姑姑罚竖1天', '', 'https://fyb-1.cdn.bcebos.com/fyb/de6163834f53ca92c1273fff98ac9078.jpeg', '百度', 'https://www.baidu.com/s?wd=%E7%94%B7%E5%AD%A9%E5%90%91%E8%80%81%E5%B8%88%E7%AB%96%E4%B8%AD%E6%8C%87%E8%A2%AB%E5%A7%91%E5%A7%91%E7%BD%9A%E7%AB%961%E5%A4%A9&sa=fyb_news&rsv_dl=fyb_news', '2023-03-27 10:14:01', '2023-03-27 10:14:01', '2023-03-27 10:14:01', 2, NULL);
INSERT INTO `headline_news` VALUES ('468af4c2c5f84529af1d97fe9bd4f2a5', '专家称物价上涨是因为服务费', '近日，北大教授颜色在节目中表示，“日常消费品在涨，买不起的一直在跌”这种感受是错觉，服务类消费价格上涨，商品价格并没有涨，反而是下降。', 'https://fyb-2.cdn.bcebos.com/hotboard_image/5c85da200e09e8cf17288755e7a07c99', '百度', 'https://www.baidu.com/s?wd=%E4%B8%93%E5%AE%B6%E7%A7%B0%E7%89%A9%E4%BB%B7%E4%B8%8A%E6%B6%A8%E6%98%AF%E5%9B%A0%E4%B8%BA%E6%9C%8D%E5%8A%A1%E8%B4%B9&sa=fyb_news&rsv_dl=fyb_news', '2023-04-20 00:59:06', '2023-04-20 00:59:06', '2023-04-20 00:59:06', 2, NULL);
INSERT INTO `headline_news` VALUES ('46b1ab3a259b4b56bbde5da97fbe874d', '女护士下班摆摊卖“无菌烤肠”', '', 'https://fyb-1.cdn.bcebos.com/fyb/de6163834f53ca92c1273fff98ac9078.jpeg', '百度', 'https://www.baidu.com/s?wd=%E5%A5%B3%E6%8A%A4%E5%A3%AB%E4%B8%8B%E7%8F%AD%E6%91%86%E6%91%8A%E5%8D%96%E2%80%9C%E6%97%A0%E8%8F%8C%E7%83%A4%E8%82%A0%E2%80%9D&sa=fyb_news&rsv_dl=fyb_news', '2023-03-04 21:54:01', '2023-03-04 21:54:01', '2023-03-04 21:54:01', 2, NULL);
INSERT INTO `headline_news` VALUES ('46c123d959264043b45f0f715d8b2816', '我们要推进祖国和平统一进程', '', 'https://fyb-1.cdn.bcebos.com/fyb/de6163834f53ca92c1273fff98ac9078.jpeg', '百度', 'https://www.baidu.com/s?wd=%E6%88%91%E4%BB%AC%E8%A6%81%E6%8E%A8%E8%BF%9B%E7%A5%96%E5%9B%BD%E5%92%8C%E5%B9%B3%E7%BB%9F%E4%B8%80%E8%BF%9B%E7%A8%8B&sa=fyb_news&rsv_dl=fyb_news', '2023-03-05 10:42:01', '2023-03-05 10:42:01', '2023-03-05 10:42:01', 2, NULL);
INSERT INTO `headline_news` VALUES ('46cf588b7f164fefa741321ff0c3bc6a', '夯实科技自立自强根基', '中共中央总书记习近平在主持学习时强调，加强基础研究，是实现高水平科技自立自强的迫切要求，是建设世界科技强国的必由之路。', 'https://fyb-2.cdn.bcebos.com/hotboard_image/7bb2426ce9e50178b3d3c8664e26f52f', '百度', 'https://www.baidu.com/s?wd=%E5%A4%AF%E5%AE%9E%E7%A7%91%E6%8A%80%E8%87%AA%E7%AB%8B%E8%87%AA%E5%BC%BA%E6%A0%B9%E5%9F%BA&sa=fyb_news&rsv_dl=fyb_news', '2023-02-23 11:13:01', '2023-02-23 11:13:01', '2023-02-23 11:13:01', 2, NULL);
INSERT INTO `headline_news` VALUES ('473b9e83c1834d94817bb34234cf88f9', '仙剑奇侠传3主演无滤镜定妆照', '', 'https://fyb-1.cdn.bcebos.com/fyb/de6163834f53ca92c1273fff98ac9078.jpeg', '百度', 'https://www.baidu.com/s?wd=%E4%BB%99%E5%89%91%E5%A5%87%E4%BE%A0%E4%BC%A03%E4%B8%BB%E6%BC%94%E6%97%A0%E6%BB%A4%E9%95%9C%E5%AE%9A%E5%A6%86%E7%85%A7&sa=fyb_news&rsv_dl=fyb_news', '2023-02-24 13:11:01', '2023-02-24 13:11:01', '2023-02-24 13:11:01', 2, NULL);
INSERT INTO `headline_news` VALUES ('4765a708b5854ac2839d5461088c2565', '16岁逃婚少女已解除无效婚约', '', 'https://fyb-1.cdn.bcebos.com/fyb/de6163834f53ca92c1273fff98ac9078.jpeg', '百度', 'https://www.baidu.com/s?wd=16%E5%B2%81%E9%80%83%E5%A9%9A%E5%B0%91%E5%A5%B3%E5%B7%B2%E8%A7%A3%E9%99%A4%E6%97%A0%E6%95%88%E5%A9%9A%E7%BA%A6&sa=fyb_news&rsv_dl=fyb_news', '2023-02-23 11:24:01', '2023-02-23 11:24:01', '2023-02-23 11:24:01', 2, NULL);
INSERT INTO `headline_news` VALUES ('479a34001cd54a3594cfcdebe57d249f', '春风浩荡，凝心聚力开新局', '强信心，聚人心，筑同心。带着社情民意、真知灼见，2023年两会期间2100多名全国政协委员从天南海北汇聚北京，共赴春天的盛会。', 'https://fyb-2.cdn.bcebos.com/hotboard_image/262a448c37dffaa100a05b829c473c09', '百度', 'https://www.baidu.com/s?wd=%E6%98%A5%E9%A3%8E%E6%B5%A9%E8%8D%A1%EF%BC%8C%E5%87%9D%E5%BF%83%E8%81%9A%E5%8A%9B%E5%BC%80%E6%96%B0%E5%B1%80&sa=fyb_news&rsv_dl=fyb_news', '2023-03-05 09:59:01', '2023-03-05 09:59:01', '2023-03-05 09:59:01', 2, NULL);
INSERT INTO `headline_news` VALUES ('479e88203ad74e44910bfa37c4f8a753', '挂日本牌照上路车主致歉', '近日，河南漯河一网友拍到一辆挂着疑似日本车牌的车辆在路上行驶。21日，交警部门依法传唤车主到场。该车车主表示，觉得好玩挂的装饰牌，已拆除。', 'https://fyb-2.cdn.bcebos.com/hotboard_image/2f6587fea91a7487f02d6655dd326262', '百度', 'https://www.baidu.com/s?wd=%E6%8C%82%E6%97%A5%E6%9C%AC%E7%89%8C%E7%85%A7%E4%B8%8A%E8%B7%AF%E8%BD%A6%E4%B8%BB%E8%87%B4%E6%AD%89&sa=fyb_news&rsv_dl=fyb_news', '2023-02-23 11:13:01', '2023-02-23 11:13:01', '2023-02-23 11:13:01', 2, NULL);
INSERT INTO `headline_news` VALUES ('47cb33f2084f4a9988cdf666515c596f', '成都市民拍下夜空不明发光体', '4月21日，成都龙泉市民严先生拍下夜空不明发光体，长长一条浮动半空，不停变换外形。', 'https://fyb-2.cdn.bcebos.com/hotboard_image/66693e0458e94482c41f0f7c2cf0f899', '百度', 'https://www.baidu.com/s?wd=%E6%88%90%E9%83%BD%E5%B8%82%E6%B0%91%E6%8B%8D%E4%B8%8B%E5%A4%9C%E7%A9%BA%E4%B8%8D%E6%98%8E%E5%8F%91%E5%85%89%E4%BD%93&sa=fyb_news&rsv_dl=fyb_news', '2023-04-22 19:41:10', '2023-04-22 19:41:10', '2023-04-22 19:41:10', 2, NULL);
INSERT INTO `headline_news` VALUES ('47e209aa494741dd904d35f8e8f9785b', '乌方：将仔细研究中国所提和平方案', '乌克兰外长库列巴21日表示，中方向乌方分享了中国提出的“和平方案”要点，一旦收到完整文本材料，乌方“将仔细研究”。', 'https://fyb-2.cdn.bcebos.com/hotboard_image/ec753d553e36e2f39afcdf36952f1cb3', '百度', 'https://www.baidu.com/s?wd=%E4%B9%8C%E6%96%B9%EF%BC%9A%E5%B0%86%E4%BB%94%E7%BB%86%E7%A0%94%E7%A9%B6%E4%B8%AD%E5%9B%BD%E6%89%80%E6%8F%90%E5%92%8C%E5%B9%B3%E6%96%B9%E6%A1%88&sa=fyb_news&rsv_dl=fyb_news', '2023-02-24 13:11:01', '2023-02-24 13:11:01', '2023-02-24 13:11:01', 2, NULL);
INSERT INTO `headline_news` VALUES ('47fafc9a1958485a8628c38658a4f819', '一图速览2023年政府工作报告', '3月5日上午9时，十四届全国人民代表大会第一次会议在人民大会堂举行开幕会，国务院总理李克强作政府工作报告。一图速览2023年政府工作报告>>', 'https://fyb-2.cdn.bcebos.com/hotboard_image/a9c76f4f1e2ea681fb747e8fd2c829fa', '百度', 'https://www.baidu.com/s?wd=%E4%B8%80%E5%9B%BE%E9%80%9F%E8%A7%882023%E5%B9%B4%E6%94%BF%E5%BA%9C%E5%B7%A5%E4%BD%9C%E6%8A%A5%E5%91%8A&sa=fyb_news&rsv_dl=fyb_news', '2023-03-05 12:10:01', '2023-03-05 12:10:01', '2023-03-05 12:10:01', 2, NULL);
INSERT INTO `headline_news` VALUES ('483571ad2a6b473dae2c1d5ca2322d39', '代表建议提前高考让学生好好过端午', '全国人大代表赵皖平建议将高考日期提前到5月中下旬。这样端午节全部都在高考结束之后，考生们可以好好地去体会传统节日的深刻文化内涵。', 'https://fyb-2.cdn.bcebos.com/hotboard_image/ecd1f7000e77692b56c9c97585870fa5', '百度', 'https://www.baidu.com/s?wd=%E4%BB%A3%E8%A1%A8%E5%BB%BA%E8%AE%AE%E6%8F%90%E5%89%8D%E9%AB%98%E8%80%83%E8%AE%A9%E5%AD%A6%E7%94%9F%E5%A5%BD%E5%A5%BD%E8%BF%87%E7%AB%AF%E5%8D%88&sa=fyb_news&rsv_dl=fyb_news', '2023-03-04 21:54:01', '2023-03-04 21:54:01', '2023-03-04 21:54:01', 2, NULL);
INSERT INTO `headline_news` VALUES ('485ccca8bf8b4028af400ff2911dcf5a', '美将公布中国对俄军援情报?中方驳斥', '2月23日，对于“美方即将公布中国对俄军事援助情报”一事，中国外交部发言人汪文斌称，美方所谓的情报不外乎是捕风捉影，对中方污蔑抹黑。', 'https://fyb-2.cdn.bcebos.com/hotboard_image/23c27a530ecf1730fbb5ac8564c78cb9', '百度', 'https://www.baidu.com/s?wd=%E7%BE%8E%E5%B0%86%E5%85%AC%E5%B8%83%E4%B8%AD%E5%9B%BD%E5%AF%B9%E4%BF%84%E5%86%9B%E6%8F%B4%E6%83%85%E6%8A%A5%3F%E4%B8%AD%E6%96%B9%E9%A9%B3%E6%96%A5&sa=fyb_news&rsv_dl=fyb_news', '2023-02-24 13:49:01', '2023-02-24 13:49:01', '2023-02-24 13:49:01', 2, NULL);
INSERT INTO `headline_news` VALUES ('4883cca8ca094a2eb40b38ba9318f58c', '沪上阿姨旗袍图不雅?官方研判不违法', '23日，有网友质疑沪上阿姨茶杯图案上的女子旗袍开叉过高，坐在椅子上掀起后摆过于暴露不雅。对此，市监局回应：不属于违法广告。', 'https://fyb-2.cdn.bcebos.com/hotboard_image/6860311472f7b93def7c976c70cd4ed1', '百度', 'https://www.baidu.com/s?wd=%E6%B2%AA%E4%B8%8A%E9%98%BF%E5%A7%A8%E6%97%97%E8%A2%8D%E5%9B%BE%E4%B8%8D%E9%9B%85%3F%E5%AE%98%E6%96%B9%E7%A0%94%E5%88%A4%E4%B8%8D%E8%BF%9D%E6%B3%95&sa=fyb_news&rsv_dl=fyb_news', '2023-02-24 16:12:01', '2023-02-24 16:12:01', '2023-02-24 16:12:01', 2, NULL);
INSERT INTO `headline_news` VALUES ('48de256c87e0409089b2f2b17ccf6caf', '张颂文向陈凯歌介绍高叶', '', 'https://fyb-1.cdn.bcebos.com/fyb/de6163834f53ca92c1273fff98ac9078.jpeg', '百度', 'https://www.baidu.com/s?wd=%E5%BC%A0%E9%A2%82%E6%96%87%E5%90%91%E9%99%88%E5%87%AF%E6%AD%8C%E4%BB%8B%E7%BB%8D%E9%AB%98%E5%8F%B6&sa=fyb_news&rsv_dl=fyb_news', '2023-04-23 10:27:04', '2023-04-23 10:27:04', '2023-04-23 10:27:04', 2, NULL);
INSERT INTO `headline_news` VALUES ('48f13dc390bf4bdc9b66532c7f8fe61e', '浙商大佬儿子与后妈争权 公司回应', '百亿浙商大佬郑永刚去世后，其子郑驹通过选举成为董事长。浙商遗孀发声“还轮不到你，我应成为公司实控人”。对此，公司回应：本次选举结果合法有效。', 'https://fyb-2.cdn.bcebos.com/hotboard_image/9196e65c81e4b3d0752e50ec88e83242', '百度', 'https://www.baidu.com/s?wd=%E6%B5%99%E5%95%86%E5%A4%A7%E4%BD%AC%E5%84%BF%E5%AD%90%E4%B8%8E%E5%90%8E%E5%A6%88%E4%BA%89%E6%9D%83+%E5%85%AC%E5%8F%B8%E5%9B%9E%E5%BA%94&sa=fyb_news&rsv_dl=fyb_news', '2023-03-26 10:30:02', '2023-03-26 10:30:02', '2023-03-26 10:30:02', 2, NULL);
INSERT INTO `headline_news` VALUES ('4992abdf1915463eba57d0dead4973fc', '女生靠摆地摊还清百万负债', '随着“地摊经济”的放开，如今正有越来越多的年轻人加入“摆地摊”的行列。其中女生3500元起家，整体年入近200万，靠摆地摊还清负债。', 'https://fyb-2.cdn.bcebos.com/hotboard_image/7025dfc0f4aff1497d565bc27a938833', '百度', 'https://www.baidu.com/s?wd=%E5%A5%B3%E7%94%9F%E9%9D%A0%E6%91%86%E5%9C%B0%E6%91%8A%E8%BF%98%E6%B8%85%E7%99%BE%E4%B8%87%E8%B4%9F%E5%80%BA&sa=fyb_news&rsv_dl=fyb_news', '2023-03-26 10:30:02', '2023-03-26 10:30:02', '2023-03-26 10:30:02', 2, NULL);
INSERT INTO `headline_news` VALUES ('4a2083554e4f4cad92aedc93531c2e67', '今年首次日食今日午后上演', '', 'https://fyb-1.cdn.bcebos.com/fyb/de6163834f53ca92c1273fff98ac9078.jpeg', '百度', 'https://www.baidu.com/s?wd=%E4%BB%8A%E5%B9%B4%E9%A6%96%E6%AC%A1%E6%97%A5%E9%A3%9F%E4%BB%8A%E6%97%A5%E5%8D%88%E5%90%8E%E4%B8%8A%E6%BC%94&sa=fyb_news&rsv_dl=fyb_news', '2023-04-20 07:16:17', '2023-04-20 07:16:17', '2023-04-20 07:16:17', 2, NULL);
INSERT INTO `headline_news` VALUES ('4a933b1724614198a00e247e99a4245f', '海洋公园回应工作人员拳打白鲸', '近日，网曝上海海昌海洋公园工作人员在表演过程中涉嫌虐待白鲸。27日，海昌海洋公园客服表示，不允许打白鲸，目前正在核实。', 'https://fyb-2.cdn.bcebos.com/hotboard_image/7e1857e7d1168ad9bb6856be9ae238d7', '百度', 'https://www.baidu.com/s?wd=%E6%B5%B7%E6%B4%8B%E5%85%AC%E5%9B%AD%E5%9B%9E%E5%BA%94%E5%B7%A5%E4%BD%9C%E4%BA%BA%E5%91%98%E6%8B%B3%E6%89%93%E7%99%BD%E9%B2%B8&sa=fyb_news&rsv_dl=fyb_news', '2023-03-27 11:28:00', '2023-03-27 11:28:00', '2023-03-27 11:28:00', 2, NULL);
INSERT INTO `headline_news` VALUES ('4a9dbfba6c27432a9f4b947efcdec5f8', '卫星图对比内蒙古煤矿坍塌前后画面', '2月22日，内蒙古阿拉善盟阿拉善左旗新井煤业有限公司一露天煤矿发生大面积坍塌。卫星图对比内蒙古煤矿坍塌前后画面>>', 'https://fyb-2.cdn.bcebos.com/hotboard_image/857c102d41062f9b957624e844d52ef4', '百度', 'https://www.baidu.com/s?wd=%E5%8D%AB%E6%98%9F%E5%9B%BE%E5%AF%B9%E6%AF%94%E5%86%85%E8%92%99%E5%8F%A4%E7%85%A4%E7%9F%BF%E5%9D%8D%E5%A1%8C%E5%89%8D%E5%90%8E%E7%94%BB%E9%9D%A2&sa=fyb_news&rsv_dl=fyb_news', '2023-02-24 13:29:01', '2023-02-24 13:29:01', '2023-02-24 13:29:01', 2, NULL);
INSERT INTO `headline_news` VALUES ('4aa9d19ff7594f9797eb03bb23cf6057', '曝日本国会收到炸弹威胁信息', '', 'https://fyb-1.cdn.bcebos.com/fyb/de6163834f53ca92c1273fff98ac9078.jpeg', '百度', 'https://www.baidu.com/s?wd=%E6%9B%9D%E6%97%A5%E6%9C%AC%E5%9B%BD%E4%BC%9A%E6%94%B6%E5%88%B0%E7%82%B8%E5%BC%B9%E5%A8%81%E8%83%81%E4%BF%A1%E6%81%AF&sa=fyb_news&rsv_dl=fyb_news', '2023-04-20 21:09:11', '2023-04-20 21:09:11', '2023-04-20 21:09:11', 2, NULL);
INSERT INTO `headline_news` VALUES ('4b275e759d484f60bad494f28d96f8ca', '建设美丽家园我们作了这些努力', '4月22日是第五十四个“世界地球日”，活动主题是“珍爱地球人与自然和谐共生”。为了促进这一目标，建设美丽家园，我们作了这些努力。', 'https://fyb-2.cdn.bcebos.com/hotboard_image/ad4583fd88b136ca669ce432d1fafff7', '百度', 'https://www.baidu.com/s?wd=%E5%BB%BA%E8%AE%BE%E7%BE%8E%E4%B8%BD%E5%AE%B6%E5%9B%AD%E6%88%91%E4%BB%AC%E4%BD%9C%E4%BA%86%E8%BF%99%E4%BA%9B%E5%8A%AA%E5%8A%9B&sa=fyb_news&rsv_dl=fyb_news', '2023-04-22 16:48:04', '2023-04-22 16:48:04', '2023-04-22 16:48:04', 2, NULL);
INSERT INTO `headline_news` VALUES ('4bc5cd79e273478b87dabe134da61d9d', '乌克兰电视台被黑:循环播放苏联国歌', '据俄媒2月23日报道，乌克兰收视最高的电视之一 “ 因特频道” 疑似被黑客入侵，循环播放苏联国歌旋律，号召乌军投降。', 'https://fyb-2.cdn.bcebos.com/hotboard_image/cd214e3b456347d9e4c48884ac1e0c9a', '百度', 'https://www.baidu.com/s?wd=%E4%B9%8C%E5%85%8B%E5%85%B0%E7%94%B5%E8%A7%86%E5%8F%B0%E8%A2%AB%E9%BB%91%3A%E5%BE%AA%E7%8E%AF%E6%92%AD%E6%94%BE%E8%8B%8F%E8%81%94%E5%9B%BD%E6%AD%8C&sa=fyb_news&rsv_dl=fyb_news', '2023-02-24 13:11:01', '2023-02-24 13:11:01', '2023-02-24 13:11:01', 2, NULL);
INSERT INTO `headline_news` VALUES ('4bc813af2c5e4439a4cfcb402ac80683', '大学生在寝室里发现巨拟叶螽', '', 'https://fyb-1.cdn.bcebos.com/fyb/de6163834f53ca92c1273fff98ac9078.jpeg', '百度', 'https://www.baidu.com/s?wd=%E5%A4%A7%E5%AD%A6%E7%94%9F%E5%9C%A8%E5%AF%9D%E5%AE%A4%E9%87%8C%E5%8F%91%E7%8E%B0%E5%B7%A8%E6%8B%9F%E5%8F%B6%E8%9E%BD&sa=fyb_news&rsv_dl=fyb_news', '2023-04-23 09:49:15', '2023-04-23 09:49:15', '2023-04-23 09:49:15', 2, NULL);
INSERT INTO `headline_news` VALUES ('4c0900454f204ccea7ccf5f4f80a90c3', '“中国外交失礼”？中方表态', '', 'https://fyb-1.cdn.bcebos.com/fyb/de6163834f53ca92c1273fff98ac9078.jpeg', '百度', 'https://www.baidu.com/s?wd=%E2%80%9C%E4%B8%AD%E5%9B%BD%E5%A4%96%E4%BA%A4%E5%A4%B1%E7%A4%BC%E2%80%9D%EF%BC%9F%E4%B8%AD%E6%96%B9%E8%A1%A8%E6%80%81&sa=fyb_news&rsv_dl=fyb_news', '2023-04-21 17:55:07', '2023-04-21 17:55:07', '2023-04-21 17:55:07', 2, NULL);
INSERT INTO `headline_news` VALUES ('4c3a9b96015a4df98f04a10a1685a574', '密春雷旗下公司已被执行超9亿', '', 'https://fyb-1.cdn.bcebos.com/fyb/de6163834f53ca92c1273fff98ac9078.jpeg', '百度', 'https://www.baidu.com/s?wd=%E5%AF%86%E6%98%A5%E9%9B%B7%E6%97%97%E4%B8%8B%E5%85%AC%E5%8F%B8%E5%B7%B2%E8%A2%AB%E6%89%A7%E8%A1%8C%E8%B6%859%E4%BA%BF&sa=fyb_news&rsv_dl=fyb_news', '2023-02-24 16:56:01', '2023-02-24 16:56:01', '2023-02-24 16:56:01', 2, NULL);
INSERT INTO `headline_news` VALUES ('4c41e694cba74af2aa5ba81ac6c5ebd9', '孟晚舟要去美国出差？华为辟谣', '', 'https://fyb-1.cdn.bcebos.com/fyb/de6163834f53ca92c1273fff98ac9078.jpeg', '百度', 'https://www.baidu.com/s?wd=%E5%AD%9F%E6%99%9A%E8%88%9F%E8%A6%81%E5%8E%BB%E7%BE%8E%E5%9B%BD%E5%87%BA%E5%B7%AE%EF%BC%9F%E5%8D%8E%E4%B8%BA%E8%BE%9F%E8%B0%A3&sa=fyb_news&rsv_dl=fyb_news', '2023-04-21 15:27:06', '2023-04-21 15:27:06', '2023-04-21 15:27:06', 2, NULL);
INSERT INTO `headline_news` VALUES ('4c64815d7e7744cfa640abfd123506df', '全国政协十四届一次会议开幕', '3月4日下午3时，全国政协十四届一次会议在人民大会堂开幕，习近平等党和国家领导人出席开幕会。', 'https://fyb-2.cdn.bcebos.com/hotboard_image/ee037cf670adfb6465e35db065e2096e', '百度', 'https://www.baidu.com/s?wd=%E5%85%A8%E5%9B%BD%E6%94%BF%E5%8D%8F%E5%8D%81%E5%9B%9B%E5%B1%8A%E4%B8%80%E6%AC%A1%E4%BC%9A%E8%AE%AE%E5%BC%80%E5%B9%95&sa=fyb_news&rsv_dl=fyb_news', '2023-03-04 21:54:01', '2023-03-04 21:54:01', '2023-03-04 21:54:01', 2, NULL);
INSERT INTO `headline_news` VALUES ('4ce71cc8b42d4f29b22483853c56613b', '影视剧AI换脸涉及多个侵权行为', '', 'https://fyb-1.cdn.bcebos.com/fyb/de6163834f53ca92c1273fff98ac9078.jpeg', '百度', 'https://www.baidu.com/s?wd=%E5%BD%B1%E8%A7%86%E5%89%A7AI%E6%8D%A2%E8%84%B8%E6%B6%89%E5%8F%8A%E5%A4%9A%E4%B8%AA%E4%BE%B5%E6%9D%83%E8%A1%8C%E4%B8%BA&sa=fyb_news&rsv_dl=fyb_news', '2023-02-25 13:23:01', '2023-02-25 13:23:01', '2023-02-25 13:23:01', 2, NULL);
INSERT INTO `headline_news` VALUES ('4ceb4380c1114327b7235bbf32d7d0ed', '推动农业农村经济持续向好', '近日，农业农村部发布《意见》，进一步明确发展农业农村经济的方法路径、重点任务和政策举措，为全面推进乡村振兴、加快农业农村现代化提供坚实保障。', 'https://fyb-2.cdn.bcebos.com/hotboard_image/cc2fa4eb611000d391d7f5c47793f012', '百度', 'https://www.baidu.com/s?wd=%E6%8E%A8%E5%8A%A8%E5%86%9C%E4%B8%9A%E5%86%9C%E6%9D%91%E7%BB%8F%E6%B5%8E%E6%8C%81%E7%BB%AD%E5%90%91%E5%A5%BD&sa=fyb_news&rsv_dl=fyb_news', '2023-02-24 17:10:06', '2023-02-24 17:10:06', '2023-02-24 17:10:06', 2, NULL);
INSERT INTO `headline_news` VALUES ('4d7b719fae924256b9e099a381153dc1', '曝德约因未接种疫苗被拒入美参赛', '', 'https://fyb-1.cdn.bcebos.com/fyb/de6163834f53ca92c1273fff98ac9078.jpeg', '百度', 'https://www.baidu.com/s?wd=%E6%9B%9D%E5%BE%B7%E7%BA%A6%E5%9B%A0%E6%9C%AA%E6%8E%A5%E7%A7%8D%E7%96%AB%E8%8B%97%E8%A2%AB%E6%8B%92%E5%85%A5%E7%BE%8E%E5%8F%82%E8%B5%9B&sa=fyb_news&rsv_dl=fyb_news', '2023-03-05 11:38:01', '2023-03-05 11:38:01', '2023-03-05 11:38:01', 2, NULL);
INSERT INTO `headline_news` VALUES ('4ddf1546a5a84fa5b349411f0e98b42f', '券商回应女生求职被要求跳舞', '', 'https://fyb-1.cdn.bcebos.com/fyb/de6163834f53ca92c1273fff98ac9078.jpeg', '百度', 'https://www.baidu.com/s?wd=%E5%88%B8%E5%95%86%E5%9B%9E%E5%BA%94%E5%A5%B3%E7%94%9F%E6%B1%82%E8%81%8C%E8%A2%AB%E8%A6%81%E6%B1%82%E8%B7%B3%E8%88%9E&sa=fyb_news&rsv_dl=fyb_news', '2023-04-21 07:27:05', '2023-04-21 07:27:05', '2023-04-21 07:27:05', 2, NULL);
INSERT INTO `headline_news` VALUES ('4dfd10cf80804daf86be6b38a00e0cfe', '女子1月内收5笔工资直呼看不懂', '', 'https://fyb-1.cdn.bcebos.com/fyb/de6163834f53ca92c1273fff98ac9078.jpeg', '百度', 'https://www.baidu.com/s?wd=%E5%A5%B3%E5%AD%901%E6%9C%88%E5%86%85%E6%94%B65%E7%AC%94%E5%B7%A5%E8%B5%84%E7%9B%B4%E5%91%BC%E7%9C%8B%E4%B8%8D%E6%87%82&sa=fyb_news&rsv_dl=fyb_news', '2023-04-23 15:17:12', '2023-04-23 15:17:12', '2023-04-23 15:17:12', 2, NULL);
INSERT INTO `headline_news` VALUES ('4e2770fbc12442eb9a12061830cff1c1', '凌晨刷爆《灌篮高手》仅是回忆杀吗', '', 'https://fyb-1.cdn.bcebos.com/fyb/de6163834f53ca92c1273fff98ac9078.jpeg', '百度', 'https://www.baidu.com/s?wd=%E5%87%8C%E6%99%A8%E5%88%B7%E7%88%86%E3%80%8A%E7%81%8C%E7%AF%AE%E9%AB%98%E6%89%8B%E3%80%8B%E4%BB%85%E6%98%AF%E5%9B%9E%E5%BF%86%E6%9D%80%E5%90%97&sa=fyb_news&rsv_dl=fyb_news', '2023-04-20 12:48:17', '2023-04-20 12:48:17', '2023-04-20 12:48:17', 2, NULL);
INSERT INTO `headline_news` VALUES ('4e376d3a08af48359eec08474b8dd97f', '五一酒店价格你能接受吗', '', 'https://fyb-1.cdn.bcebos.com/fyb/de6163834f53ca92c1273fff98ac9078.jpeg', '百度', 'https://www.baidu.com/s?wd=%E4%BA%94%E4%B8%80%E9%85%92%E5%BA%97%E4%BB%B7%E6%A0%BC%E4%BD%A0%E8%83%BD%E6%8E%A5%E5%8F%97%E5%90%97&sa=fyb_news&rsv_dl=fyb_news', '2023-04-20 19:46:16', '2023-04-20 19:46:16', '2023-04-20 19:46:16', 2, NULL);
INSERT INTO `headline_news` VALUES ('4e6ebc7ef49a4155aaae7a132777748b', '北方将现大范围雨雪局地大暴雪', '', 'https://fyb-1.cdn.bcebos.com/fyb/de6163834f53ca92c1273fff98ac9078.jpeg', '百度', 'https://www.baidu.com/s?wd=%E5%8C%97%E6%96%B9%E5%B0%86%E7%8E%B0%E5%A4%A7%E8%8C%83%E5%9B%B4%E9%9B%A8%E9%9B%AA%E5%B1%80%E5%9C%B0%E5%A4%A7%E6%9A%B4%E9%9B%AA&sa=fyb_news&rsv_dl=fyb_news', '2023-04-22 09:08:02', '2023-04-22 09:08:02', '2023-04-22 09:08:02', 2, NULL);
INSERT INTO `headline_news` VALUES ('4ea11f65e2144bdfa805d49702db00a4', '楼继伟：应尽快开展房地产税试点', '', 'https://fyb-1.cdn.bcebos.com/fyb/de6163834f53ca92c1273fff98ac9078.jpeg', '百度', 'https://www.baidu.com/s?wd=%E6%A5%BC%E7%BB%A7%E4%BC%9F%EF%BC%9A%E5%BA%94%E5%B0%BD%E5%BF%AB%E5%BC%80%E5%B1%95%E6%88%BF%E5%9C%B0%E4%BA%A7%E7%A8%8E%E8%AF%95%E7%82%B9&sa=fyb_news&rsv_dl=fyb_news', '2023-03-26 12:54:00', '2023-03-26 12:54:00', '2023-03-26 12:54:00', 2, NULL);
INSERT INTO `headline_news` VALUES ('4ea26ad995f949a18c7a2e43328cbbaf', '民警高烧就医路上抓了个逃犯', '', 'https://fyb-1.cdn.bcebos.com/fyb/de6163834f53ca92c1273fff98ac9078.jpeg', '百度', 'https://www.baidu.com/s?wd=%E6%B0%91%E8%AD%A6%E9%AB%98%E7%83%A7%E5%B0%B1%E5%8C%BB%E8%B7%AF%E4%B8%8A%E6%8A%93%E4%BA%86%E4%B8%AA%E9%80%83%E7%8A%AF&sa=fyb_news&rsv_dl=fyb_news', '2023-03-26 21:18:02', '2023-03-26 21:18:02', '2023-03-26 21:18:02', 2, NULL);
INSERT INTO `headline_news` VALUES ('4f20a755ff1d4774a88cf5d19b0d1201', '内蒙古煤矿塌方量巨大 51人仍失联', '2月22日，内蒙古一露天煤矿发生大面积坍塌。阿拉善盟盟委副书记、盟长李中增介绍，塌方量巨大，救援难度很大，截至23日0:30，51人仍失联。', 'https://fyb-2.cdn.bcebos.com/hotboard_image/61e946b5bd1931761a64b1ae9d63a3cb', '百度', 'https://www.baidu.com/s?wd=%E5%86%85%E8%92%99%E5%8F%A4%E7%85%A4%E7%9F%BF%E5%A1%8C%E6%96%B9%E9%87%8F%E5%B7%A8%E5%A4%A7+51%E4%BA%BA%E4%BB%8D%E5%A4%B1%E8%81%94&sa=fyb_news&rsv_dl=fyb_news', '2023-02-23 11:13:01', '2023-02-23 11:13:01', '2023-02-23 11:13:01', 2, NULL);
INSERT INTO `headline_news` VALUES ('4f21b7ff923a4c7da2da992a07735f50', '多地网友晒出阳性抗原称“二阳”了', '近日，不少人晒出阳性的抗原，声称“二阳”了。张文宏表示，应对新冠二次感染，需关注脆弱人群，不断地监测、预警，做好药物储备。', 'https://fyb-2.cdn.bcebos.com/hotboard_image/7677749bb217ab43c52c83fba30f1e25', '百度', 'https://www.baidu.com/s?wd=%E5%A4%9A%E5%9C%B0%E7%BD%91%E5%8F%8B%E6%99%92%E5%87%BA%E9%98%B3%E6%80%A7%E6%8A%97%E5%8E%9F%E7%A7%B0%E2%80%9C%E4%BA%8C%E9%98%B3%E2%80%9D%E4%BA%86&sa=fyb_news&rsv_dl=fyb_news', '2023-04-22 20:09:09', '2023-04-22 20:09:09', '2023-04-22 20:09:09', 2, NULL);
INSERT INTO `headline_news` VALUES ('4f373425753c42168bf85c8c898a4972', '委员呼吁别让青年人才“为钱所困”', '3月2日，全国政协委员张福麟委员和王桂林委员表示，要让青年科技人才更耐得住寂寞，让钱为科技人员服务，而不是让科技人才为钱服务。', 'https://fyb-2.cdn.bcebos.com/hotboard_image/07736b4961068dccb09a5370b1def6c4', '百度', 'https://www.baidu.com/s?wd=%E5%A7%94%E5%91%98%E5%91%BC%E5%90%81%E5%88%AB%E8%AE%A9%E9%9D%92%E5%B9%B4%E4%BA%BA%E6%89%8D%E2%80%9C%E4%B8%BA%E9%92%B1%E6%89%80%E5%9B%B0%E2%80%9D&sa=fyb_news&rsv_dl=fyb_news', '2023-03-05 10:39:06', '2023-03-05 10:39:06', '2023-03-05 10:39:06', 2, NULL);
INSERT INTO `headline_news` VALUES ('4f60ab275d374322930b994778732700', '邓超激动得像是买票进场的', '3月25日晚，微博之夜盛典获得了众多网友的关注和热议。现场最抢眼的明星还是邓超，表现异常激动，有网友表示：这是花钱买票进场的吧。', 'https://fyb-2.cdn.bcebos.com/hotboard_image/677a5d8ea9166cd0ccd036bebf377a8d', '百度', 'https://www.baidu.com/s?wd=%E9%82%93%E8%B6%85%E6%BF%80%E5%8A%A8%E5%BE%97%E5%83%8F%E6%98%AF%E4%B9%B0%E7%A5%A8%E8%BF%9B%E5%9C%BA%E7%9A%84&sa=fyb_news&rsv_dl=fyb_news', '2023-03-26 10:30:01', '2023-03-26 10:30:01', '2023-03-26 10:30:01', 2, NULL);
INSERT INTO `headline_news` VALUES ('4fa43b59ec0643abb14acc7fb39f06d4', '85岁老人被要求“证明你妈是你妈”', '已在广州落户的女儿想为母亲办理当地居住证，方便异地医疗费用结算等。但按广州现行政策，需要证明她们的母女关系，这难住了在长春的一家人。', 'https://fyb-2.cdn.bcebos.com/hotboard_image/ff52fd0a875c6b610f05fb4f124f7378', '百度', 'https://www.baidu.com/s?wd=85%E5%B2%81%E8%80%81%E4%BA%BA%E8%A2%AB%E8%A6%81%E6%B1%82%E2%80%9C%E8%AF%81%E6%98%8E%E4%BD%A0%E5%A6%88%E6%98%AF%E4%BD%A0%E5%A6%88%E2%80%9D&sa=fyb_news&rsv_dl=fyb_news', '2023-02-25 13:23:01', '2023-02-25 13:23:01', '2023-02-25 13:23:01', 2, NULL);
INSERT INTO `headline_news` VALUES ('502c8e1fc34245e0a259229ae151f19d', '京剧的哇呀呀喂呀呀哇哈哈都啥意思', '3月27日是世界戏剧日，京剧里的这些知识，你知道吗：京剧的哇呀呀喂呀呀哇哈哈都啥意思？画白脸的都是坏人吗？15个京剧知识，感受国粹文化魅力。', 'https://fyb-2.cdn.bcebos.com/hotboard_image/70e11d24c7171bbafbc5f55f364f5a6f', '百度', 'https://www.baidu.com/s?wd=%E4%BA%AC%E5%89%A7%E7%9A%84%E5%93%87%E5%91%80%E5%91%80%E5%96%82%E5%91%80%E5%91%80%E5%93%87%E5%93%88%E5%93%88%E9%83%BD%E5%95%A5%E6%84%8F%E6%80%9D&sa=fyb_news&rsv_dl=fyb_news', '2023-03-27 10:14:01', '2023-03-27 10:14:01', '2023-03-27 10:14:01', 2, NULL);
INSERT INTO `headline_news` VALUES ('503139ecb68c40729c510a055957b043', '小城市房子会越来越不值钱吗？', '', 'https://fyb-1.cdn.bcebos.com/fyb/de6163834f53ca92c1273fff98ac9078.jpeg', '百度', 'https://www.baidu.com/s?wd=%E5%B0%8F%E5%9F%8E%E5%B8%82%E6%88%BF%E5%AD%90%E4%BC%9A%E8%B6%8A%E6%9D%A5%E8%B6%8A%E4%B8%8D%E5%80%BC%E9%92%B1%E5%90%97%EF%BC%9F&sa=fyb_news&rsv_dl=fyb_news', '2023-02-25 13:23:01', '2023-02-25 13:23:01', '2023-02-25 13:23:01', 2, NULL);
INSERT INTO `headline_news` VALUES ('51974b45981349f6a9e325de4c95f93b', '全球十大最富裕城市中国占三席', '4月18日发布的《2023年世界最富裕城市报告》中显示，香港、北京、上海进入前十名，纽约市继续蝉联全球富人最多城市。', 'https://fyb-2.cdn.bcebos.com/hotboard_image/bcbd0b76c55159770cfc54c9cbf3f044', '百度', 'https://www.baidu.com/s?wd=%E5%85%A8%E7%90%83%E5%8D%81%E5%A4%A7%E6%9C%80%E5%AF%8C%E8%A3%95%E5%9F%8E%E5%B8%82%E4%B8%AD%E5%9B%BD%E5%8D%A0%E4%B8%89%E5%B8%AD&sa=fyb_news&rsv_dl=fyb_news', '2023-04-20 00:59:05', '2023-04-20 00:59:05', '2023-04-20 00:59:05', 2, NULL);
INSERT INTO `headline_news` VALUES ('51e793fd87a24878956bb4778838230d', '房地产重磅！“17条”来了', '', 'https://fyb-1.cdn.bcebos.com/fyb/de6163834f53ca92c1273fff98ac9078.jpeg', '百度', 'https://www.baidu.com/s?wd=%E6%88%BF%E5%9C%B0%E4%BA%A7%E9%87%8D%E7%A3%85%EF%BC%81%E2%80%9C17%E6%9D%A1%E2%80%9D%E6%9D%A5%E4%BA%86&sa=fyb_news&rsv_dl=fyb_news', '2023-02-25 13:23:01', '2023-02-25 13:23:01', '2023-02-25 13:23:01', 2, NULL);
INSERT INTO `headline_news` VALUES ('52236fa804764a88883519255cb7aa9c', '江湖上最后一本武侠杂志停刊', '', 'https://fyb-1.cdn.bcebos.com/fyb/de6163834f53ca92c1273fff98ac9078.jpeg', '百度', 'https://www.baidu.com/s?wd=%E6%B1%9F%E6%B9%96%E4%B8%8A%E6%9C%80%E5%90%8E%E4%B8%80%E6%9C%AC%E6%AD%A6%E4%BE%A0%E6%9D%82%E5%BF%97%E5%81%9C%E5%88%8A&sa=fyb_news&rsv_dl=fyb_news', '2023-02-25 13:23:01', '2023-02-25 13:23:01', '2023-02-25 13:23:01', 2, NULL);
INSERT INTO `headline_news` VALUES ('523659a136804ae4904884a9c1041881', '养猪不如养上海人！这话传遍旅游圈', '近日，浙江安吉县鼓励农户从事旅游行业的口号“养猪不如养上海人”在旅游圈广为传播，粗看有点“辱沪”，实则道破了江浙沪一带多年来的旅游业天机。', 'https://fyb-2.cdn.bcebos.com/hotboard_image/5477a6af27b3c26f1398304767c2334f', '百度', 'https://www.baidu.com/s?wd=%E5%85%BB%E7%8C%AA%E4%B8%8D%E5%A6%82%E5%85%BB%E4%B8%8A%E6%B5%B7%E4%BA%BA%EF%BC%81%E8%BF%99%E8%AF%9D%E4%BC%A0%E9%81%8D%E6%97%85%E6%B8%B8%E5%9C%88&sa=fyb_news&rsv_dl=fyb_news', '2023-02-23 11:13:01', '2023-02-23 11:13:01', '2023-02-23 11:13:01', 2, NULL);
INSERT INTO `headline_news` VALUES ('533fbcc07eff4fc6881f6869cc873f2c', '街访:生不生孩子哪些因素最重要', '你想不想生孩子？生不生孩子哪些因素最重要？记者在北京街头问了一些市民，部分市民表示经济实力居首，有人笑称可“众筹”养孩。', 'https://fyb-2.cdn.bcebos.com/hotboard_image/47265d66dbeb168fe09fb659b66b65d6', '百度', 'https://www.baidu.com/s?wd=%E8%A1%97%E8%AE%BF%3A%E7%94%9F%E4%B8%8D%E7%94%9F%E5%AD%A9%E5%AD%90%E5%93%AA%E4%BA%9B%E5%9B%A0%E7%B4%A0%E6%9C%80%E9%87%8D%E8%A6%81&sa=fyb_news&rsv_dl=fyb_news', '2023-03-04 21:54:01', '2023-03-04 21:54:01', '2023-03-04 21:54:01', 2, NULL);
INSERT INTO `headline_news` VALUES ('5344045aff464f5a8b2cebdd3ac96005', '宝马mini被指区别对待中外访客', '', 'https://fyb-1.cdn.bcebos.com/fyb/de6163834f53ca92c1273fff98ac9078.jpeg', '百度', 'https://www.baidu.com/s?wd=%E5%AE%9D%E9%A9%ACmini%E8%A2%AB%E6%8C%87%E5%8C%BA%E5%88%AB%E5%AF%B9%E5%BE%85%E4%B8%AD%E5%A4%96%E8%AE%BF%E5%AE%A2&sa=fyb_news&rsv_dl=fyb_news', '2023-04-20 11:26:30', '2023-04-20 11:26:30', '2023-04-20 11:26:30', 2, NULL);
INSERT INTO `headline_news` VALUES ('537af55fb0344aa1938cac22ac051b28', '三四线城市中淄博楼市为何最热', '', 'https://fyb-1.cdn.bcebos.com/fyb/de6163834f53ca92c1273fff98ac9078.jpeg', '百度', 'https://www.baidu.com/s?wd=%E4%B8%89%E5%9B%9B%E7%BA%BF%E5%9F%8E%E5%B8%82%E4%B8%AD%E6%B7%84%E5%8D%9A%E6%A5%BC%E5%B8%82%E4%B8%BA%E4%BD%95%E6%9C%80%E7%83%AD&sa=fyb_news&rsv_dl=fyb_news', '2023-04-21 12:19:03', '2023-04-21 12:19:03', '2023-04-21 12:19:03', 2, NULL);
INSERT INTO `headline_news` VALUES ('538c524bec044e77a75433d4166fa7ac', '女子晒衣服不慎10楼跌落悬挂2楼', '', 'https://fyb-1.cdn.bcebos.com/fyb/de6163834f53ca92c1273fff98ac9078.jpeg', '百度', 'https://www.baidu.com/s?wd=%E5%A5%B3%E5%AD%90%E6%99%92%E8%A1%A3%E6%9C%8D%E4%B8%8D%E6%85%8E10%E6%A5%BC%E8%B7%8C%E8%90%BD%E6%82%AC%E6%8C%822%E6%A5%BC&sa=fyb_news&rsv_dl=fyb_news', '2023-04-20 07:44:19', '2023-04-20 07:44:19', '2023-04-20 07:44:19', 2, NULL);
INSERT INTO `headline_news` VALUES ('546905543a8044c990b7682414792a75', '上海一公交车疑似冲入河道 正在救援', '26日晚，上海市一辆公交车冲入河道，疑似是一辆71路中运量公交车。目前，救援人员正在对冲入河道的公交车进行打捞，暂无人员伤亡报告。', 'https://fyb-2.cdn.bcebos.com/hotboard_image/88542fb6cfd8064fba3a919b8d4aa240', '百度', 'https://www.baidu.com/s?wd=%E4%B8%8A%E6%B5%B7%E4%B8%80%E5%85%AC%E4%BA%A4%E8%BD%A6%E7%96%91%E4%BC%BC%E5%86%B2%E5%85%A5%E6%B2%B3%E9%81%93+%E6%AD%A3%E5%9C%A8%E6%95%91%E6%8F%B4&sa=fyb_news&rsv_dl=fyb_news', '2023-03-26 21:29:00', '2023-03-26 21:29:00', '2023-03-26 21:29:00', 2, NULL);
INSERT INTO `headline_news` VALUES ('54a60d7905c0481f8a438306edc44654', '今天要上班', '', 'https://fyb-1.cdn.bcebos.com/fyb/de6163834f53ca92c1273fff98ac9078.jpeg', '百度', 'https://www.baidu.com/s?wd=%E4%BB%8A%E5%A4%A9%E8%A6%81%E4%B8%8A%E7%8F%AD&sa=fyb_news&rsv_dl=fyb_news', '2023-04-23 08:09:31', '2023-04-23 08:09:31', '2023-04-23 08:09:31', 2, NULL);
INSERT INTO `headline_news` VALUES ('5518e1fed975467991c98c43c8d64db3', '日本男子在北京被捕 或涉间谍活动', '日媒25日消息称，日本一名50多岁男子本月在北京被捕，中方未有透露逮捕原因，但相信他涉嫌从事间谍活动。', 'https://fyb-2.cdn.bcebos.com/hotboard_image/bfbe2208c23f96f07a4a6193d7adb471', '百度', 'https://www.baidu.com/s?wd=%E6%97%A5%E6%9C%AC%E7%94%B7%E5%AD%90%E5%9C%A8%E5%8C%97%E4%BA%AC%E8%A2%AB%E6%8D%95+%E6%88%96%E6%B6%89%E9%97%B4%E8%B0%8D%E6%B4%BB%E5%8A%A8&sa=fyb_news&rsv_dl=fyb_news', '2023-03-26 17:52:01', '2023-03-26 17:52:01', '2023-03-26 17:52:01', 2, NULL);
INSERT INTO `headline_news` VALUES ('55b046121c9c4451b4205be9ecfff175', '郭刚堂称将捐出儿子婚礼直播收入', '', 'https://fyb-1.cdn.bcebos.com/fyb/de6163834f53ca92c1273fff98ac9078.jpeg', '百度', 'https://www.baidu.com/s?wd=%E9%83%AD%E5%88%9A%E5%A0%82%E7%A7%B0%E5%B0%86%E6%8D%90%E5%87%BA%E5%84%BF%E5%AD%90%E5%A9%9A%E7%A4%BC%E7%9B%B4%E6%92%AD%E6%94%B6%E5%85%A5&sa=fyb_news&rsv_dl=fyb_news', '2023-03-26 13:47:00', '2023-03-26 13:47:00', '2023-03-26 13:47:00', 2, NULL);
INSERT INTO `headline_news` VALUES ('55db8e5ab83e4a30a07aeb27233a5646', '科研人员发现基因突变白海参', '', 'https://fyb-1.cdn.bcebos.com/fyb/de6163834f53ca92c1273fff98ac9078.jpeg', '百度', 'https://www.baidu.com/s?wd=%E7%A7%91%E7%A0%94%E4%BA%BA%E5%91%98%E5%8F%91%E7%8E%B0%E5%9F%BA%E5%9B%A0%E7%AA%81%E5%8F%98%E7%99%BD%E6%B5%B7%E5%8F%82&sa=fyb_news&rsv_dl=fyb_news', '2023-04-23 11:08:04', '2023-04-23 11:08:04', '2023-04-23 11:08:04', 2, NULL);
INSERT INTO `headline_news` VALUES ('56000d375a4342b9a0d2be72506d4375', '塔吉克斯坦7.2级地震 新疆震感强烈', '2月23日8时37分，塔吉克斯坦发生7.2级地震，震中距我国边境线最近约82公里，新疆喀什等地震感强烈。之后，塔吉克斯坦又连发两次地震。', 'https://fyb-2.cdn.bcebos.com/hotboard_image/59f720a9021137a5264fc3e77d46e21e', '百度', 'https://www.baidu.com/s?wd=%E5%A1%94%E5%90%89%E5%85%8B%E6%96%AF%E5%9D%A67.2%E7%BA%A7%E5%9C%B0%E9%9C%87+%E6%96%B0%E7%96%86%E9%9C%87%E6%84%9F%E5%BC%BA%E7%83%88&sa=fyb_news&rsv_dl=fyb_news', '2023-02-23 11:13:01', '2023-02-23 11:13:01', '2023-02-23 11:13:01', 2, NULL);
INSERT INTO `headline_news` VALUES ('560b6f475b264ecca314c46c0ff23766', '企业“招聘会计要求A型血”', '', 'https://fyb-1.cdn.bcebos.com/fyb/de6163834f53ca92c1273fff98ac9078.jpeg', '百度', 'https://www.baidu.com/s?wd=%E4%BC%81%E4%B8%9A%E2%80%9C%E6%8B%9B%E8%81%98%E4%BC%9A%E8%AE%A1%E8%A6%81%E6%B1%82A%E5%9E%8B%E8%A1%80%E2%80%9D&sa=fyb_news&rsv_dl=fyb_news', '2023-03-04 22:04:01', '2023-03-04 22:04:01', '2023-03-04 22:04:01', 2, NULL);
INSERT INTO `headline_news` VALUES ('56331073f1a24ab4a94cad0b7d82cc71', '又到一年三月三 全国都要羡慕广西了', '', 'https://fyb-1.cdn.bcebos.com/fyb/de6163834f53ca92c1273fff98ac9078.jpeg', '百度', 'https://www.baidu.com/s?wd=%E5%8F%88%E5%88%B0%E4%B8%80%E5%B9%B4%E4%B8%89%E6%9C%88%E4%B8%89+%E5%85%A8%E5%9B%BD%E9%83%BD%E8%A6%81%E7%BE%A1%E6%85%95%E5%B9%BF%E8%A5%BF%E4%BA%86&sa=fyb_news&rsv_dl=fyb_news', '2023-04-22 09:36:07', '2023-04-22 09:36:07', '2023-04-22 09:36:07', 2, NULL);
INSERT INTO `headline_news` VALUES ('5667e03d664a454888a2e9ec2956e71b', '墨西哥总统点名美国:不需要 不接受', '21日，墨西哥总统洛佩斯说，墨政府绝不接受美国以打击墨境内的有组织犯罪为由干涉其内政。洛佩斯还特别强调，“我们不需要美国所谓的‘帮助’。”', 'https://fyb-2.cdn.bcebos.com/hotboard_image/21c25c9396088dc7841e1b7221398793', '百度', 'https://www.baidu.com/s?wd=%E5%A2%A8%E8%A5%BF%E5%93%A5%E6%80%BB%E7%BB%9F%E7%82%B9%E5%90%8D%E7%BE%8E%E5%9B%BD%3A%E4%B8%8D%E9%9C%80%E8%A6%81+%E4%B8%8D%E6%8E%A5%E5%8F%97&sa=fyb_news&rsv_dl=fyb_news', '2023-04-22 20:21:15', '2023-04-22 20:21:15', '2023-04-22 20:21:15', 2, NULL);
INSERT INTO `headline_news` VALUES ('56760718a61a448a9064d0d0981ef0de', '101岁老人每天赶2场麻将', '', 'https://fyb-1.cdn.bcebos.com/fyb/de6163834f53ca92c1273fff98ac9078.jpeg', '百度', 'https://www.baidu.com/s?wd=101%E5%B2%81%E8%80%81%E4%BA%BA%E6%AF%8F%E5%A4%A9%E8%B5%B62%E5%9C%BA%E9%BA%BB%E5%B0%86&sa=fyb_news&rsv_dl=fyb_news', '2023-02-25 13:56:16', '2023-02-25 13:56:16', '2023-02-25 13:56:16', 2, NULL);
INSERT INTO `headline_news` VALUES ('568ce38352fe43b7a6d4b23c6d2d35f0', '女子喝中药一周发现成分是蟑螂', '', 'https://fyb-1.cdn.bcebos.com/fyb/de6163834f53ca92c1273fff98ac9078.jpeg', '百度', 'https://www.baidu.com/s?wd=%E5%A5%B3%E5%AD%90%E5%96%9D%E4%B8%AD%E8%8D%AF%E4%B8%80%E5%91%A8%E5%8F%91%E7%8E%B0%E6%88%90%E5%88%86%E6%98%AF%E8%9F%91%E8%9E%82&sa=fyb_news&rsv_dl=fyb_news', '2023-04-22 18:44:07', '2023-04-22 18:44:07', '2023-04-22 18:44:07', 2, NULL);
INSERT INTO `headline_news` VALUES ('570e65e02db542e497ab97e6e292effc', '工厂门口大喇叭：86年以上可以走了', '近日，江苏一工厂门口招工，大喇叭喊着“86年以上后的可以走了”。拍摄者：65岁退休，35到65这三十年要饭吗？', 'https://fyb-2.cdn.bcebos.com/hotboard_image/5adfaa98d391ce939050471ee2cbc860', '百度', 'https://www.baidu.com/s?wd=%E5%B7%A5%E5%8E%82%E9%97%A8%E5%8F%A3%E5%A4%A7%E5%96%87%E5%8F%AD%EF%BC%9A86%E5%B9%B4%E4%BB%A5%E4%B8%8A%E5%8F%AF%E4%BB%A5%E8%B5%B0%E4%BA%86&sa=fyb_news&rsv_dl=fyb_news', '2023-02-23 11:58:01', '2023-02-23 11:58:01', '2023-02-23 11:58:01', 2, NULL);
INSERT INTO `headline_news` VALUES ('573969cc5a6a4029a8eafa396be0504f', '商务部：外贸形势依然复杂严峻', '', 'https://fyb-1.cdn.bcebos.com/fyb/de6163834f53ca92c1273fff98ac9078.jpeg', '百度', 'https://www.baidu.com/s?wd=%E5%95%86%E5%8A%A1%E9%83%A8%EF%BC%9A%E5%A4%96%E8%B4%B8%E5%BD%A2%E5%8A%BF%E4%BE%9D%E7%84%B6%E5%A4%8D%E6%9D%82%E4%B8%A5%E5%B3%BB&sa=fyb_news&rsv_dl=fyb_news', '2023-04-23 12:13:05', '2023-04-23 12:13:05', '2023-04-23 12:13:05', 2, NULL);
INSERT INTO `headline_news` VALUES ('5774fcd5394e40c28bbb2c186621972d', '马云被聘为香港大学荣誉教授', '', 'https://fyb-1.cdn.bcebos.com/fyb/de6163834f53ca92c1273fff98ac9078.jpeg', '百度', 'https://www.baidu.com/s?wd=%E9%A9%AC%E4%BA%91%E8%A2%AB%E8%81%98%E4%B8%BA%E9%A6%99%E6%B8%AF%E5%A4%A7%E5%AD%A6%E8%8D%A3%E8%AA%89%E6%95%99%E6%8E%88&sa=fyb_news&rsv_dl=fyb_news', '2023-04-21 14:45:07', '2023-04-21 14:45:07', '2023-04-21 14:45:07', 2, NULL);
INSERT INTO `headline_news` VALUES ('57dd065ef4eb402194f9bc80e284112f', '美国南加州山民雪地写help求救', '', 'https://fyb-1.cdn.bcebos.com/fyb/de6163834f53ca92c1273fff98ac9078.jpeg', '百度', 'https://www.baidu.com/s?wd=%E7%BE%8E%E5%9B%BD%E5%8D%97%E5%8A%A0%E5%B7%9E%E5%B1%B1%E6%B0%91%E9%9B%AA%E5%9C%B0%E5%86%99help%E6%B1%82%E6%95%91&sa=fyb_news&rsv_dl=fyb_news', '2023-03-05 12:19:02', '2023-03-05 12:19:02', '2023-03-05 12:19:02', 2, NULL);
INSERT INTO `headline_news` VALUES ('57e10aebeb03496b817476eb2e43d656', '人大代表带着螺蛳粉参加两会', '', 'https://fyb-1.cdn.bcebos.com/fyb/de6163834f53ca92c1273fff98ac9078.jpeg', '百度', 'https://www.baidu.com/s?wd=%E4%BA%BA%E5%A4%A7%E4%BB%A3%E8%A1%A8%E5%B8%A6%E7%9D%80%E8%9E%BA%E8%9B%B3%E7%B2%89%E5%8F%82%E5%8A%A0%E4%B8%A4%E4%BC%9A&sa=fyb_news&rsv_dl=fyb_news', '2023-03-04 21:54:01', '2023-03-04 21:54:01', '2023-03-04 21:54:01', 2, NULL);
INSERT INTO `headline_news` VALUES ('58fd3abe27ff4a70b8156b32ac008e35', '媒体:哭得一塌糊涂洗刷不了炫富疑云', '近日，一网友因发布“家里有9位数”等言论，被质疑炫富、家中涉贪腐等问题。其爷爷称，孙女哭得一塌糊涂。媒体评论：哭得一塌糊涂洗刷不了炫富疑云。', 'https://fyb-2.cdn.bcebos.com/hotboard_image/aa568ed7a194cf95c4c6769b4982d1d8', '百度', 'https://www.baidu.com/s?wd=%E5%AA%92%E4%BD%93%3A%E5%93%AD%E5%BE%97%E4%B8%80%E5%A1%8C%E7%B3%8A%E6%B6%82%E6%B4%97%E5%88%B7%E4%B8%8D%E4%BA%86%E7%82%AB%E5%AF%8C%E7%96%91%E4%BA%91&sa=fyb_news&rsv_dl=fyb_news', '2023-03-26 10:30:01', '2023-03-26 10:30:01', '2023-03-26 10:30:01', 2, NULL);
INSERT INTO `headline_news` VALUES ('5903051d44b143f7aef4e2e9ab63f24c', '合肥市委书记暗访 发现安全出口被锁', '4月20日上午，合肥市委书记虞爱华暗访民营长江医院，走进门诊、住院区等重点部位，发现医院安全出口不仅被卷闸门锁住，而且找不到开门钥匙。', 'https://fyb-2.cdn.bcebos.com/hotboard_image/4af1d0e300b2e7a42676b9a9523ddd4b', '百度', 'https://www.baidu.com/s?wd=%E5%90%88%E8%82%A5%E5%B8%82%E5%A7%94%E4%B9%A6%E8%AE%B0%E6%9A%97%E8%AE%BF+%E5%8F%91%E7%8E%B0%E5%AE%89%E5%85%A8%E5%87%BA%E5%8F%A3%E8%A2%AB%E9%94%81&sa=fyb_news&rsv_dl=fyb_news', '2023-04-21 11:14:02', '2023-04-21 11:14:02', '2023-04-21 11:14:02', 2, NULL);
INSERT INTO `headline_news` VALUES ('592ee8e2b235497297b88c7630ae321b', '定好闹钟 这个周日要上班', '今年“五一”假期，4月29日至5月3日放假调休，共5天。4月23日（星期日）、5月6日（星期六）需要上班！别忘定好闹钟。', 'https://fyb-2.cdn.bcebos.com/hotboard_image/41c19263e3b5ee4dcf8000d97cebd688', '百度', 'https://www.baidu.com/s?wd=%E5%AE%9A%E5%A5%BD%E9%97%B9%E9%92%9F+%E8%BF%99%E4%B8%AA%E5%91%A8%E6%97%A5%E8%A6%81%E4%B8%8A%E7%8F%AD&sa=fyb_news&rsv_dl=fyb_news', '2023-04-22 22:33:05', '2023-04-22 22:33:05', '2023-04-22 22:33:05', 2, NULL);
INSERT INTO `headline_news` VALUES ('59450b2fa1264c4a87394f67248a6f05', '部分地区迎来“俯冲式降温”', '', 'https://fyb-1.cdn.bcebos.com/fyb/de6163834f53ca92c1273fff98ac9078.jpeg', '百度', 'https://www.baidu.com/s?wd=%E9%83%A8%E5%88%86%E5%9C%B0%E5%8C%BA%E8%BF%8E%E6%9D%A5%E2%80%9C%E4%BF%AF%E5%86%B2%E5%BC%8F%E9%99%8D%E6%B8%A9%E2%80%9D&sa=fyb_news&rsv_dl=fyb_news', '2023-04-22 08:15:04', '2023-04-22 08:15:04', '2023-04-22 08:15:04', 2, NULL);
INSERT INTO `headline_news` VALUES ('59945251e7224147b7cce6dedcb75b62', '乌要求停售俄游戏《原子之心》', '', 'https://fyb-1.cdn.bcebos.com/fyb/de6163834f53ca92c1273fff98ac9078.jpeg', '百度', 'https://www.baidu.com/s?wd=%E4%B9%8C%E8%A6%81%E6%B1%82%E5%81%9C%E5%94%AE%E4%BF%84%E6%B8%B8%E6%88%8F%E3%80%8A%E5%8E%9F%E5%AD%90%E4%B9%8B%E5%BF%83%E3%80%8B&sa=fyb_news&rsv_dl=fyb_news', '2023-02-23 15:24:01', '2023-02-23 15:24:01', '2023-02-23 15:24:01', 2, NULL);
INSERT INTO `headline_news` VALUES ('59bb25d5b8514c2fa12b2a25d4eb8c0e', '广东一小学倒闭学生打包回家', '近日，有家长在网络平台反映称，广东惠州一小学倒闭了，学生打包书本回家。24日，教育局工作人员称，会与学校协商处理退费事宜。', 'https://fyb-2.cdn.bcebos.com/hotboard_image/3da6121f7694b2d01dec3c9daf488393', '百度', 'https://www.baidu.com/s?wd=%E5%B9%BF%E4%B8%9C%E4%B8%80%E5%B0%8F%E5%AD%A6%E5%80%92%E9%97%AD%E5%AD%A6%E7%94%9F%E6%89%93%E5%8C%85%E5%9B%9E%E5%AE%B6&sa=fyb_news&rsv_dl=fyb_news', '2023-03-26 10:45:01', '2023-03-26 10:45:01', '2023-03-26 10:45:01', 2, NULL);
INSERT INTO `headline_news` VALUES ('5acac82e0fd64cec82425ca32928e139', '四川首富之女接棒千亿新能源龙头', '新能源商界的“父女兵”并肩上阵并不罕见，但最新一例格外引人注目：四川首富刘汉元之女刘舒琪正式接棒，成为市值超1700亿元的通威股份新任董事长。', 'https://fyb-2.cdn.bcebos.com/hotboard_image/677a5810c87a7b365e4541b29d62b3ee', '百度', 'https://www.baidu.com/s?wd=%E5%9B%9B%E5%B7%9D%E9%A6%96%E5%AF%8C%E4%B9%8B%E5%A5%B3%E6%8E%A5%E6%A3%92%E5%8D%83%E4%BA%BF%E6%96%B0%E8%83%BD%E6%BA%90%E9%BE%99%E5%A4%B4&sa=fyb_news&rsv_dl=fyb_news', '2023-03-27 11:00:01', '2023-03-27 11:00:01', '2023-03-27 11:00:01', 2, NULL);
INSERT INTO `headline_news` VALUES ('5ae973e1953644669b49b5a0ae301091', '官方示警：这家“银行”是假的', '', 'https://fyb-1.cdn.bcebos.com/fyb/de6163834f53ca92c1273fff98ac9078.jpeg', '百度', 'https://www.baidu.com/s?wd=%E5%AE%98%E6%96%B9%E7%A4%BA%E8%AD%A6%EF%BC%9A%E8%BF%99%E5%AE%B6%E2%80%9C%E9%93%B6%E8%A1%8C%E2%80%9D%E6%98%AF%E5%81%87%E7%9A%84&sa=fyb_news&rsv_dl=fyb_news', '2023-04-22 00:39:01', '2023-04-22 00:39:01', '2023-04-22 00:39:01', 2, NULL);
INSERT INTO `headline_news` VALUES ('5b892bb9645040d9b658c282070340b0', '武汉国博用特效“加建”太空电梯', '23日，中国建筑官方账号发布一了段视频，用特效在武汉国际博览中心“加建”了一座“太空电梯”。', 'https://fyb-2.cdn.bcebos.com/hotboard_image/af5f4961310d570c734806f12b1d8ede', '百度', 'https://www.baidu.com/s?wd=%E6%AD%A6%E6%B1%89%E5%9B%BD%E5%8D%9A%E7%94%A8%E7%89%B9%E6%95%88%E2%80%9C%E5%8A%A0%E5%BB%BA%E2%80%9D%E5%A4%AA%E7%A9%BA%E7%94%B5%E6%A2%AF&sa=fyb_news&rsv_dl=fyb_news', '2023-02-25 13:39:01', '2023-02-25 13:39:01', '2023-02-25 13:39:01', 2, NULL);
INSERT INTO `headline_news` VALUES ('5b8d01347e7e421db1160e040cff1d06', '女子名叫单单单医院叫号遇尴尬', '', 'https://fyb-1.cdn.bcebos.com/fyb/de6163834f53ca92c1273fff98ac9078.jpeg', '百度', 'https://www.baidu.com/s?wd=%E5%A5%B3%E5%AD%90%E5%90%8D%E5%8F%AB%E5%8D%95%E5%8D%95%E5%8D%95%E5%8C%BB%E9%99%A2%E5%8F%AB%E5%8F%B7%E9%81%87%E5%B0%B4%E5%B0%AC&sa=fyb_news&rsv_dl=fyb_news', '2023-03-26 17:52:01', '2023-03-26 17:52:01', '2023-03-26 17:52:01', 2, NULL);
INSERT INTO `headline_news` VALUES ('5b91e06906af4cc29d529c0d5badbbc7', '朝阳群众及时报警抓获电诈嫌疑人', '', 'https://fyb-1.cdn.bcebos.com/fyb/de6163834f53ca92c1273fff98ac9078.jpeg', '百度', 'https://www.baidu.com/s?wd=%E6%9C%9D%E9%98%B3%E7%BE%A4%E4%BC%97%E5%8F%8A%E6%97%B6%E6%8A%A5%E8%AD%A6%E6%8A%93%E8%8E%B7%E7%94%B5%E8%AF%88%E5%AB%8C%E7%96%91%E4%BA%BA&sa=fyb_news&rsv_dl=fyb_news', '2023-03-27 10:28:00', '2023-03-27 10:28:00', '2023-03-27 10:28:00', 2, NULL);
INSERT INTO `headline_news` VALUES ('5bfc8ad0e54e4d48b9be503f1a0112ab', '海南进岛车辆实行全预约购票过海', '据海南发布，为了保障琼州海峡通道安全畅通，引导车辆旅客有序出行，自4月22日8:00起，所有进岛客货车辆实行全预约购票过海。', 'https://fyb-2.cdn.bcebos.com/hotboard_image/4dd164e3de05b964af227459fca6ee87', '百度', 'https://www.baidu.com/s?wd=%E6%B5%B7%E5%8D%97%E8%BF%9B%E5%B2%9B%E8%BD%A6%E8%BE%86%E5%AE%9E%E8%A1%8C%E5%85%A8%E9%A2%84%E7%BA%A6%E8%B4%AD%E7%A5%A8%E8%BF%87%E6%B5%B7&sa=fyb_news&rsv_dl=fyb_news', '2023-04-21 23:04:20', '2023-04-21 23:04:20', '2023-04-21 23:04:20', 2, NULL);
INSERT INTO `headline_news` VALUES ('5c22986f7c2e4b37942bbbf89aeafbfc', '长峰医院火灾:老人靠湿毛巾支撑获救', '', 'https://fyb-1.cdn.bcebos.com/fyb/de6163834f53ca92c1273fff98ac9078.jpeg', '百度', 'https://www.baidu.com/s?wd=%E9%95%BF%E5%B3%B0%E5%8C%BB%E9%99%A2%E7%81%AB%E7%81%BE%3A%E8%80%81%E4%BA%BA%E9%9D%A0%E6%B9%BF%E6%AF%9B%E5%B7%BE%E6%94%AF%E6%92%91%E8%8E%B7%E6%95%91&sa=fyb_news&rsv_dl=fyb_news', '2023-04-20 07:47:44', '2023-04-20 07:47:44', '2023-04-20 07:47:44', 2, NULL);
INSERT INTO `headline_news` VALUES ('5dac23ffc8184c21930efdd6c55284e6', '普京助手的儿子被曝在瓦格纳当炮兵', '', 'https://fyb-1.cdn.bcebos.com/fyb/de6163834f53ca92c1273fff98ac9078.jpeg', '百度', 'https://www.baidu.com/s?wd=%E6%99%AE%E4%BA%AC%E5%8A%A9%E6%89%8B%E7%9A%84%E5%84%BF%E5%AD%90%E8%A2%AB%E6%9B%9D%E5%9C%A8%E7%93%A6%E6%A0%BC%E7%BA%B3%E5%BD%93%E7%82%AE%E5%85%B5&sa=fyb_news&rsv_dl=fyb_news', '2023-04-22 09:26:01', '2023-04-22 09:26:01', '2023-04-22 09:26:01', 2, NULL);
INSERT INTO `headline_news` VALUES ('5dd12a54dc3249049c9093fcf11707f9', '助理打路人手机 谢娜方发文道歉', '', 'https://fyb-1.cdn.bcebos.com/fyb/de6163834f53ca92c1273fff98ac9078.jpeg', '百度', 'https://www.baidu.com/s?wd=%E5%8A%A9%E7%90%86%E6%89%93%E8%B7%AF%E4%BA%BA%E6%89%8B%E6%9C%BA+%E8%B0%A2%E5%A8%9C%E6%96%B9%E5%8F%91%E6%96%87%E9%81%93%E6%AD%89&sa=fyb_news&rsv_dl=fyb_news', '2023-04-23 07:32:03', '2023-04-23 07:32:03', '2023-04-23 07:32:03', 2, NULL);
INSERT INTO `headline_news` VALUES ('5dd959f5e3de44d3b1ba6abbb0c05c2b', '《满江红》实时票房破45亿', '3月4日，据猫眼专业版数据，《满江红》上映42天 ，总票房破45亿。', 'https://fyb-2.cdn.bcebos.com/hotboard_image/87748bfb208cf22f41b73c89eeadc163', '百度', 'https://www.baidu.com/s?wd=%E3%80%8A%E6%BB%A1%E6%B1%9F%E7%BA%A2%E3%80%8B%E5%AE%9E%E6%97%B6%E7%A5%A8%E6%88%BF%E7%A0%B445%E4%BA%BF&sa=fyb_news&rsv_dl=fyb_news', '2023-03-04 21:54:01', '2023-03-04 21:54:01', '2023-03-04 21:54:01', 2, NULL);
INSERT INTO `headline_news` VALUES ('5e289bd001f14afab181207891eb0320', '今年政府工作报告有哪些特殊之处？', '', 'https://fyb-1.cdn.bcebos.com/fyb/de6163834f53ca92c1273fff98ac9078.jpeg', '百度', 'https://www.baidu.com/s?wd=%E4%BB%8A%E5%B9%B4%E6%94%BF%E5%BA%9C%E5%B7%A5%E4%BD%9C%E6%8A%A5%E5%91%8A%E6%9C%89%E5%93%AA%E4%BA%9B%E7%89%B9%E6%AE%8A%E4%B9%8B%E5%A4%84%EF%BC%9F&sa=fyb_news&rsv_dl=fyb_news', '2023-03-05 15:37:01', '2023-03-05 15:37:01', '2023-03-05 15:37:01', 2, NULL);
INSERT INTO `headline_news` VALUES ('5e6a0cf1794a4b91a5cdfb765f39b094', '过去五年经济社会发展成绩单', '过去五年我国经济社会发展成绩单，一图速览>>', 'https://fyb-2.cdn.bcebos.com/hotboard_image/5692c160c5a8761736d6acf10c30a3e0', '百度', 'https://www.baidu.com/s?wd=%E8%BF%87%E5%8E%BB%E4%BA%94%E5%B9%B4%E7%BB%8F%E6%B5%8E%E7%A4%BE%E4%BC%9A%E5%8F%91%E5%B1%95%E6%88%90%E7%BB%A9%E5%8D%95&sa=fyb_news&rsv_dl=fyb_news', '2023-03-05 09:59:01', '2023-03-05 09:59:01', '2023-03-05 09:59:01', 2, NULL);
INSERT INTO `headline_news` VALUES ('5e976c81a93343efb15405a8a8a7cb1c', '大熊猫和花和叶已被企业认养', '', 'https://fyb-1.cdn.bcebos.com/fyb/de6163834f53ca92c1273fff98ac9078.jpeg', '百度', 'https://www.baidu.com/s?wd=%E5%A4%A7%E7%86%8A%E7%8C%AB%E5%92%8C%E8%8A%B1%E5%92%8C%E5%8F%B6%E5%B7%B2%E8%A2%AB%E4%BC%81%E4%B8%9A%E8%AE%A4%E5%85%BB&sa=fyb_news&rsv_dl=fyb_news', '2023-03-05 10:51:01', '2023-03-05 10:51:01', '2023-03-05 10:51:01', 2, NULL);
INSERT INTO `headline_news` VALUES ('5e97bf3f00f34b5b8904e5c46dcaf596', '委员建议放开生育限制', '', 'https://fyb-1.cdn.bcebos.com/fyb/de6163834f53ca92c1273fff98ac9078.jpeg', '百度', 'https://www.baidu.com/s?wd=%E5%A7%94%E5%91%98%E5%BB%BA%E8%AE%AE%E6%94%BE%E5%BC%80%E7%94%9F%E8%82%B2%E9%99%90%E5%88%B6&sa=fyb_news&rsv_dl=fyb_news', '2023-02-24 14:32:01', '2023-02-24 14:32:01', '2023-02-24 14:32:01', 2, NULL);
INSERT INTO `headline_news` VALUES ('5ebcb59a0981485f81eb00b9ef47dcb4', '男子试吃花生被制止半夜偷走150斤', '日前，湖北黄石嫌犯男子多次到炒货店拿花生吃，老板制止后与其发生冲突。嫌疑人半夜溜进老板仓库，盗走150余斤花生。目前公安机关已将其刑事拘留。', 'https://fyb-2.cdn.bcebos.com/hotboard_image/983f12ed5ad540398d0689398aa5763d', '百度', 'https://www.baidu.com/s?wd=%E7%94%B7%E5%AD%90%E8%AF%95%E5%90%83%E8%8A%B1%E7%94%9F%E8%A2%AB%E5%88%B6%E6%AD%A2%E5%8D%8A%E5%A4%9C%E5%81%B7%E8%B5%B0150%E6%96%A4&sa=fyb_news&rsv_dl=fyb_news', '2023-04-20 03:54:01', '2023-04-20 03:54:01', '2023-04-20 03:54:01', 2, NULL);
INSERT INTO `headline_news` VALUES ('5ee1aacfb1264a42bc6161c11e1867f6', '马英九:等了36年才有机会到大陆访问', '3月27日，马英九率团来大陆祭祖、交流，出发前在桃园机场发表简短谈话。他表示，等了36年才有机会到大陆访问，的确是久了一点，但很高兴能去。', 'https://fyb-2.cdn.bcebos.com/hotboard_image/6ca3227e26cf32e8dc1a6b09b852c05b', '百度', 'https://www.baidu.com/s?wd=%E9%A9%AC%E8%8B%B1%E4%B9%9D%3A%E7%AD%89%E4%BA%8636%E5%B9%B4%E6%89%8D%E6%9C%89%E6%9C%BA%E4%BC%9A%E5%88%B0%E5%A4%A7%E9%99%86%E8%AE%BF%E9%97%AE&sa=fyb_news&rsv_dl=fyb_news', '2023-03-27 15:42:01', '2023-03-27 15:42:01', '2023-03-27 15:42:01', 2, NULL);
INSERT INTO `headline_news` VALUES ('5ee514d8d023460c8fa127936a40647f', '超龄劳动者权益保障不能再拖了', '', 'https://fyb-1.cdn.bcebos.com/fyb/de6163834f53ca92c1273fff98ac9078.jpeg', '百度', 'https://www.baidu.com/s?wd=%E8%B6%85%E9%BE%84%E5%8A%B3%E5%8A%A8%E8%80%85%E6%9D%83%E7%9B%8A%E4%BF%9D%E9%9A%9C%E4%B8%8D%E8%83%BD%E5%86%8D%E6%8B%96%E4%BA%86&sa=fyb_news&rsv_dl=fyb_news', '2023-02-23 14:29:01', '2023-02-23 14:29:01', '2023-02-23 14:29:01', 2, NULL);
INSERT INTO `headline_news` VALUES ('5eec9aa35f1a413d8e032088674200be', '传高校男生嫌吵 连续3年按时关水阀', '', 'https://fyb-1.cdn.bcebos.com/fyb/de6163834f53ca92c1273fff98ac9078.jpeg', '百度', 'https://www.baidu.com/s?wd=%E4%BC%A0%E9%AB%98%E6%A0%A1%E7%94%B7%E7%94%9F%E5%AB%8C%E5%90%B5+%E8%BF%9E%E7%BB%AD3%E5%B9%B4%E6%8C%89%E6%97%B6%E5%85%B3%E6%B0%B4%E9%98%80&sa=fyb_news&rsv_dl=fyb_news', '2023-04-21 14:44:04', '2023-04-21 14:44:04', '2023-04-21 14:44:04', 2, NULL);
INSERT INTO `headline_news` VALUES ('5f224be0a2dd4fffa91da4aca28965a5', '大乐透1573万中奖者疑为内部人员？', '近日，网传大乐透第23015期西安中出1573万元的中奖者疑为当地相关“内部人员”。24日，陕西体彩客服回复称，网友所说的这种情况是不存在的。', 'https://fyb-2.cdn.bcebos.com/hotboard_image/45c79565d51c45cc0afb4d1de55b81ba', '百度', 'https://www.baidu.com/s?wd=%E5%A4%A7%E4%B9%90%E9%80%8F1573%E4%B8%87%E4%B8%AD%E5%A5%96%E8%80%85%E7%96%91%E4%B8%BA%E5%86%85%E9%83%A8%E4%BA%BA%E5%91%98%EF%BC%9F&sa=fyb_news&rsv_dl=fyb_news', '2023-02-25 13:23:01', '2023-02-25 13:23:01', '2023-02-25 13:23:01', 2, NULL);
INSERT INTO `headline_news` VALUES ('5f986bb4c51d4830a009c36e8ace459e', '当下年轻人的寺庙经济', '', 'https://fyb-1.cdn.bcebos.com/fyb/444846eeb217ede8c838d13ae8c9c9b0.jpg', '百度', 'https://www.baidu.com/s?wd=%E5%BD%93%E4%B8%8B%E5%B9%B4%E8%BD%BB%E4%BA%BA%E7%9A%84%E5%AF%BA%E5%BA%99%E7%BB%8F%E6%B5%8E&sa=fyb_news&rsv_dl=fyb_news', '2023-04-21 18:03:15', '2023-04-21 18:03:15', '2023-04-21 18:03:15', 2, NULL);
INSERT INTO `headline_news` VALUES ('600cceccd84c4335bd2971d53c57a00b', '蚁人3男演员乔纳森梅杰斯被捕', '', 'https://fyb-1.cdn.bcebos.com/fyb/de6163834f53ca92c1273fff98ac9078.jpeg', '百度', 'https://www.baidu.com/s?wd=%E8%9A%81%E4%BA%BA3%E7%94%B7%E6%BC%94%E5%91%98%E4%B9%94%E7%BA%B3%E6%A3%AE%E6%A2%85%E6%9D%B0%E6%96%AF%E8%A2%AB%E6%8D%95&sa=fyb_news&rsv_dl=fyb_news', '2023-03-26 13:43:01', '2023-03-26 13:43:01', '2023-03-26 13:43:01', 2, NULL);
INSERT INTO `headline_news` VALUES ('6043d4ad4ac846b6bb4fec95b7934844', '官方：严厉打击用天干地支预测股市', '证监会在对十三届全国人大五次会议第6178号建议的答复中提到：严厉打击利用天干地支、阴阳五行风水学说预测股市等违规行为。', 'https://fyb-2.cdn.bcebos.com/hotboard_image/49892a32dc82fc4c61818b08fa75062d', '百度', 'https://www.baidu.com/s?wd=%E5%AE%98%E6%96%B9%EF%BC%9A%E4%B8%A5%E5%8E%89%E6%89%93%E5%87%BB%E7%94%A8%E5%A4%A9%E5%B9%B2%E5%9C%B0%E6%94%AF%E9%A2%84%E6%B5%8B%E8%82%A1%E5%B8%82&sa=fyb_news&rsv_dl=fyb_news', '2023-02-25 13:25:01', '2023-02-25 13:25:01', '2023-02-25 13:25:01', 2, NULL);
INSERT INTO `headline_news` VALUES ('6130f06a98a043e29310be053be8ad15', '徐大彤已任公安部副部长', '3月26日，据公安部网站“机构设置”信息显示，徐大彤已任公安部党委委员、副部长。凌志峰已任公安部党委委员、政治部主任。', 'https://fyb-2.cdn.bcebos.com/hotboard_image/e9ccbf27f2012e805c0c31b897f9bd8e', '百度', 'https://www.baidu.com/s?wd=%E5%BE%90%E5%A4%A7%E5%BD%A4%E5%B7%B2%E4%BB%BB%E5%85%AC%E5%AE%89%E9%83%A8%E5%89%AF%E9%83%A8%E9%95%BF&sa=fyb_news&rsv_dl=fyb_news', '2023-03-26 20:28:00', '2023-03-26 20:28:00', '2023-03-26 20:28:00', 2, NULL);
INSERT INTO `headline_news` VALUES ('618b5729f26e4110b265c35ce08e3c7d', '李显龙示警：台海误判风险增高', '', 'https://fyb-1.cdn.bcebos.com/fyb/de6163834f53ca92c1273fff98ac9078.jpeg', '百度', 'https://www.baidu.com/s?wd=%E6%9D%8E%E6%98%BE%E9%BE%99%E7%A4%BA%E8%AD%A6%EF%BC%9A%E5%8F%B0%E6%B5%B7%E8%AF%AF%E5%88%A4%E9%A3%8E%E9%99%A9%E5%A2%9E%E9%AB%98&sa=fyb_news&rsv_dl=fyb_news', '2023-04-21 07:50:04', '2023-04-21 07:50:04', '2023-04-21 07:50:04', 2, NULL);
INSERT INTO `headline_news` VALUES ('61b50dccf75942cb9d829e3305a46272', '孙颖莎豪取23连胜', '', 'https://fyb-1.cdn.bcebos.com/fyb/de6163834f53ca92c1273fff98ac9078.jpeg', '百度', 'https://www.baidu.com/s?wd=%E5%AD%99%E9%A2%96%E8%8E%8E%E8%B1%AA%E5%8F%9623%E8%BF%9E%E8%83%9C&sa=fyb_news&rsv_dl=fyb_news', '2023-04-21 13:21:07', '2023-04-21 13:21:07', '2023-04-21 13:21:07', 2, NULL);
INSERT INTO `headline_news` VALUES ('61b591dd30a948da93b7f08ef4c9314c', '警方通报16岁女孩殴打三轮车阿姨', '近日，一段年轻女子当街打三轮车女司机的视频引发关注。3月4日，警方通报，两人因车费发生争吵，女孩将阿姨殴打致轻微伤，目前女孩被行政拘留七日。', 'https://fyb-2.cdn.bcebos.com/hotboard_image/260041689b06ad8ada9e8b7e20bff639', '百度', 'https://www.baidu.com/s?wd=%E8%AD%A6%E6%96%B9%E9%80%9A%E6%8A%A516%E5%B2%81%E5%A5%B3%E5%AD%A9%E6%AE%B4%E6%89%93%E4%B8%89%E8%BD%AE%E8%BD%A6%E9%98%BF%E5%A7%A8&sa=fyb_news&rsv_dl=fyb_news', '2023-03-04 21:54:01', '2023-03-04 21:54:01', '2023-03-04 21:54:01', 2, NULL);
INSERT INTO `headline_news` VALUES ('62468bb4dbe44ff0a8a955f1d3528f9a', '沙尘翻过秦岭入川', '', 'https://fyb-1.cdn.bcebos.com/fyb/de6163834f53ca92c1273fff98ac9078.jpeg', '百度', 'https://www.baidu.com/s?wd=%E6%B2%99%E5%B0%98%E7%BF%BB%E8%BF%87%E7%A7%A6%E5%B2%AD%E5%85%A5%E5%B7%9D&sa=fyb_news&rsv_dl=fyb_news', '2023-04-20 17:11:04', '2023-04-20 17:11:04', '2023-04-20 17:11:04', 2, NULL);
INSERT INTO `headline_news` VALUES ('6256498e1cff4abbb505a9321d8575a5', '美国银行存款一周流失近千亿美元', '', 'https://fyb-1.cdn.bcebos.com/fyb/de6163834f53ca92c1273fff98ac9078.jpeg', '百度', 'https://www.baidu.com/s?wd=%E7%BE%8E%E5%9B%BD%E9%93%B6%E8%A1%8C%E5%AD%98%E6%AC%BE%E4%B8%80%E5%91%A8%E6%B5%81%E5%A4%B1%E8%BF%91%E5%8D%83%E4%BA%BF%E7%BE%8E%E5%85%83&sa=fyb_news&rsv_dl=fyb_news', '2023-03-26 20:04:00', '2023-03-26 20:04:00', '2023-03-26 20:04:00', 2, NULL);
INSERT INTO `headline_news` VALUES ('626d4bf0d7d24a3abcb49fffb9fb67a4', '地图回顾俄乌冲突一周年演变', '俄总统普京发表电视讲话决定发起“特别军事行动”以来，俄乌冲突已持续一年，这场被称为“21世纪以来欧洲最大规模的军事冲突”，至今未见和平曙光。', 'https://fyb-2.cdn.bcebos.com/hotboard_image/967326e1b7120da22efeb694d521bbbd', '百度', 'https://www.baidu.com/s?wd=%E5%9C%B0%E5%9B%BE%E5%9B%9E%E9%A1%BE%E4%BF%84%E4%B9%8C%E5%86%B2%E7%AA%81%E4%B8%80%E5%91%A8%E5%B9%B4%E6%BC%94%E5%8F%98&sa=fyb_news&rsv_dl=fyb_news', '2023-02-23 15:09:01', '2023-02-23 15:09:01', '2023-02-23 15:09:01', 2, NULL);
INSERT INTO `headline_news` VALUES ('627e9d0afc52427d87a122326e96024c', '内蒙古书记：事态严重 令人痛心', '2月22日，内蒙古一露天煤矿发生大面积坍塌，造成多人失联和人员伤亡。自治区党委书记孙绍骋说，这起事故，事态严重，令人痛心，救援工作十万火急。', 'https://fyb-2.cdn.bcebos.com/hotboard_image/32c7decae509083efae9f86e2f1e41b7', '百度', 'https://www.baidu.com/s?wd=%E5%86%85%E8%92%99%E5%8F%A4%E4%B9%A6%E8%AE%B0%EF%BC%9A%E4%BA%8B%E6%80%81%E4%B8%A5%E9%87%8D+%E4%BB%A4%E4%BA%BA%E7%97%9B%E5%BF%83&sa=fyb_news&rsv_dl=fyb_news', '2023-02-23 11:13:01', '2023-02-23 11:13:01', '2023-02-23 11:13:01', 2, NULL);
INSERT INTO `headline_news` VALUES ('6286a2dc0cf1490d82241ae1d06ddb6e', '官方回应吃烧烤被收15元燃气费', '', 'https://fyb-1.cdn.bcebos.com/fyb/de6163834f53ca92c1273fff98ac9078.jpeg', '百度', 'https://www.baidu.com/s?wd=%E5%AE%98%E6%96%B9%E5%9B%9E%E5%BA%94%E5%90%83%E7%83%A7%E7%83%A4%E8%A2%AB%E6%94%B615%E5%85%83%E7%87%83%E6%B0%94%E8%B4%B9&sa=fyb_news&rsv_dl=fyb_news', '2023-04-22 08:12:11', '2023-04-22 08:12:11', '2023-04-22 08:12:11', 2, NULL);
INSERT INTO `headline_news` VALUES ('62bcad4dfa6a4002a5beb4afd990a59d', '建议推行婚检与婚姻登记一站式服务', '', 'https://fyb-1.cdn.bcebos.com/fyb/de6163834f53ca92c1273fff98ac9078.jpeg', '百度', 'https://www.baidu.com/s?wd=%E5%BB%BA%E8%AE%AE%E6%8E%A8%E8%A1%8C%E5%A9%9A%E6%A3%80%E4%B8%8E%E5%A9%9A%E5%A7%BB%E7%99%BB%E8%AE%B0%E4%B8%80%E7%AB%99%E5%BC%8F%E6%9C%8D%E5%8A%A1&sa=fyb_news&rsv_dl=fyb_news', '2023-03-05 10:33:01', '2023-03-05 10:33:01', '2023-03-05 10:33:01', 2, NULL);
INSERT INTO `headline_news` VALUES ('62e0f51cb5614da3bdd5ce72cef84bc1', '小米上亿资产遭冻结 申诉被印度驳回', '据外媒4月21日报道，小米印度公司要求解冻6.8亿美元资产的申诉遭印度法院驳回。小米发言人就上述法院裁决表示，小米在印度业务符合当地法律法规。', 'https://fyb-2.cdn.bcebos.com/hotboard_image/33abfa7d937a10d862ce7c2c127ee5c7', '百度', 'https://www.baidu.com/s?wd=%E5%B0%8F%E7%B1%B3%E4%B8%8A%E4%BA%BF%E8%B5%84%E4%BA%A7%E9%81%AD%E5%86%BB%E7%BB%93+%E7%94%B3%E8%AF%89%E8%A2%AB%E5%8D%B0%E5%BA%A6%E9%A9%B3%E5%9B%9E&sa=fyb_news&rsv_dl=fyb_news', '2023-04-22 17:59:03', '2023-04-22 17:59:03', '2023-04-22 17:59:03', 2, NULL);
INSERT INTO `headline_news` VALUES ('633cbd96afc74fb8b6576361bcf53766', '有iPhone用户因闹钟没响上班迟到', '', 'https://fyb-1.cdn.bcebos.com/fyb/de6163834f53ca92c1273fff98ac9078.jpeg', '百度', 'https://www.baidu.com/s?wd=%E6%9C%89iPhone%E7%94%A8%E6%88%B7%E5%9B%A0%E9%97%B9%E9%92%9F%E6%B2%A1%E5%93%8D%E4%B8%8A%E7%8F%AD%E8%BF%9F%E5%88%B0&sa=fyb_news&rsv_dl=fyb_news', '2023-04-23 15:21:03', '2023-04-23 15:21:03', '2023-04-23 15:21:03', 2, NULL);
INSERT INTO `headline_news` VALUES ('6378c0867c044ed8961e1031840c01e3', '上司落马当天 他辞去市长', '21日，据官方消息，3月辞去九江市市长职务的杨文斌被查。杨文斌辞去市长职务的当天，其曾经的上级江西省人大常委会党组副书记、副主任殷美根被查。', 'https://fyb-2.cdn.bcebos.com/hotboard_image/b155d6c5fc6c5256475a5524220b63ce', '百度', 'https://www.baidu.com/s?wd=%E4%B8%8A%E5%8F%B8%E8%90%BD%E9%A9%AC%E5%BD%93%E5%A4%A9+%E4%BB%96%E8%BE%9E%E5%8E%BB%E5%B8%82%E9%95%BF&sa=fyb_news&rsv_dl=fyb_news', '2023-04-21 21:04:03', '2023-04-21 21:04:03', '2023-04-21 21:04:03', 2, NULL);
INSERT INTO `headline_news` VALUES ('63a39aa7e69341749b569b32eb02d5a5', '特朗普称要在美国修“自由之城”', '当地时间3月3日，前美国总统特朗普在一段视频中宣布了他的最新计划：在美国建设10个充满未来气息的“自由之城”，让市民可以乘坐“飞行车”通勤。', 'https://fyb-2.cdn.bcebos.com/hotboard_image/b1e6ba89bab409dd0101c223912f5a06', '百度', 'https://www.baidu.com/s?wd=%E7%89%B9%E6%9C%97%E6%99%AE%E7%A7%B0%E8%A6%81%E5%9C%A8%E7%BE%8E%E5%9B%BD%E4%BF%AE%E2%80%9C%E8%87%AA%E7%94%B1%E4%B9%8B%E5%9F%8E%E2%80%9D&sa=fyb_news&rsv_dl=fyb_news', '2023-03-05 10:54:01', '2023-03-05 10:54:01', '2023-03-05 10:54:01', 2, NULL);
INSERT INTO `headline_news` VALUES ('63addb227ca447108a86309f3f3441d8', '特朗普自称能阻止三战爆发', '', 'https://fyb-1.cdn.bcebos.com/fyb/de6163834f53ca92c1273fff98ac9078.jpeg', '百度', 'https://www.baidu.com/s?wd=%E7%89%B9%E6%9C%97%E6%99%AE%E8%87%AA%E7%A7%B0%E8%83%BD%E9%98%BB%E6%AD%A2%E4%B8%89%E6%88%98%E7%88%86%E5%8F%91&sa=fyb_news&rsv_dl=fyb_news', '2023-04-23 00:04:01', '2023-04-23 00:04:01', '2023-04-23 00:04:01', 2, NULL);
INSERT INTO `headline_news` VALUES ('63ef18e253d84667a5548c5615abb291', '2040年参加高考人数或不到600万', '记者梳理发现，近1年内，高考报名数与同年出生人数“逆差”翻13.8倍。据数据推算，到2040年参加高考的人数或将降至不到600万。', 'https://fyb-2.cdn.bcebos.com/hotboard_image/b957c8856cce9ee9153e2d9efc06a73d', '百度', 'https://www.baidu.com/s?wd=2040%E5%B9%B4%E5%8F%82%E5%8A%A0%E9%AB%98%E8%80%83%E4%BA%BA%E6%95%B0%E6%88%96%E4%B8%8D%E5%88%B0600%E4%B8%87&sa=fyb_news&rsv_dl=fyb_news', '2023-02-25 13:23:01', '2023-02-25 13:23:01', '2023-02-25 13:23:01', 2, NULL);
INSERT INTO `headline_news` VALUES ('644f585893a948468d5b69d64e916eb7', '解密汪文杰与他的长峰医院过往', '18日，北京长峰医院发生火灾，院长王某玲、副院长汪某等人被刑事拘留。该医院隶属于新三板挂牌公司长峰医院，各地长峰医院的过往与现状引起广泛关注。', 'https://fyb-2.cdn.bcebos.com/hotboard_image/45f5ce39ab626a44ce3091726c024e02', '百度', 'https://www.baidu.com/s?wd=%E8%A7%A3%E5%AF%86%E6%B1%AA%E6%96%87%E6%9D%B0%E4%B8%8E%E4%BB%96%E7%9A%84%E9%95%BF%E5%B3%B0%E5%8C%BB%E9%99%A2%E8%BF%87%E5%BE%80&sa=fyb_news&rsv_dl=fyb_news', '2023-04-21 08:04:13', '2023-04-21 08:04:13', '2023-04-21 08:04:13', 2, NULL);
INSERT INTO `headline_news` VALUES ('6464ad48fb5444dd8b87484b8597270e', '复兴号高寒智能动车组投入运行', '', 'https://fyb-1.cdn.bcebos.com/fyb/de6163834f53ca92c1273fff98ac9078.jpeg', '百度', 'https://www.baidu.com/s?wd=%E5%A4%8D%E5%85%B4%E5%8F%B7%E9%AB%98%E5%AF%92%E6%99%BA%E8%83%BD%E5%8A%A8%E8%BD%A6%E7%BB%84%E6%8A%95%E5%85%A5%E8%BF%90%E8%A1%8C&sa=fyb_news&rsv_dl=fyb_news', '2023-02-23 15:38:01', '2023-02-23 15:38:01', '2023-02-23 15:38:01', 2, NULL);
INSERT INTO `headline_news` VALUES ('64a09c0ca7414415aaab50dfecd0b6b5', '当事人回应和峨眉山猴子练搏击互殴', '近日，一男子因与峨眉山猴子“互殴”走红。4日，当事人回应称，自己有练过自由搏击，猴子挥拳过来后，条件反射就与它展开了搏斗，大家千万别模仿。', 'https://fyb-2.cdn.bcebos.com/hotboard_image/75cd4c64cdf4708382db0fe849d857bb', '百度', 'https://www.baidu.com/s?wd=%E5%BD%93%E4%BA%8B%E4%BA%BA%E5%9B%9E%E5%BA%94%E5%92%8C%E5%B3%A8%E7%9C%89%E5%B1%B1%E7%8C%B4%E5%AD%90%E7%BB%83%E6%90%8F%E5%87%BB%E4%BA%92%E6%AE%B4&sa=fyb_news&rsv_dl=fyb_news', '2023-03-04 21:54:01', '2023-03-04 21:54:01', '2023-03-04 21:54:01', 2, NULL);
INSERT INTO `headline_news` VALUES ('64db9b30ed1f4dd7b078c47a4b6f0715', '美国巧克力工厂爆炸致多人死伤', '', 'https://fyb-1.cdn.bcebos.com/fyb/de6163834f53ca92c1273fff98ac9078.jpeg', '百度', 'https://www.baidu.com/s?wd=%E7%BE%8E%E5%9B%BD%E5%B7%A7%E5%85%8B%E5%8A%9B%E5%B7%A5%E5%8E%82%E7%88%86%E7%82%B8%E8%87%B4%E5%A4%9A%E4%BA%BA%E6%AD%BB%E4%BC%A4&sa=fyb_news&rsv_dl=fyb_news', '2023-03-26 12:04:01', '2023-03-26 12:04:01', '2023-03-26 12:04:01', 2, NULL);
INSERT INTO `headline_news` VALUES ('64e71596a44c4538b89880d9b92876aa', '北影节开幕红毯', '', 'https://fyb-1.cdn.bcebos.com/fyb/de6163834f53ca92c1273fff98ac9078.jpeg', '百度', 'https://www.baidu.com/s?wd=%E5%8C%97%E5%BD%B1%E8%8A%82%E5%BC%80%E5%B9%95%E7%BA%A2%E6%AF%AF&sa=fyb_news&rsv_dl=fyb_news', '2023-04-21 17:20:04', '2023-04-21 17:20:04', '2023-04-21 17:20:04', 2, NULL);
INSERT INTO `headline_news` VALUES ('653f1bc0a1bb42d7be27f00084fcba1b', '上海浦东新区海域发生M0.8级地震', '2月23日11时28分，在上海浦东新区海域（北纬31.07度，东经122.16度）发生M0.8级地震，震源深度5公里，距人民广场67公里。', 'https://fyb-2.cdn.bcebos.com/hotboard_image/4dd164e3de05b964af227459fca6ee87', '百度', 'https://www.baidu.com/s?wd=%E4%B8%8A%E6%B5%B7%E6%B5%A6%E4%B8%9C%E6%96%B0%E5%8C%BA%E6%B5%B7%E5%9F%9F%E5%8F%91%E7%94%9FM0.8%E7%BA%A7%E5%9C%B0%E9%9C%87&sa=fyb_news&rsv_dl=fyb_news', '2023-02-23 14:13:01', '2023-02-23 14:13:01', '2023-02-23 14:13:01', 2, NULL);
INSERT INTO `headline_news` VALUES ('6557570fcc1549a586e3b6b01fa5c267', '应急管理部：举一反三彻底排查隐患', '4月19日，应急管理部召开会议分析当前安全生产形势，强调要深刻吸取近期事故教训，举一反三彻底排查各种风险隐患。', 'https://fyb-2.cdn.bcebos.com/hotboard_image/4dd164e3de05b964af227459fca6ee87', '百度', 'https://www.baidu.com/s?wd=%E5%BA%94%E6%80%A5%E7%AE%A1%E7%90%86%E9%83%A8%EF%BC%9A%E4%B8%BE%E4%B8%80%E5%8F%8D%E4%B8%89%E5%BD%BB%E5%BA%95%E6%8E%92%E6%9F%A5%E9%9A%90%E6%82%A3&sa=fyb_news&rsv_dl=fyb_news', '2023-04-20 03:48:01', '2023-04-20 03:48:01', '2023-04-20 03:48:01', 2, NULL);
INSERT INTO `headline_news` VALUES ('65ba54d01f4848f58a1cff8318d478cd', '警惕连心贷变连心债', '', 'https://fyb-1.cdn.bcebos.com/fyb/de6163834f53ca92c1273fff98ac9078.jpeg', '百度', 'https://www.baidu.com/s?wd=%E8%AD%A6%E6%83%95%E8%BF%9E%E5%BF%83%E8%B4%B7%E5%8F%98%E8%BF%9E%E5%BF%83%E5%80%BA&sa=fyb_news&rsv_dl=fyb_news', '2023-02-23 14:34:01', '2023-02-23 14:34:01', '2023-02-23 14:34:01', 2, NULL);
INSERT INTO `headline_news` VALUES ('65cfb14eb4b94bc5a9f969b47fa53f9c', '二十届中央深改委首次对外亮相', '', 'https://fyb-1.cdn.bcebos.com/fyb/de6163834f53ca92c1273fff98ac9078.jpeg', '百度', 'https://www.baidu.com/s?wd=%E4%BA%8C%E5%8D%81%E5%B1%8A%E4%B8%AD%E5%A4%AE%E6%B7%B1%E6%94%B9%E5%A7%94%E9%A6%96%E6%AC%A1%E5%AF%B9%E5%A4%96%E4%BA%AE%E7%9B%B8&sa=fyb_news&rsv_dl=fyb_news', '2023-04-21 23:05:14', '2023-04-21 23:05:14', '2023-04-21 23:05:14', 2, NULL);
INSERT INTO `headline_news` VALUES ('6628cc5d1a134701ad5c0aa219ee7670', '灌篮高手票房破3亿', '', 'https://fyb-1.cdn.bcebos.com/fyb/de6163834f53ca92c1273fff98ac9078.jpeg', '百度', 'https://www.baidu.com/s?wd=%E7%81%8C%E7%AF%AE%E9%AB%98%E6%89%8B%E7%A5%A8%E6%88%BF%E7%A0%B43%E4%BA%BF&sa=fyb_news&rsv_dl=fyb_news', '2023-04-22 14:55:02', '2023-04-22 14:55:02', '2023-04-22 14:55:02', 2, NULL);
INSERT INTO `headline_news` VALUES ('66381a03fc0d4a3caeb0bad9e5561e01', '中超取消U23政策 尴尬了谁', '', 'https://fyb-1.cdn.bcebos.com/fyb/de6163834f53ca92c1273fff98ac9078.jpeg', '百度', 'https://www.baidu.com/s?wd=%E4%B8%AD%E8%B6%85%E5%8F%96%E6%B6%88U23%E6%94%BF%E7%AD%96+%E5%B0%B4%E5%B0%AC%E4%BA%86%E8%B0%81&sa=fyb_news&rsv_dl=fyb_news', '2023-04-23 06:49:03', '2023-04-23 06:49:03', '2023-04-23 06:49:03', 2, NULL);
INSERT INTO `headline_news` VALUES ('671a335153f2457f8c3b8e740a720cf0', '委员称大学生不要满脑子央国政', '23日，全国政协委员、上海市教委副主任倪闽景表示，大学生不要满脑子“央国政”，也要想到我们现在有广阔市场，可以带来非常美好的有挑战的人生。', 'https://fyb-2.cdn.bcebos.com/hotboard_image/1d94cf89be0268240d9171b4a252267d', '百度', 'https://www.baidu.com/s?wd=%E5%A7%94%E5%91%98%E7%A7%B0%E5%A4%A7%E5%AD%A6%E7%94%9F%E4%B8%8D%E8%A6%81%E6%BB%A1%E8%84%91%E5%AD%90%E5%A4%AE%E5%9B%BD%E6%94%BF&sa=fyb_news&rsv_dl=fyb_news', '2023-02-24 13:11:01', '2023-02-24 13:11:01', '2023-02-24 13:11:01', 2, NULL);
INSERT INTO `headline_news` VALUES ('6737b550014f475aabcb6014ea2b4483', '张译包场张颂文的新电影', '', 'https://fyb-1.cdn.bcebos.com/fyb/de6163834f53ca92c1273fff98ac9078.jpeg', '百度', 'https://www.baidu.com/s?wd=%E5%BC%A0%E8%AF%91%E5%8C%85%E5%9C%BA%E5%BC%A0%E9%A2%82%E6%96%87%E7%9A%84%E6%96%B0%E7%94%B5%E5%BD%B1&sa=fyb_news&rsv_dl=fyb_news', '2023-03-26 10:30:01', '2023-03-26 10:30:01', '2023-03-26 10:30:01', 2, NULL);
INSERT INTO `headline_news` VALUES ('674fd9e7278f4eadad268da586223638', '石家庄地标胜利之城雕塑疑遭抄袭', '石家庄市解放广场矗立着一座名为“胜利之城”的雕塑，雕塑设计者方昕通过网络图像搜索发现，与其相似度高的9座雕塑作品成为了城市地标或景区景观。', 'https://fyb-2.cdn.bcebos.com/hotboard_image/29d447486941cf30c906fd620902a6d3', '百度', 'https://www.baidu.com/s?wd=%E7%9F%B3%E5%AE%B6%E5%BA%84%E5%9C%B0%E6%A0%87%E8%83%9C%E5%88%A9%E4%B9%8B%E5%9F%8E%E9%9B%95%E5%A1%91%E7%96%91%E9%81%AD%E6%8A%84%E8%A2%AD&sa=fyb_news&rsv_dl=fyb_news', '2023-03-27 15:42:01', '2023-03-27 15:42:01', '2023-03-27 15:42:01', 2, NULL);
INSERT INTO `headline_news` VALUES ('67617d54a0114707882c8e40541442e4', '大马官员亲述电诈恶行：遭机枪瞄准', '3月23日，马来西亚彭亨州行政议员沈春祥接受采访，讲述解救人口贩卖受害者的经历，他透露，受害者是被迫参与跨国电信诈骗，还会遭机枪瞄准。', 'https://fyb-2.cdn.bcebos.com/hotboard_image/d53fa61cf6c73a7f2db3ac64f86f1772', '百度', 'https://www.baidu.com/s?wd=%E5%A4%A7%E9%A9%AC%E5%AE%98%E5%91%98%E4%BA%B2%E8%BF%B0%E7%94%B5%E8%AF%88%E6%81%B6%E8%A1%8C%EF%BC%9A%E9%81%AD%E6%9C%BA%E6%9E%AA%E7%9E%84%E5%87%86&sa=fyb_news&rsv_dl=fyb_news', '2023-03-27 10:29:00', '2023-03-27 10:29:00', '2023-03-27 10:29:00', 2, NULL);
INSERT INTO `headline_news` VALUES ('6786bf7a05b944d089112b47f41e1681', '今年招聘季“金三银四”会火爆吗？', '诸多行业经历疫情低迷期后，今年“金三银四”招聘季可能会格外活跃，企业积压3年的人才需求开始释放，待业的社会人才和应届毕业生能面临更多选择机会。', 'https://fyb-2.cdn.bcebos.com/hotboard_image/288849576c9da200af11d7cabf1d350e', '百度', 'https://www.baidu.com/s?wd=%E4%BB%8A%E5%B9%B4%E6%8B%9B%E8%81%98%E5%AD%A3%E2%80%9C%E9%87%91%E4%B8%89%E9%93%B6%E5%9B%9B%E2%80%9D%E4%BC%9A%E7%81%AB%E7%88%86%E5%90%97%EF%BC%9F&sa=fyb_news&rsv_dl=fyb_news', '2023-03-04 21:59:01', '2023-03-04 21:59:01', '2023-03-04 21:59:01', 2, NULL);
INSERT INTO `headline_news` VALUES ('67e0cc8b9cba4eeeb6aec3db7f54bdf6', '殴打迪士尼工作人员男子被行拘5日', '', 'https://fyb-1.cdn.bcebos.com/fyb/de6163834f53ca92c1273fff98ac9078.jpeg', '百度', 'https://www.baidu.com/s?wd=%E6%AE%B4%E6%89%93%E8%BF%AA%E5%A3%AB%E5%B0%BC%E5%B7%A5%E4%BD%9C%E4%BA%BA%E5%91%98%E7%94%B7%E5%AD%90%E8%A2%AB%E8%A1%8C%E6%8B%985%E6%97%A5&sa=fyb_news&rsv_dl=fyb_news', '2023-04-21 07:51:14', '2023-04-21 07:51:14', '2023-04-21 07:51:14', 2, NULL);
INSERT INTO `headline_news` VALUES ('67f8f945ca2c47f78dc6251bd2d0dd84', '男子回应大学4年赚100多万', '', 'https://fyb-1.cdn.bcebos.com/fyb/de6163834f53ca92c1273fff98ac9078.jpeg', '百度', 'https://www.baidu.com/s?wd=%E7%94%B7%E5%AD%90%E5%9B%9E%E5%BA%94%E5%A4%A7%E5%AD%A64%E5%B9%B4%E8%B5%9A100%E5%A4%9A%E4%B8%87&sa=fyb_news&rsv_dl=fyb_news', '2023-03-04 21:54:01', '2023-03-04 21:54:01', '2023-03-04 21:54:01', 2, NULL);
INSERT INTO `headline_news` VALUES ('6812f580a3994372b486528d17ac07a2', '方舱将改酒店？淄博多部门回应', '近日，网传淄博正研究将空置方舱医院改为民宿酒店。19日，淄博市卫健、商务、文旅系统回应称，没有听说过改造方舱给游客住的方案，游客不适合住方舱。', 'https://fyb-2.cdn.bcebos.com/hotboard_image/b63afa46bc1eea465335adfeeaeb21ed', '百度', 'https://www.baidu.com/s?wd=%E6%96%B9%E8%88%B1%E5%B0%86%E6%94%B9%E9%85%92%E5%BA%97%EF%BC%9F%E6%B7%84%E5%8D%9A%E5%A4%9A%E9%83%A8%E9%97%A8%E5%9B%9E%E5%BA%94&sa=fyb_news&rsv_dl=fyb_news', '2023-04-20 00:59:06', '2023-04-20 00:59:06', '2023-04-20 00:59:06', 2, NULL);
INSERT INTO `headline_news` VALUES ('6892b60349b3434196df758d35cd213e', '中国和洪都拉斯建交公报', '26日，中国同洪都拉斯签署《中华人民共和国和洪都拉斯共和国关于建立外交关系的联合公报》。两国决定自公报签署之日起相互承认并建立大使级外交关系。', 'https://fyb-2.cdn.bcebos.com/hotboard_image/1d3f02e25afa9137d251b53b6a261332', '百度', 'https://www.baidu.com/s?wd=%E4%B8%AD%E5%9B%BD%E5%92%8C%E6%B4%AA%E9%83%BD%E6%8B%89%E6%96%AF%E5%BB%BA%E4%BA%A4%E5%85%AC%E6%8A%A5&sa=fyb_news&rsv_dl=fyb_news', '2023-03-26 17:52:01', '2023-03-26 17:52:01', '2023-03-26 17:52:01', 2, NULL);
INSERT INTO `headline_news` VALUES ('6893213b522b4b108aa58defe41adc10', '澳洲纸板无人机投入乌克兰战场', '', 'https://fyb-1.cdn.bcebos.com/fyb/de6163834f53ca92c1273fff98ac9078.jpeg', '百度', 'https://www.baidu.com/s?wd=%E6%BE%B3%E6%B4%B2%E7%BA%B8%E6%9D%BF%E6%97%A0%E4%BA%BA%E6%9C%BA%E6%8A%95%E5%85%A5%E4%B9%8C%E5%85%8B%E5%85%B0%E6%88%98%E5%9C%BA&sa=fyb_news&rsv_dl=fyb_news', '2023-03-04 21:54:01', '2023-03-04 21:54:01', '2023-03-04 21:54:01', 2, NULL);
INSERT INTO `headline_news` VALUES ('68e9c37e3a07469db4816ad9b63d9460', '专家建议去西双版纳买房', '4月21日，媒体对话中房集团原董事长、汇力基金董事长孟晓苏。孟晓苏表示，如果有闲钱建议去旅游度假的地方买房，不光能住还能保值和增值。', 'https://fyb-2.cdn.bcebos.com/hotboard_image/c2d8c76c4853e61edb369a89263cd337', '百度', 'https://www.baidu.com/s?wd=%E4%B8%93%E5%AE%B6%E5%BB%BA%E8%AE%AE%E5%8E%BB%E8%A5%BF%E5%8F%8C%E7%89%88%E7%BA%B3%E4%B9%B0%E6%88%BF&sa=fyb_news&rsv_dl=fyb_news', '2023-04-21 17:03:05', '2023-04-21 17:03:05', '2023-04-21 17:03:05', 2, NULL);
INSERT INTO `headline_news` VALUES ('68fa988086c849158fbdd947060357e1', '张颂文走红毯好忙', '4月21日，第十三届北京国际电影节红毯仪式在雁栖湖国际会展中心举行。张颂文出席红毯，低调走在最后，张颂文此次以评委身份现身北影节。', 'https://fyb-2.cdn.bcebos.com/hotboard_image/ec86987fcadef8050c14eb22dba686c5', '百度', 'https://www.baidu.com/s?wd=%E5%BC%A0%E9%A2%82%E6%96%87%E8%B5%B0%E7%BA%A2%E6%AF%AF%E5%A5%BD%E5%BF%99&sa=fyb_news&rsv_dl=fyb_news', '2023-04-21 19:56:04', '2023-04-21 19:56:04', '2023-04-21 19:56:04', 2, NULL);
INSERT INTO `headline_news` VALUES ('694b4604bacf41e6b1f2b7d33e1d0ce9', '好丽友漏税22万被罚12万', '近日，好丽友食品有限公司因进口货物商品编号申报不实，影响国家税款征收，被天津海关罚款12.25万元。当事人漏缴税款人民币22.28万余元。', 'https://fyb-2.cdn.bcebos.com/hotboard_image/b709802405f5d477f8bb95d80425ab4a', '百度', 'https://www.baidu.com/s?wd=%E5%A5%BD%E4%B8%BD%E5%8F%8B%E6%BC%8F%E7%A8%8E22%E4%B8%87%E8%A2%AB%E7%BD%9A12%E4%B8%87&sa=fyb_news&rsv_dl=fyb_news', '2023-03-27 15:44:01', '2023-03-27 15:44:01', '2023-03-27 15:44:01', 2, NULL);
INSERT INTO `headline_news` VALUES ('69535b2f94fc46ab8863c017817baf1e', '内蒙古煤矿坍塌相关人员已被控制', '', 'https://fyb-1.cdn.bcebos.com/fyb/de6163834f53ca92c1273fff98ac9078.jpeg', '百度', 'https://www.baidu.com/s?wd=%E5%86%85%E8%92%99%E5%8F%A4%E7%85%A4%E7%9F%BF%E5%9D%8D%E5%A1%8C%E7%9B%B8%E5%85%B3%E4%BA%BA%E5%91%98%E5%B7%B2%E8%A2%AB%E6%8E%A7%E5%88%B6&sa=fyb_news&rsv_dl=fyb_news', '2023-02-23 14:16:01', '2023-02-23 14:16:01', '2023-02-23 14:16:01', 2, NULL);
INSERT INTO `headline_news` VALUES ('69e3bae42d60449ab45f80c7096122db', '淄博鸭货店小哥回应因帅气走红', '', 'https://fyb-1.cdn.bcebos.com/fyb/de6163834f53ca92c1273fff98ac9078.jpeg', '百度', 'https://www.baidu.com/s?wd=%E6%B7%84%E5%8D%9A%E9%B8%AD%E8%B4%A7%E5%BA%97%E5%B0%8F%E5%93%A5%E5%9B%9E%E5%BA%94%E5%9B%A0%E5%B8%85%E6%B0%94%E8%B5%B0%E7%BA%A2&sa=fyb_news&rsv_dl=fyb_news', '2023-04-22 15:42:05', '2023-04-22 15:42:05', '2023-04-22 15:42:05', 2, NULL);
INSERT INTO `headline_news` VALUES ('6a3b64ac0c3d4f48b299df1411d285e8', '刘雯重返时装周首秀', '时隔三年，刘雯重返国际时装周，首秀即为顶级大牌PRADA担任闭场模特。', 'https://fyb-2.cdn.bcebos.com/hotboard_image/fd2ddabcf1a8fb218fbfc042fd805156', '百度', 'https://www.baidu.com/s?wd=%E5%88%98%E9%9B%AF%E9%87%8D%E8%BF%94%E6%97%B6%E8%A3%85%E5%91%A8%E9%A6%96%E7%A7%80&sa=fyb_news&rsv_dl=fyb_news', '2023-02-24 13:19:01', '2023-02-24 13:19:01', '2023-02-24 13:19:01', 2, NULL);
INSERT INTO `headline_news` VALUES ('6a87cffe1bef430795c9cd15d340f7bd', 'SpaceX星舰发射', '据报道，美国民营火箭公司SpaceX计划在北京时间21:28至22:30尝试发射“星舰”。据悉这是有史以来动力最强劲的火箭。', 'https://fyb-2.cdn.bcebos.com/hotboard_image/452833b24406429ced423519eb8f8e81', '百度', 'https://www.baidu.com/s?wd=SpaceX%E6%98%9F%E8%88%B0%E5%8F%91%E5%B0%84&sa=fyb_news&rsv_dl=fyb_news', '2023-04-20 21:39:20', '2023-04-20 21:39:20', '2023-04-20 21:39:20', 2, NULL);
INSERT INTO `headline_news` VALUES ('6aa9e8c2d4c44915a4484049fcdb98ff', '日本为何宣布“多了7000个小岛”', '近日，日本国土地理院公布的最新岛屿数量多出7000多个。政府官员解释说，由于测量技术的发展，包括航空照片分辨率的提高，使得岛屿数量多了一倍。', 'https://fyb-2.cdn.bcebos.com/hotboard_image/405c32f9dcdcdd2bc9ddf110683c38ab', '百度', 'https://www.baidu.com/s?wd=%E6%97%A5%E6%9C%AC%E4%B8%BA%E4%BD%95%E5%AE%A3%E5%B8%83%E2%80%9C%E5%A4%9A%E4%BA%867000%E4%B8%AA%E5%B0%8F%E5%B2%9B%E2%80%9D&sa=fyb_news&rsv_dl=fyb_news', '2023-03-04 21:54:01', '2023-03-04 21:54:01', '2023-03-04 21:54:01', 2, NULL);
INSERT INTO `headline_news` VALUES ('6ae95545b0dd41559b198768410fec31', '官方明确烂尾楼优先退购房款', '', 'https://fyb-1.cdn.bcebos.com/fyb/de6163834f53ca92c1273fff98ac9078.jpeg', '百度', 'https://www.baidu.com/s?wd=%E5%AE%98%E6%96%B9%E6%98%8E%E7%A1%AE%E7%83%82%E5%B0%BE%E6%A5%BC%E4%BC%98%E5%85%88%E9%80%80%E8%B4%AD%E6%88%BF%E6%AC%BE&sa=fyb_news&rsv_dl=fyb_news', '2023-04-22 17:47:06', '2023-04-22 17:47:06', '2023-04-22 17:47:06', 2, NULL);
INSERT INTO `headline_news` VALUES ('6af321f4fc4844ceb6390b7327f641ae', '老人推倒摩托后去世 继承人被起诉', '2022年6月，上海的陈先生停放在小区的摩托车被一位老人故意推倒损坏，后涉事老人于2023年1月24日去世。车主陈先生称，已正式对其继承人发起民事诉讼。', 'https://fyb-2.cdn.bcebos.com/hotboard_image/21fb95b283a16774d654e51e33d2a3c9', '百度', 'https://www.baidu.com/s?wd=%E8%80%81%E4%BA%BA%E6%8E%A8%E5%80%92%E6%91%A9%E6%89%98%E5%90%8E%E5%8E%BB%E4%B8%96+%E7%BB%A7%E6%89%BF%E4%BA%BA%E8%A2%AB%E8%B5%B7%E8%AF%89&sa=fyb_news&rsv_dl=fyb_news', '2023-02-24 13:11:01', '2023-02-24 13:11:01', '2023-02-24 13:11:01', 2, NULL);
INSERT INTO `headline_news` VALUES ('6b64067531484a4082b3d24d3233d78f', '女子晚交7天房租被扣3500元', '近日，吕女士向民生现场栏目反映，她与两名室友通过北京冉晟物业管理有限公司在通州紫运南里租了一套房子，因晚交7天租金，被罚了3500元滞纳金。', 'https://fyb-2.cdn.bcebos.com/hotboard_image/f67161a67f713002075aa5d8b8851319', '百度', 'https://www.baidu.com/s?wd=%E5%A5%B3%E5%AD%90%E6%99%9A%E4%BA%A47%E5%A4%A9%E6%88%BF%E7%A7%9F%E8%A2%AB%E6%89%A33500%E5%85%83&sa=fyb_news&rsv_dl=fyb_news', '2023-04-23 10:13:16', '2023-04-23 10:13:16', '2023-04-23 10:13:16', 2, NULL);
INSERT INTO `headline_news` VALUES ('6c2b3d50455e45d9bf2f3b2a13fce945', '今年全球或迎史上最热夏天', '数据显示，阔别了三年的“厄尔尼诺”现象很可能将在今年卷土重来，这种迹象表明人们有可能在今年迎来历史上最热的一个夏天。', 'https://fyb-2.cdn.bcebos.com/hotboard_image/e002b3625af0e6053ae8b6de998f7896', '百度', 'https://www.baidu.com/s?wd=%E4%BB%8A%E5%B9%B4%E5%85%A8%E7%90%83%E6%88%96%E8%BF%8E%E5%8F%B2%E4%B8%8A%E6%9C%80%E7%83%AD%E5%A4%8F%E5%A4%A9&sa=fyb_news&rsv_dl=fyb_news', '2023-04-22 18:44:07', '2023-04-22 18:44:07', '2023-04-22 18:44:07', 2, NULL);
INSERT INTO `headline_news` VALUES ('6c7dafcffa754bd980db892574eb7d1f', '泽连斯基称愿与中方就俄乌冲突对话', '当地时间2月23日，泽连斯基与到访的西班牙首相桑切斯举行会晤，并在会后召开新闻发布会。泽连斯基表示，乌克兰愿意与中方就俄乌冲突展开对话。', 'https://fyb-2.cdn.bcebos.com/hotboard_image/ca680989fe4d608eff2047a35bb374a7', '百度', 'https://www.baidu.com/s?wd=%E6%B3%BD%E8%BF%9E%E6%96%AF%E5%9F%BA%E7%A7%B0%E6%84%BF%E4%B8%8E%E4%B8%AD%E6%96%B9%E5%B0%B1%E4%BF%84%E4%B9%8C%E5%86%B2%E7%AA%81%E5%AF%B9%E8%AF%9D&sa=fyb_news&rsv_dl=fyb_news', '2023-02-24 13:28:01', '2023-02-24 13:28:01', '2023-02-24 13:28:01', 2, NULL);
INSERT INTO `headline_news` VALUES ('6d0bb72d035b4ec6bcf443e532d844cd', '全国多地现“三星连珠”天象', '', 'https://fyb-1.cdn.bcebos.com/fyb/de6163834f53ca92c1273fff98ac9078.jpeg', '百度', 'https://www.baidu.com/s?wd=%E5%85%A8%E5%9B%BD%E5%A4%9A%E5%9C%B0%E7%8E%B0%E2%80%9C%E4%B8%89%E6%98%9F%E8%BF%9E%E7%8F%A0%E2%80%9D%E5%A4%A9%E8%B1%A1&sa=fyb_news&rsv_dl=fyb_news', '2023-02-24 15:55:01', '2023-02-24 15:55:01', '2023-02-24 15:55:01', 2, NULL);
INSERT INTO `headline_news` VALUES ('6d247d1e9eee400998be837abe696deb', '外媒对比普京见王毅与见马克龙区别', '', 'https://fyb-1.cdn.bcebos.com/fyb/de6163834f53ca92c1273fff98ac9078.jpeg', '百度', 'https://www.baidu.com/s?wd=%E5%A4%96%E5%AA%92%E5%AF%B9%E6%AF%94%E6%99%AE%E4%BA%AC%E8%A7%81%E7%8E%8B%E6%AF%85%E4%B8%8E%E8%A7%81%E9%A9%AC%E5%85%8B%E9%BE%99%E5%8C%BA%E5%88%AB&sa=fyb_news&rsv_dl=fyb_news', '2023-02-23 15:34:01', '2023-02-23 15:34:01', '2023-02-23 15:34:01', 2, NULL);
INSERT INTO `headline_news` VALUES ('6d249630ea2047f8bca6584dca6b751e', '新疆震感现场：居民家植物衣架摇晃', '2月23日8时37分，塔吉克斯坦发生7.2级地震。新疆多地有震感，当地居民家中吊灯、植物、衣架持续摇晃。', 'https://fyb-2.cdn.bcebos.com/hotboard_image/03ff90740faa34d23146713db3e36a0d', '百度', 'https://www.baidu.com/s?wd=%E6%96%B0%E7%96%86%E9%9C%87%E6%84%9F%E7%8E%B0%E5%9C%BA%EF%BC%9A%E5%B1%85%E6%B0%91%E5%AE%B6%E6%A4%8D%E7%89%A9%E8%A1%A3%E6%9E%B6%E6%91%87%E6%99%83&sa=fyb_news&rsv_dl=fyb_news', '2023-02-23 11:13:01', '2023-02-23 11:13:01', '2023-02-23 11:13:01', 2, NULL);
INSERT INTO `headline_news` VALUES ('6d3c30f3b2604a5b9a732194c66dab58', '招商、安信两大券商集体降薪', '', 'https://fyb-1.cdn.bcebos.com/fyb/de6163834f53ca92c1273fff98ac9078.jpeg', '百度', 'https://www.baidu.com/s?wd=%E6%8B%9B%E5%95%86%E3%80%81%E5%AE%89%E4%BF%A1%E4%B8%A4%E5%A4%A7%E5%88%B8%E5%95%86%E9%9B%86%E4%BD%93%E9%99%8D%E8%96%AA&sa=fyb_news&rsv_dl=fyb_news', '2023-03-27 15:44:01', '2023-03-27 15:44:01', '2023-03-27 15:44:01', 2, NULL);
INSERT INTO `headline_news` VALUES ('6d9434c90eeb4255800a022840867aff', '男子坐飞机和妈祖邻座', '', 'https://fyb-1.cdn.bcebos.com/fyb/de6163834f53ca92c1273fff98ac9078.jpeg', '百度', 'https://www.baidu.com/s?wd=%E7%94%B7%E5%AD%90%E5%9D%90%E9%A3%9E%E6%9C%BA%E5%92%8C%E5%A6%88%E7%A5%96%E9%82%BB%E5%BA%A7&sa=fyb_news&rsv_dl=fyb_news', '2023-04-22 12:24:01', '2023-04-22 12:24:01', '2023-04-22 12:24:01', 2, NULL);
INSERT INTO `headline_news` VALUES ('6e556f8ca9dc43c98df207aa664bfbc9', '指环王将拍新电影', '', 'https://fyb-1.cdn.bcebos.com/fyb/de6163834f53ca92c1273fff98ac9078.jpeg', '百度', 'https://www.baidu.com/s?wd=%E6%8C%87%E7%8E%AF%E7%8E%8B%E5%B0%86%E6%8B%8D%E6%96%B0%E7%94%B5%E5%BD%B1&sa=fyb_news&rsv_dl=fyb_news', '2023-02-24 13:19:01', '2023-02-24 13:19:01', '2023-02-24 13:19:01', 2, NULL);
INSERT INTO `headline_news` VALUES ('6e6e90c593d74f53a5d6327a56af6c9e', '原来兵马俑每天都在挖', '', 'https://fyb-1.cdn.bcebos.com/fyb/de6163834f53ca92c1273fff98ac9078.jpeg', '百度', 'https://www.baidu.com/s?wd=%E5%8E%9F%E6%9D%A5%E5%85%B5%E9%A9%AC%E4%BF%91%E6%AF%8F%E5%A4%A9%E9%83%BD%E5%9C%A8%E6%8C%96&sa=fyb_news&rsv_dl=fyb_news', '2023-04-21 14:17:12', '2023-04-21 14:17:12', '2023-04-21 14:17:12', 2, NULL);
INSERT INTO `headline_news` VALUES ('6e71223013cf4b2a9f59a5ffb799ae5c', '工人日报评摆拍式慈善', '', 'https://fyb-1.cdn.bcebos.com/fyb/de6163834f53ca92c1273fff98ac9078.jpeg', '百度', 'https://www.baidu.com/s?wd=%E5%B7%A5%E4%BA%BA%E6%97%A5%E6%8A%A5%E8%AF%84%E6%91%86%E6%8B%8D%E5%BC%8F%E6%85%88%E5%96%84&sa=fyb_news&rsv_dl=fyb_news', '2023-02-23 15:09:01', '2023-02-23 15:09:01', '2023-02-23 15:09:01', 2, NULL);
INSERT INTO `headline_news` VALUES ('6eb4391badc843cbbbe056bfc4f93ab1', '女子举报丈夫与公职人员同居生女', '', 'https://fyb-1.cdn.bcebos.com/fyb/de6163834f53ca92c1273fff98ac9078.jpeg', '百度', 'https://www.baidu.com/s?wd=%E5%A5%B3%E5%AD%90%E4%B8%BE%E6%8A%A5%E4%B8%88%E5%A4%AB%E4%B8%8E%E5%85%AC%E8%81%8C%E4%BA%BA%E5%91%98%E5%90%8C%E5%B1%85%E7%94%9F%E5%A5%B3&sa=fyb_news&rsv_dl=fyb_news', '2023-02-23 15:35:01', '2023-02-23 15:35:01', '2023-02-23 15:35:01', 2, NULL);
INSERT INTO `headline_news` VALUES ('6f12d6c11a86470cb8c82d0ebfd27ee6', '白俄罗斯宣布调动一支导弹部队', '', 'https://fyb-1.cdn.bcebos.com/fyb/de6163834f53ca92c1273fff98ac9078.jpeg', '百度', 'https://www.baidu.com/s?wd=%E7%99%BD%E4%BF%84%E7%BD%97%E6%96%AF%E5%AE%A3%E5%B8%83%E8%B0%83%E5%8A%A8%E4%B8%80%E6%94%AF%E5%AF%BC%E5%BC%B9%E9%83%A8%E9%98%9F&sa=fyb_news&rsv_dl=fyb_news', '2023-02-25 13:23:01', '2023-02-25 13:23:01', '2023-02-25 13:23:01', 2, NULL);
INSERT INTO `headline_news` VALUES ('6f13b97cf4ef46c1bdedd99ab5a632cc', '丈夫出轨 妻子提离婚被要求还彩礼', '', 'https://fyb-1.cdn.bcebos.com/fyb/de6163834f53ca92c1273fff98ac9078.jpeg', '百度', 'https://www.baidu.com/s?wd=%E4%B8%88%E5%A4%AB%E5%87%BA%E8%BD%A8+%E5%A6%BB%E5%AD%90%E6%8F%90%E7%A6%BB%E5%A9%9A%E8%A2%AB%E8%A6%81%E6%B1%82%E8%BF%98%E5%BD%A9%E7%A4%BC&sa=fyb_news&rsv_dl=fyb_news', '2023-04-22 10:19:13', '2023-04-22 10:19:13', '2023-04-22 10:19:13', 2, NULL);
INSERT INTO `headline_news` VALUES ('6f155330d4cb4bd39807a3950a3d3d68', '甘肃将为兰州牛肉拉面立法', '', 'https://fyb-1.cdn.bcebos.com/fyb/de6163834f53ca92c1273fff98ac9078.jpeg', '百度', 'https://www.baidu.com/s?wd=%E7%94%98%E8%82%83%E5%B0%86%E4%B8%BA%E5%85%B0%E5%B7%9E%E7%89%9B%E8%82%89%E6%8B%89%E9%9D%A2%E7%AB%8B%E6%B3%95&sa=fyb_news&rsv_dl=fyb_news', '2023-03-27 11:30:01', '2023-03-27 11:30:01', '2023-03-27 11:30:01', 2, NULL);
INSERT INTO `headline_news` VALUES ('6f2babe984534840beaf49285b01a34b', '感动中国2022年度人物揭晓', '《感动中国2022年度人物颁奖盛典》年度人物揭晓，他们是：钱七虎、邓小岚、杨宁、沈忠芳、徐淙祥、“银发知播”群体、徐梦桃、陈清泉、陆鸿、林占熺。', 'https://fyb-2.cdn.bcebos.com/hotboard_image/af7eceb6f42b0d0260380a118a262766', '百度', 'https://www.baidu.com/s?wd=%E6%84%9F%E5%8A%A8%E4%B8%AD%E5%9B%BD2022%E5%B9%B4%E5%BA%A6%E4%BA%BA%E7%89%A9%E6%8F%AD%E6%99%93&sa=fyb_news&rsv_dl=fyb_news', '2023-03-05 09:59:01', '2023-03-05 09:59:01', '2023-03-05 09:59:01', 2, NULL);
INSERT INTO `headline_news` VALUES ('6fe09620a1c54eff9a411a52f93d404d', '华西二院回应女厕有代孕广告', '', 'https://fyb-1.cdn.bcebos.com/fyb/de6163834f53ca92c1273fff98ac9078.jpeg', '百度', 'https://www.baidu.com/s?wd=%E5%8D%8E%E8%A5%BF%E4%BA%8C%E9%99%A2%E5%9B%9E%E5%BA%94%E5%A5%B3%E5%8E%95%E6%9C%89%E4%BB%A3%E5%AD%95%E5%B9%BF%E5%91%8A&sa=fyb_news&rsv_dl=fyb_news', '2023-02-25 13:54:01', '2023-02-25 13:54:01', '2023-02-25 13:54:01', 2, NULL);
INSERT INTO `headline_news` VALUES ('6ffbff0b2a9a447ea39942198b89b08a', '网友自费买冰淇淋去车展现场发', '近日，宝马MINI上海车展冰激凌事件持续发酵，有群众自发购买冰激凌前往现场，并喊着“中国人免费领”。', 'https://fyb-2.cdn.bcebos.com/hotboard_image/62de2b379a7d2ff7aa3c56bbdcf9ef3a', '百度', 'https://www.baidu.com/s?wd=%E7%BD%91%E5%8F%8B%E8%87%AA%E8%B4%B9%E4%B9%B0%E5%86%B0%E6%B7%87%E6%B7%8B%E5%8E%BB%E8%BD%A6%E5%B1%95%E7%8E%B0%E5%9C%BA%E5%8F%91&sa=fyb_news&rsv_dl=fyb_news', '2023-04-21 11:32:39', '2023-04-21 11:32:39', '2023-04-21 11:32:39', 2, NULL);
INSERT INTO `headline_news` VALUES ('70e958933b9d451bb06ecd35fd3b4382', '宝马mini就冰淇淋事件道歉', '', 'https://fyb-1.cdn.bcebos.com/fyb/de6163834f53ca92c1273fff98ac9078.jpeg', '百度', 'https://www.baidu.com/s?wd=%E5%AE%9D%E9%A9%ACmini%E5%B0%B1%E5%86%B0%E6%B7%87%E6%B7%8B%E4%BA%8B%E4%BB%B6%E9%81%93%E6%AD%89&sa=fyb_news&rsv_dl=fyb_news', '2023-04-20 14:28:15', '2023-04-20 14:28:15', '2023-04-20 14:28:15', 2, NULL);
INSERT INTO `headline_news` VALUES ('71045a24547b4fe788b67cd297f277be', '俄乌总统先后到访前线 释放什么信号', '近日，俄总统普京访问了赫尔松和卢甘斯克地区，泽连斯基视察了乌军在阿夫杰耶夫卡的前沿阵地，俄乌总统先后到访前线，释放重要信号。', 'https://fyb-2.cdn.bcebos.com/hotboard_image/905d5f28369ad18340d3beefe1722324', '百度', 'https://www.baidu.com/s?wd=%E4%BF%84%E4%B9%8C%E6%80%BB%E7%BB%9F%E5%85%88%E5%90%8E%E5%88%B0%E8%AE%BF%E5%89%8D%E7%BA%BF+%E9%87%8A%E6%94%BE%E4%BB%80%E4%B9%88%E4%BF%A1%E5%8F%B7&sa=fyb_news&rsv_dl=fyb_news', '2023-04-20 05:34:00', '2023-04-20 05:34:00', '2023-04-20 05:34:00', 2, NULL);
INSERT INTO `headline_news` VALUES ('71b9a8f0501442009488d71299b9afc5', '全国人大代表建议甲骨文数字化', '', 'https://fyb-1.cdn.bcebos.com/fyb/de6163834f53ca92c1273fff98ac9078.jpeg', '百度', 'https://www.baidu.com/s?wd=%E5%85%A8%E5%9B%BD%E4%BA%BA%E5%A4%A7%E4%BB%A3%E8%A1%A8%E5%BB%BA%E8%AE%AE%E7%94%B2%E9%AA%A8%E6%96%87%E6%95%B0%E5%AD%97%E5%8C%96&sa=fyb_news&rsv_dl=fyb_news', '2023-03-04 22:09:02', '2023-03-04 22:09:02', '2023-03-04 22:09:02', 2, NULL);
INSERT INTO `headline_news` VALUES ('71f904f3153648af812a9f5b755320dc', '吴昕李维嘉同框', '吴昕、李维嘉同框了，合体参加综艺的路透照片引起了网友的热议，这是快本停播后第一次一起录，有网友表示怎么感觉他俩越来越像了。', 'https://fyb-2.cdn.bcebos.com/hotboard_image/17da3c1f623ed937756b263e518633b3', '百度', 'https://www.baidu.com/s?wd=%E5%90%B4%E6%98%95%E6%9D%8E%E7%BB%B4%E5%98%89%E5%90%8C%E6%A1%86&sa=fyb_news&rsv_dl=fyb_news', '2023-04-21 16:39:02', '2023-04-21 16:39:02', '2023-04-21 16:39:02', 2, NULL);
INSERT INTO `headline_news` VALUES ('725fefbc1ac143f0842035646c884589', '卫星图看俄乌冲突一周年五大变化', '俄乌冲突至今已持续一年，目前战况依旧胶着。俄乌冲突一周年，卫星图与数据看俄乌冲突五大变化。', 'https://fyb-2.cdn.bcebos.com/hotboard_image/e49f8fcac910a602300186a89936d6e3', '百度', 'https://www.baidu.com/s?wd=%E5%8D%AB%E6%98%9F%E5%9B%BE%E7%9C%8B%E4%BF%84%E4%B9%8C%E5%86%B2%E7%AA%81%E4%B8%80%E5%91%A8%E5%B9%B4%E4%BA%94%E5%A4%A7%E5%8F%98%E5%8C%96&sa=fyb_news&rsv_dl=fyb_news', '2023-02-24 13:14:01', '2023-02-24 13:14:01', '2023-02-24 13:14:01', 2, NULL);
INSERT INTO `headline_news` VALUES ('726c6980160a4767a457782bee9a2f0c', '委员建议建立肥胖治疗中国标准', '全国两会已拉开帷幕。今年，全国政协委员马秀珍带来了一份《建立肥胖治疗中国标准的建议》。她建议建立肥胖治疗中国标准，完善儿童肥胖管理和预防指南。', 'https://fyb-2.cdn.bcebos.com/hotboard_image/cb3243f16df5f372ee27f4ad8af78bad', '百度', 'https://www.baidu.com/s?wd=%E5%A7%94%E5%91%98%E5%BB%BA%E8%AE%AE%E5%BB%BA%E7%AB%8B%E8%82%A5%E8%83%96%E6%B2%BB%E7%96%97%E4%B8%AD%E5%9B%BD%E6%A0%87%E5%87%86&sa=fyb_news&rsv_dl=fyb_news', '2023-03-05 10:34:01', '2023-03-05 10:34:01', '2023-03-05 10:34:01', 2, NULL);
INSERT INTO `headline_news` VALUES ('7324f0ad7d1b446cba3ec20e39d5110e', '白俄罗斯总统卢卡申科将访华', '', 'https://fyb-1.cdn.bcebos.com/fyb/de6163834f53ca92c1273fff98ac9078.jpeg', '百度', 'https://www.baidu.com/s?wd=%E7%99%BD%E4%BF%84%E7%BD%97%E6%96%AF%E6%80%BB%E7%BB%9F%E5%8D%A2%E5%8D%A1%E7%94%B3%E7%A7%91%E5%B0%86%E8%AE%BF%E5%8D%8E&sa=fyb_news&rsv_dl=fyb_news', '2023-02-25 14:09:01', '2023-02-25 14:09:01', '2023-02-25 14:09:01', 2, NULL);
INSERT INTO `headline_news` VALUES ('736b611769ca407a889b080c597bb8bb', '李晨为“女生是累赘”言论道歉', '', 'https://fyb-1.cdn.bcebos.com/fyb/de6163834f53ca92c1273fff98ac9078.jpeg', '百度', 'https://www.baidu.com/s?wd=%E6%9D%8E%E6%99%A8%E4%B8%BA%E2%80%9C%E5%A5%B3%E7%94%9F%E6%98%AF%E7%B4%AF%E8%B5%98%E2%80%9D%E8%A8%80%E8%AE%BA%E9%81%93%E6%AD%89&sa=fyb_news&rsv_dl=fyb_news', '2023-04-22 07:20:02', '2023-04-22 07:20:02', '2023-04-22 07:20:02', 2, NULL);
INSERT INTO `headline_news` VALUES ('73ed8b3d8a1d414b9eef6523aeb2f7b0', '湖北巴东发现罕见瑞兽白麂', '', 'https://fyb-1.cdn.bcebos.com/fyb/de6163834f53ca92c1273fff98ac9078.jpeg', '百度', 'https://www.baidu.com/s?wd=%E6%B9%96%E5%8C%97%E5%B7%B4%E4%B8%9C%E5%8F%91%E7%8E%B0%E7%BD%95%E8%A7%81%E7%91%9E%E5%85%BD%E7%99%BD%E9%BA%82&sa=fyb_news&rsv_dl=fyb_news', '2023-04-20 07:46:04', '2023-04-20 07:46:04', '2023-04-20 07:46:04', 2, NULL);
INSERT INTO `headline_news` VALUES ('74033048912a4d5790bf8eccfa85dcd9', '《长月烬明》疑遭举报', '', 'https://fyb-1.cdn.bcebos.com/fyb/de6163834f53ca92c1273fff98ac9078.jpeg', '百度', 'https://www.baidu.com/s?wd=%E3%80%8A%E9%95%BF%E6%9C%88%E7%83%AC%E6%98%8E%E3%80%8B%E7%96%91%E9%81%AD%E4%B8%BE%E6%8A%A5&sa=fyb_news&rsv_dl=fyb_news', '2023-04-22 16:09:04', '2023-04-22 16:09:04', '2023-04-22 16:09:04', 2, NULL);
INSERT INTO `headline_news` VALUES ('7429d8e193c64f52aad7abb62627eeab', 'AI修复雷锋生前影像', '', 'https://fyb-1.cdn.bcebos.com/fyb/de6163834f53ca92c1273fff98ac9078.jpeg', '百度', 'https://www.baidu.com/s?wd=AI%E4%BF%AE%E5%A4%8D%E9%9B%B7%E9%94%8B%E7%94%9F%E5%89%8D%E5%BD%B1%E5%83%8F&sa=fyb_news&rsv_dl=fyb_news', '2023-03-05 09:59:01', '2023-03-05 09:59:01', '2023-03-05 09:59:01', 2, NULL);
INSERT INTO `headline_news` VALUES ('7430c33f3e784f17aaf291622f9d130d', 'O型血更招蚊子是谣言', '', 'https://fyb-1.cdn.bcebos.com/fyb/de6163834f53ca92c1273fff98ac9078.jpeg', '百度', 'https://www.baidu.com/s?wd=O%E5%9E%8B%E8%A1%80%E6%9B%B4%E6%8B%9B%E8%9A%8A%E5%AD%90%E6%98%AF%E8%B0%A3%E8%A8%80&sa=fyb_news&rsv_dl=fyb_news', '2023-03-27 11:14:00', '2023-03-27 11:14:00', '2023-03-27 11:14:00', 2, NULL);
INSERT INTO `headline_news` VALUES ('743a8cf7aeef4925814b8ce519a735ba', '代表建议完善急抢救药供应体系', '', 'https://fyb-1.cdn.bcebos.com/fyb/de6163834f53ca92c1273fff98ac9078.jpeg', '百度', 'https://www.baidu.com/s?wd=%E4%BB%A3%E8%A1%A8%E5%BB%BA%E8%AE%AE%E5%AE%8C%E5%96%84%E6%80%A5%E6%8A%A2%E6%95%91%E8%8D%AF%E4%BE%9B%E5%BA%94%E4%BD%93%E7%B3%BB&sa=fyb_news&rsv_dl=fyb_news', '2023-03-05 13:50:01', '2023-03-05 13:50:01', '2023-03-05 13:50:01', 2, NULL);
INSERT INTO `headline_news` VALUES ('74802b99ec6c4b608f6f1f6899fa9e2d', '王濛回应被起诉：双方合作已到期', '', 'https://fyb-1.cdn.bcebos.com/fyb/de6163834f53ca92c1273fff98ac9078.jpeg', '百度', 'https://www.baidu.com/s?wd=%E7%8E%8B%E6%BF%9B%E5%9B%9E%E5%BA%94%E8%A2%AB%E8%B5%B7%E8%AF%89%EF%BC%9A%E5%8F%8C%E6%96%B9%E5%90%88%E4%BD%9C%E5%B7%B2%E5%88%B0%E6%9C%9F&sa=fyb_news&rsv_dl=fyb_news', '2023-02-24 13:49:01', '2023-02-24 13:49:01', '2023-02-24 13:49:01', 2, NULL);
INSERT INTO `headline_news` VALUES ('74c8a70704aa4ceba5c524a0a82c17ca', '韩总统暗示向乌军援 俄方强硬表态', '', 'https://fyb-1.cdn.bcebos.com/fyb/de6163834f53ca92c1273fff98ac9078.jpeg', '百度', 'https://www.baidu.com/s?wd=%E9%9F%A9%E6%80%BB%E7%BB%9F%E6%9A%97%E7%A4%BA%E5%90%91%E4%B9%8C%E5%86%9B%E6%8F%B4+%E4%BF%84%E6%96%B9%E5%BC%BA%E7%A1%AC%E8%A1%A8%E6%80%81&sa=fyb_news&rsv_dl=fyb_news', '2023-04-20 11:09:03', '2023-04-20 11:09:03', '2023-04-20 11:09:03', 2, NULL);
INSERT INTO `headline_news` VALUES ('74ec51cc096c464e8ac937998f052172', '俄军战机炸弹意外坠落现场曝光', '', 'https://fyb-1.cdn.bcebos.com/fyb/de6163834f53ca92c1273fff98ac9078.jpeg', '百度', 'https://www.baidu.com/s?wd=%E4%BF%84%E5%86%9B%E6%88%98%E6%9C%BA%E7%82%B8%E5%BC%B9%E6%84%8F%E5%A4%96%E5%9D%A0%E8%90%BD%E7%8E%B0%E5%9C%BA%E6%9B%9D%E5%85%89&sa=fyb_news&rsv_dl=fyb_news', '2023-04-21 20:30:06', '2023-04-21 20:30:06', '2023-04-21 20:30:06', 2, NULL);
INSERT INTO `headline_news` VALUES ('7510da5c40494de0b1039497f984ea01', '中国红牛称被禁止生产销售系谣言', '23日早上，“中国红牛被禁止生产销售”上了多个网络平台热搜，中国红牛回应称：系虚假信息，是网络水军又一次大规模造谣引流、恶意抹黑中国红牛。', 'https://fyb-2.cdn.bcebos.com/hotboard_image/8d5780947c47e1a4f1980ea6e20cd070', '百度', 'https://www.baidu.com/s?wd=%E4%B8%AD%E5%9B%BD%E7%BA%A2%E7%89%9B%E7%A7%B0%E8%A2%AB%E7%A6%81%E6%AD%A2%E7%94%9F%E4%BA%A7%E9%94%80%E5%94%AE%E7%B3%BB%E8%B0%A3%E8%A8%80&sa=fyb_news&rsv_dl=fyb_news', '2023-04-23 13:04:06', '2023-04-23 13:04:06', '2023-04-23 13:04:06', 2, NULL);
INSERT INTO `headline_news` VALUES ('7523cc36a24949f5a8d915b0cce2d7ec', '女子酒驾被查自称是接吻造成', '', 'https://fyb-1.cdn.bcebos.com/fyb/de6163834f53ca92c1273fff98ac9078.jpeg', '百度', 'https://www.baidu.com/s?wd=%E5%A5%B3%E5%AD%90%E9%85%92%E9%A9%BE%E8%A2%AB%E6%9F%A5%E8%87%AA%E7%A7%B0%E6%98%AF%E6%8E%A5%E5%90%BB%E9%80%A0%E6%88%90&sa=fyb_news&rsv_dl=fyb_news', '2023-04-20 15:31:03', '2023-04-20 15:31:03', '2023-04-20 15:31:03', 2, NULL);
INSERT INTO `headline_news` VALUES ('7566175019d6492abc7bb58e9e4cf5ec', '新西兰在国足身上打破进球荒', '', 'https://fyb-1.cdn.bcebos.com/fyb/de6163834f53ca92c1273fff98ac9078.jpeg', '百度', 'https://www.baidu.com/s?wd=%E6%96%B0%E8%A5%BF%E5%85%B0%E5%9C%A8%E5%9B%BD%E8%B6%B3%E8%BA%AB%E4%B8%8A%E6%89%93%E7%A0%B4%E8%BF%9B%E7%90%83%E8%8D%92&sa=fyb_news&rsv_dl=fyb_news', '2023-03-26 18:24:00', '2023-03-26 18:24:00', '2023-03-26 18:24:00', 2, NULL);
INSERT INTO `headline_news` VALUES ('778750fc10f44951ae4d729d3064e788', '拜登称想给名字后加“斯基”', '', 'https://fyb-1.cdn.bcebos.com/fyb/de6163834f53ca92c1273fff98ac9078.jpeg', '百度', 'https://www.baidu.com/s?wd=%E6%8B%9C%E7%99%BB%E7%A7%B0%E6%83%B3%E7%BB%99%E5%90%8D%E5%AD%97%E5%90%8E%E5%8A%A0%E2%80%9C%E6%96%AF%E5%9F%BA%E2%80%9D&sa=fyb_news&rsv_dl=fyb_news', '2023-02-23 11:13:01', '2023-02-23 11:13:01', '2023-02-23 11:13:01', 2, NULL);
INSERT INTO `headline_news` VALUES ('78ced4ed3353464882d04a92c3086a53', '解放军2027年前攻台？国防部回应', '23日，国防部举行例行记者会。关于记者提问的“解放军2027年前攻台”，谭克非大校称，台湾是中国的台湾，解决台湾问题是中国人自己的事。', 'https://fyb-2.cdn.bcebos.com/hotboard_image/1eb10a66a2d4eada032947889cbdb120', '百度', 'https://www.baidu.com/s?wd=%E8%A7%A3%E6%94%BE%E5%86%9B2027%E5%B9%B4%E5%89%8D%E6%94%BB%E5%8F%B0%EF%BC%9F%E5%9B%BD%E9%98%B2%E9%83%A8%E5%9B%9E%E5%BA%94&sa=fyb_news&rsv_dl=fyb_news', '2023-02-24 13:11:01', '2023-02-24 13:11:01', '2023-02-24 13:11:01', 2, NULL);
INSERT INTO `headline_news` VALUES ('7996492d47234f1cbd5bbaf81e75d1c1', '世界讨厌香菜日', '对于一部分人来说，今天是一个值得庆祝的节日——世界讨厌香菜日。面对美食，有的人少了香菜觉得不够味道，而另一群人只想说：不要香菜！', 'https://fyb-2.cdn.bcebos.com/hotboard_image/72b212d8c9a1aad9b3df243ae9e4a502', '百度', 'https://www.baidu.com/s?wd=%E4%B8%96%E7%95%8C%E8%AE%A8%E5%8E%8C%E9%A6%99%E8%8F%9C%E6%97%A5&sa=fyb_news&rsv_dl=fyb_news', '2023-02-24 13:11:01', '2023-02-24 13:11:01', '2023-02-24 13:11:01', 2, NULL);
INSERT INTO `headline_news` VALUES ('79ca3b4508ad4a98ab70e6087a73674d', '“我最大的爱好就是读书”', '“我最大的爱好就是读书，我想这是一个终身的爱好。”世界读书日到来之际，听习近平总书记讲述他的读书故事。', 'https://fyb-2.cdn.bcebos.com/hotboard_image/a43e7620e12f15d5ce47635ff7c50fda', '百度', 'https://www.baidu.com/s?wd=%E2%80%9C%E6%88%91%E6%9C%80%E5%A4%A7%E7%9A%84%E7%88%B1%E5%A5%BD%E5%B0%B1%E6%98%AF%E8%AF%BB%E4%B9%A6%E2%80%9D&sa=fyb_news&rsv_dl=fyb_news', '2023-04-23 16:58:14', '2023-04-23 16:58:14', '2023-04-23 16:58:14', 2, NULL);
INSERT INTO `headline_news` VALUES ('7a75e389e66a447ca2c754006acdf67a', '灌篮高手上映首日票房破亿', '', 'https://fyb-1.cdn.bcebos.com/fyb/de6163834f53ca92c1273fff98ac9078.jpeg', '百度', 'https://www.baidu.com/s?wd=%E7%81%8C%E7%AF%AE%E9%AB%98%E6%89%8B%E4%B8%8A%E6%98%A0%E9%A6%96%E6%97%A5%E7%A5%A8%E6%88%BF%E7%A0%B4%E4%BA%BF&sa=fyb_news&rsv_dl=fyb_news', '2023-04-21 13:02:05', '2023-04-21 13:02:05', '2023-04-21 13:02:05', 2, NULL);
INSERT INTO `headline_news` VALUES ('7af0b0faa9aa45a3b8f827ebe9b1f143', '120调度员电话指导宝爸接生', '', 'https://fyb-1.cdn.bcebos.com/fyb/de6163834f53ca92c1273fff98ac9078.jpeg', '百度', 'https://www.baidu.com/s?wd=120%E8%B0%83%E5%BA%A6%E5%91%98%E7%94%B5%E8%AF%9D%E6%8C%87%E5%AF%BC%E5%AE%9D%E7%88%B8%E6%8E%A5%E7%94%9F&sa=fyb_news&rsv_dl=fyb_news', '2023-04-22 14:43:25', '2023-04-22 14:43:25', '2023-04-22 14:43:25', 2, NULL);
INSERT INTO `headline_news` VALUES ('7af0dc6a31bd497cada03379bce8b1f8', '90后成第一批出境游客主力军', '', 'https://fyb-1.cdn.bcebos.com/fyb/de6163834f53ca92c1273fff98ac9078.jpeg', '百度', 'https://www.baidu.com/s?wd=90%E5%90%8E%E6%88%90%E7%AC%AC%E4%B8%80%E6%89%B9%E5%87%BA%E5%A2%83%E6%B8%B8%E5%AE%A2%E4%B8%BB%E5%8A%9B%E5%86%9B&sa=fyb_news&rsv_dl=fyb_news', '2023-04-22 16:15:17', '2023-04-22 16:15:17', '2023-04-22 16:15:17', 2, NULL);
INSERT INTO `headline_news` VALUES ('7b20f774a189448c92d98d992fd40c79', '数读乌克兰危机：西方军援升级', '', 'https://fyb-1.cdn.bcebos.com/fyb/de6163834f53ca92c1273fff98ac9078.jpeg', '百度', 'https://www.baidu.com/s?wd=%E6%95%B0%E8%AF%BB%E4%B9%8C%E5%85%8B%E5%85%B0%E5%8D%B1%E6%9C%BA%EF%BC%9A%E8%A5%BF%E6%96%B9%E5%86%9B%E6%8F%B4%E5%8D%87%E7%BA%A7&sa=fyb_news&rsv_dl=fyb_news', '2023-02-25 14:19:01', '2023-02-25 14:19:01', '2023-02-25 14:19:01', 2, NULL);
INSERT INTO `headline_news` VALUES ('7b23bf6bffc449ab92c9f8021c69ddad', '工作群发不雅信息涉事人交谈视频', '近日，网传某官员疑似在某工作群中发布不雅消息。而于2月21日晚，除了之前曝光的一段文字信息外，还有一段长达6分40秒车载视频也被曝光。', 'https://fyb-2.cdn.bcebos.com/hotboard_image/5ca4c6384bd71092d3b3640470e8a93f', '百度', 'https://www.baidu.com/s?wd=%E5%B7%A5%E4%BD%9C%E7%BE%A4%E5%8F%91%E4%B8%8D%E9%9B%85%E4%BF%A1%E6%81%AF%E6%B6%89%E4%BA%8B%E4%BA%BA%E4%BA%A4%E8%B0%88%E8%A7%86%E9%A2%91&sa=fyb_news&rsv_dl=fyb_news', '2023-02-23 11:58:01', '2023-02-23 11:58:01', '2023-02-23 11:58:01', 2, NULL);
INSERT INTO `headline_news` VALUES ('7bc5d33e20f44b58810e25b906a62f60', '警方:31岁男子涉嫌强奸前女友被刑拘', '', 'https://fyb-1.cdn.bcebos.com/fyb/de6163834f53ca92c1273fff98ac9078.jpeg', '百度', 'https://www.baidu.com/s?wd=%E8%AD%A6%E6%96%B9%3A31%E5%B2%81%E7%94%B7%E5%AD%90%E6%B6%89%E5%AB%8C%E5%BC%BA%E5%A5%B8%E5%89%8D%E5%A5%B3%E5%8F%8B%E8%A2%AB%E5%88%91%E6%8B%98&sa=fyb_news&rsv_dl=fyb_news', '2023-03-27 10:14:01', '2023-03-27 10:14:01', '2023-03-27 10:14:01', 2, NULL);
INSERT INTO `headline_news` VALUES ('7beb20f0ee4445dfb9e9c076f0660e33', '男子杀害3名亲属后自首 警方通报', '4月19日，伊川县公安局发布警情通报：犯罪嫌疑人段某华（男，30岁）在家中将其亲属3人杀死，后投案自首。目前，案件正在进一步侦办中。', 'https://fyb-2.cdn.bcebos.com/hotboard_image/e81905aa9ac964eaa781ecbdd561b12a', '百度', 'https://www.baidu.com/s?wd=%E7%94%B7%E5%AD%90%E6%9D%80%E5%AE%B33%E5%90%8D%E4%BA%B2%E5%B1%9E%E5%90%8E%E8%87%AA%E9%A6%96+%E8%AD%A6%E6%96%B9%E9%80%9A%E6%8A%A5&sa=fyb_news&rsv_dl=fyb_news', '2023-04-20 00:59:06', '2023-04-20 00:59:06', '2023-04-20 00:59:06', 2, NULL);
INSERT INTO `headline_news` VALUES ('7c3e67d8c25346788f5ad863a4f62d46', '警方回应网传男子被交警踩脸', '', 'https://fyb-1.cdn.bcebos.com/fyb/de6163834f53ca92c1273fff98ac9078.jpeg', '百度', 'https://www.baidu.com/s?wd=%E8%AD%A6%E6%96%B9%E5%9B%9E%E5%BA%94%E7%BD%91%E4%BC%A0%E7%94%B7%E5%AD%90%E8%A2%AB%E4%BA%A4%E8%AD%A6%E8%B8%A9%E8%84%B8&sa=fyb_news&rsv_dl=fyb_news', '2023-02-24 17:10:06', '2023-02-24 17:10:06', '2023-02-24 17:10:06', 2, NULL);
INSERT INTO `headline_news` VALUES ('7c786f19576b41f087b40fe837db2caa', '开网约车被处分的副镇长有新职务', '近日，安徽省黄山市歙县王村镇原副镇长洪升的职务变动情况受到关注。2016年，洪升因在上班时间开网约车而受到行政警告处分。', 'https://fyb-2.cdn.bcebos.com/hotboard_image/80a155624c20dd737ef99ab5f94272f5', '百度', 'https://www.baidu.com/s?wd=%E5%BC%80%E7%BD%91%E7%BA%A6%E8%BD%A6%E8%A2%AB%E5%A4%84%E5%88%86%E7%9A%84%E5%89%AF%E9%95%87%E9%95%BF%E6%9C%89%E6%96%B0%E8%81%8C%E5%8A%A1&sa=fyb_news&rsv_dl=fyb_news', '2023-04-22 22:54:02', '2023-04-22 22:54:02', '2023-04-22 22:54:02', 2, NULL);
INSERT INTO `headline_news` VALUES ('7cb67b1b99954c14a25208df1eadb60a', '官方通报摊主被陌生人贴膏药后晕倒', '近日，网传柳州市柳江区一男子在市场被贴膏药后倒地的视频引发关注，现通报：李某因涉嫌销售“三无”产品，公安机关已依法移交相关部门处理。 ', 'https://fyb-2.cdn.bcebos.com/hotboard_image/8b1164f9841bd7b1ac20a1ff04e2d635', '百度', 'https://www.baidu.com/s?wd=%E5%AE%98%E6%96%B9%E9%80%9A%E6%8A%A5%E6%91%8A%E4%B8%BB%E8%A2%AB%E9%99%8C%E7%94%9F%E4%BA%BA%E8%B4%B4%E8%86%8F%E8%8D%AF%E5%90%8E%E6%99%95%E5%80%92&sa=fyb_news&rsv_dl=fyb_news', '2023-04-21 07:43:09', '2023-04-21 07:43:09', '2023-04-21 07:43:09', 2, NULL);
INSERT INTO `headline_news` VALUES ('7cd6ac11065c4b5481daf58a1d1fdb37', '阿不都全明星MVP', '', 'https://fyb-1.cdn.bcebos.com/fyb/de6163834f53ca92c1273fff98ac9078.jpeg', '百度', 'https://www.baidu.com/s?wd=%E9%98%BF%E4%B8%8D%E9%83%BD%E5%85%A8%E6%98%8E%E6%98%9FMVP&sa=fyb_news&rsv_dl=fyb_news', '2023-03-27 10:44:01', '2023-03-27 10:44:01', '2023-03-27 10:44:01', 2, NULL);
INSERT INTO `headline_news` VALUES ('7d1e4d2da0aa4696a6afbb6fac76ac32', '湖南省委书记调研土坑酸菜事发地', '近日，湖南省委书记张庆伟到事发地华容县调研，要求深刻吸取教训，勉励打好“翻身仗”。', 'https://fyb-2.cdn.bcebos.com/hotboard_image/43f6971d4a98978365a0e809ac9296f0', '百度', 'https://www.baidu.com/s?wd=%E6%B9%96%E5%8D%97%E7%9C%81%E5%A7%94%E4%B9%A6%E8%AE%B0%E8%B0%83%E7%A0%94%E5%9C%9F%E5%9D%91%E9%85%B8%E8%8F%9C%E4%BA%8B%E5%8F%91%E5%9C%B0&sa=fyb_news&rsv_dl=fyb_news', '2023-02-23 11:14:01', '2023-02-23 11:14:01', '2023-02-23 11:14:01', 2, NULL);
INSERT INTO `headline_news` VALUES ('7d6b054c6cc84a77b7580e299e0c10d4', '抗流感特效药“达菲”原料为八角茴香', '3月26日，中国工程院院士刘良表示，达菲的开发就是来自于中药的八角茴香提取物，从原料到生产出抗流感药，附加值跃升超过1000倍。', 'https://fyb-2.cdn.bcebos.com/hotboard_image/e2c68254b0868ace2421251a09acfd10', '百度', 'https://www.baidu.com/s?wd=%E6%8A%97%E6%B5%81%E6%84%9F%E7%89%B9%E6%95%88%E8%8D%AF%E2%80%9C%E8%BE%BE%E8%8F%B2%E2%80%9D%E5%8E%9F%E6%96%99%E4%B8%BA%E5%85%AB%E8%A7%92%E8%8C%B4%E9%A6%99&sa=fyb_news&rsv_dl=fyb_news', '2023-03-26 22:15:01', '2023-03-26 22:15:01', '2023-03-26 22:15:01', 2, NULL);
INSERT INTO `headline_news` VALUES ('7d71ff9a85254deb99120228372e44d6', '李克强：各级政府要大力支持军队建设', '3月5日，国务院总理李克强在政府工作报告中表示，各级政府要大力支持国防和军队建设，深入开展“双拥”活动，合力谱写军政军民团结新篇章。', 'https://fyb-2.cdn.bcebos.com/hotboard_image/86457f12866b94c76e1a448934a0236a', '百度', 'https://www.baidu.com/s?wd=%E6%9D%8E%E5%85%8B%E5%BC%BA%EF%BC%9A%E5%90%84%E7%BA%A7%E6%94%BF%E5%BA%9C%E8%A6%81%E5%A4%A7%E5%8A%9B%E6%94%AF%E6%8C%81%E5%86%9B%E9%98%9F%E5%BB%BA%E8%AE%BE&sa=fyb_news&rsv_dl=fyb_news', '2023-03-05 10:46:03', '2023-03-05 10:46:03', '2023-03-05 10:46:03', 2, NULL);
INSERT INTO `headline_news` VALUES ('7dd08cdfc76a47a3870847ab666927d3', '山姆工作人员鼓励代购冲销量', '付费会员超市山姆在一二线城市加速奔跑，代购的生意也越做越大。如今的代购已颇成体系，不仅打通了高校，更下沉到三四线城市。', 'https://fyb-2.cdn.bcebos.com/hotboard_image/e956d1411e5be82c2c3d2f390c9fbc31', '百度', 'https://www.baidu.com/s?wd=%E5%B1%B1%E5%A7%86%E5%B7%A5%E4%BD%9C%E4%BA%BA%E5%91%98%E9%BC%93%E5%8A%B1%E4%BB%A3%E8%B4%AD%E5%86%B2%E9%94%80%E9%87%8F&sa=fyb_news&rsv_dl=fyb_news', '2023-03-26 21:19:00', '2023-03-26 21:19:00', '2023-03-26 21:19:00', 2, NULL);
INSERT INTO `headline_news` VALUES ('7de71dec9626415cafce5a5bd32e73d1', '不想和没看过全国大赛的人说话了', '', 'https://fyb-1.cdn.bcebos.com/fyb/de6163834f53ca92c1273fff98ac9078.jpeg', '百度', 'https://www.baidu.com/s?wd=%E4%B8%8D%E6%83%B3%E5%92%8C%E6%B2%A1%E7%9C%8B%E8%BF%87%E5%85%A8%E5%9B%BD%E5%A4%A7%E8%B5%9B%E7%9A%84%E4%BA%BA%E8%AF%B4%E8%AF%9D%E4%BA%86&sa=fyb_news&rsv_dl=fyb_news', '2023-04-20 16:11:02', '2023-04-20 16:11:02', '2023-04-20 16:11:02', 2, NULL);
INSERT INTO `headline_news` VALUES ('7df459f6d22c4465a6519ae0f9bd9601', '宝马mini就冰淇淋不给中国人道歉', '', 'https://fyb-1.cdn.bcebos.com/fyb/de6163834f53ca92c1273fff98ac9078.jpeg', '百度', 'https://www.baidu.com/s?wd=%E5%AE%9D%E9%A9%ACmini%E5%B0%B1%E5%86%B0%E6%B7%87%E6%B7%8B%E4%B8%8D%E7%BB%99%E4%B8%AD%E5%9B%BD%E4%BA%BA%E9%81%93%E6%AD%89&sa=fyb_news&rsv_dl=fyb_news', '2023-04-20 14:34:08', '2023-04-20 14:34:08', '2023-04-20 14:34:08', 2, NULL);
INSERT INTO `headline_news` VALUES ('7e3421fb74f244fc9447a8277db354a0', '《孝庄秘史》被曝抄袭作家朴月小说', '', 'https://fyb-1.cdn.bcebos.com/fyb/de6163834f53ca92c1273fff98ac9078.jpeg', '百度', 'https://www.baidu.com/s?wd=%E3%80%8A%E5%AD%9D%E5%BA%84%E7%A7%98%E5%8F%B2%E3%80%8B%E8%A2%AB%E6%9B%9D%E6%8A%84%E8%A2%AD%E4%BD%9C%E5%AE%B6%E6%9C%B4%E6%9C%88%E5%B0%8F%E8%AF%B4&sa=fyb_news&rsv_dl=fyb_news', '2023-04-22 16:09:04', '2023-04-22 16:09:04', '2023-04-22 16:09:04', 2, NULL);
INSERT INTO `headline_news` VALUES ('7f0782c602344598b7863996a64f55db', '在美国，敲错门、走错路可能致命', '', 'https://fyb-1.cdn.bcebos.com/fyb/de6163834f53ca92c1273fff98ac9078.jpeg', '百度', 'https://www.baidu.com/s?wd=%E5%9C%A8%E7%BE%8E%E5%9B%BD%EF%BC%8C%E6%95%B2%E9%94%99%E9%97%A8%E3%80%81%E8%B5%B0%E9%94%99%E8%B7%AF%E5%8F%AF%E8%83%BD%E8%87%B4%E5%91%BD&sa=fyb_news&rsv_dl=fyb_news', '2023-04-23 11:19:05', '2023-04-23 11:19:05', '2023-04-23 11:19:05', 2, NULL);
INSERT INTO `headline_news` VALUES ('7f4cc2a3592e473096f645f8cf3600f9', '建行董事长：靠买房赚钱很难了', '', 'https://fyb-1.cdn.bcebos.com/fyb/de6163834f53ca92c1273fff98ac9078.jpeg', '百度', 'https://www.baidu.com/s?wd=%E5%BB%BA%E8%A1%8C%E8%91%A3%E4%BA%8B%E9%95%BF%EF%BC%9A%E9%9D%A0%E4%B9%B0%E6%88%BF%E8%B5%9A%E9%92%B1%E5%BE%88%E9%9A%BE%E4%BA%86&sa=fyb_news&rsv_dl=fyb_news', '2023-03-26 10:30:01', '2023-03-26 10:30:01', '2023-03-26 10:30:01', 2, NULL);
INSERT INTO `headline_news` VALUES ('7ff4261479d245a8ae7fceca980e715a', '姐弟恋比例持续攀升', '近日，多地民政部门公布了2022年度婚姻大数据。据杭州市数据显示，姐弟恋比例持续攀升，女方大男方1至4岁的有12612人，占女性结婚总数19.31%。', 'https://fyb-2.cdn.bcebos.com/hotboard_image/6c3e2ef806a75f76417226153207a811', '百度', 'https://www.baidu.com/s?wd=%E5%A7%90%E5%BC%9F%E6%81%8B%E6%AF%94%E4%BE%8B%E6%8C%81%E7%BB%AD%E6%94%80%E5%8D%87&sa=fyb_news&rsv_dl=fyb_news', '2023-02-25 13:23:01', '2023-02-25 13:23:01', '2023-02-25 13:23:01', 2, NULL);
INSERT INTO `headline_news` VALUES ('7ffa90bcf14b4cd9a200b3204a67e894', '蔡天凤前夫父母及哥哥3人被拘捕', '', 'https://fyb-1.cdn.bcebos.com/fyb/de6163834f53ca92c1273fff98ac9078.jpeg', '百度', 'https://www.baidu.com/s?wd=%E8%94%A1%E5%A4%A9%E5%87%A4%E5%89%8D%E5%A4%AB%E7%88%B6%E6%AF%8D%E5%8F%8A%E5%93%A5%E5%93%A53%E4%BA%BA%E8%A2%AB%E6%8B%98%E6%8D%95&sa=fyb_news&rsv_dl=fyb_news', '2023-02-25 13:56:16', '2023-02-25 13:56:16', '2023-02-25 13:56:16', 2, NULL);
INSERT INTO `headline_news` VALUES ('802a949bbf5c4e698f12f8be54cf81ab', '梅西拒绝降薪续约', '巴黎圣日耳曼希望与梅西续签合同，俱乐部要求与梅西降薪续约。梅西在日前已透过其父亲与巴黎圣日耳曼的续约谈判明朗表示：拒绝俱乐部的降薪续约要求。', 'https://fyb-2.cdn.bcebos.com/hotboard_image/5e136b581a30f66630c1e4797f77f041', '百度', 'https://www.baidu.com/s?wd=%E6%A2%85%E8%A5%BF%E6%8B%92%E7%BB%9D%E9%99%8D%E8%96%AA%E7%BB%AD%E7%BA%A6&sa=fyb_news&rsv_dl=fyb_news', '2023-03-04 21:54:01', '2023-03-04 21:54:01', '2023-03-04 21:54:01', 2, NULL);
INSERT INTO `headline_news` VALUES ('803cee3ce5824be4910adb9deffdba0d', '警方通报老人去世11年后又“复生”', '', 'https://fyb-1.cdn.bcebos.com/fyb/de6163834f53ca92c1273fff98ac9078.jpeg', '百度', 'https://www.baidu.com/s?wd=%E8%AD%A6%E6%96%B9%E9%80%9A%E6%8A%A5%E8%80%81%E4%BA%BA%E5%8E%BB%E4%B8%9611%E5%B9%B4%E5%90%8E%E5%8F%88%E2%80%9C%E5%A4%8D%E7%94%9F%E2%80%9D&sa=fyb_news&rsv_dl=fyb_news', '2023-02-23 11:13:01', '2023-02-23 11:13:01', '2023-02-23 11:13:01', 2, NULL);
INSERT INTO `headline_news` VALUES ('80417918df62408e8dbc5daa455ecfb8', '中国和洪都拉斯建立外交关系', '3月26日，中国和洪都拉斯建立外交关系。', 'https://fyb-2.cdn.bcebos.com/hotboard_image/7bb2426ce9e50178b3d3c8664e26f52f', '百度', 'https://www.baidu.com/s?wd=%E4%B8%AD%E5%9B%BD%E5%92%8C%E6%B4%AA%E9%83%BD%E6%8B%89%E6%96%AF%E5%BB%BA%E7%AB%8B%E5%A4%96%E4%BA%A4%E5%85%B3%E7%B3%BB&sa=fyb_news&rsv_dl=fyb_news', '2023-03-26 11:41:01', '2023-03-26 11:41:01', '2023-03-26 11:41:01', 2, NULL);
INSERT INTO `headline_news` VALUES ('808a6947e13d404a8e26c799184f4f60', '新加坡宣布：李显龙将访华', '3月26日，新加坡总理公署发布公告称，受中国总理李强邀请，新加坡总理李显龙3月27日至4月1日期间对中国进行为期六天的国事访问。', 'https://fyb-2.cdn.bcebos.com/hotboard_image/f49754f057cca94e19cdaed7bea648c2', '百度', 'https://www.baidu.com/s?wd=%E6%96%B0%E5%8A%A0%E5%9D%A1%E5%AE%A3%E5%B8%83%EF%BC%9A%E6%9D%8E%E6%98%BE%E9%BE%99%E5%B0%86%E8%AE%BF%E5%8D%8E&sa=fyb_news&rsv_dl=fyb_news', '2023-03-27 10:14:01', '2023-03-27 10:14:01', '2023-03-27 10:14:01', 2, NULL);
INSERT INTO `headline_news` VALUES ('80fa295c7abb4f52aafc3f04eac19147', '刘亚仁体毛检测呈阳性', '2月23日，据媒体报道，刘亚仁大麻检测呈阳性之后，体毛检测结果出炉，异丙酚检测也呈阳性。警方正在调查他是否滥用药物。', 'https://fyb-2.cdn.bcebos.com/hotboard_image/88639f4f377f3854507b93f9d9ed2004', '百度', 'https://www.baidu.com/s?wd=%E5%88%98%E4%BA%9A%E4%BB%81%E4%BD%93%E6%AF%9B%E6%A3%80%E6%B5%8B%E5%91%88%E9%98%B3%E6%80%A7&sa=fyb_news&rsv_dl=fyb_news', '2023-02-24 13:11:01', '2023-02-24 13:11:01', '2023-02-24 13:11:01', 2, NULL);
INSERT INTO `headline_news` VALUES ('81477fb5ed2045049d72f56c444b37b3', '梁万年：疫情已经基本结束', '', 'https://fyb-1.cdn.bcebos.com/fyb/de6163834f53ca92c1273fff98ac9078.jpeg', '百度', 'https://www.baidu.com/s?wd=%E6%A2%81%E4%B8%87%E5%B9%B4%EF%BC%9A%E7%96%AB%E6%83%85%E5%B7%B2%E7%BB%8F%E5%9F%BA%E6%9C%AC%E7%BB%93%E6%9D%9F&sa=fyb_news&rsv_dl=fyb_news', '2023-02-23 15:39:01', '2023-02-23 15:39:01', '2023-02-23 15:39:01', 2, NULL);
INSERT INTO `headline_news` VALUES ('81731e5f396546e296b74bd119f00810', '2026年亚运会将不建设运动员村', '', 'https://fyb-1.cdn.bcebos.com/fyb/de6163834f53ca92c1273fff98ac9078.jpeg', '百度', 'https://www.baidu.com/s?wd=2026%E5%B9%B4%E4%BA%9A%E8%BF%90%E4%BC%9A%E5%B0%86%E4%B8%8D%E5%BB%BA%E8%AE%BE%E8%BF%90%E5%8A%A8%E5%91%98%E6%9D%91&sa=fyb_news&rsv_dl=fyb_news', '2023-03-26 11:49:01', '2023-03-26 11:49:01', '2023-03-26 11:49:01', 2, NULL);
INSERT INTO `headline_news` VALUES ('8187fbc9d3324583be4d141fd59453ae', '预防甲流现在打疫苗还来得及吗？', '', 'https://fyb-1.cdn.bcebos.com/fyb/de6163834f53ca92c1273fff98ac9078.jpeg', '百度', 'https://www.baidu.com/s?wd=%E9%A2%84%E9%98%B2%E7%94%B2%E6%B5%81%E7%8E%B0%E5%9C%A8%E6%89%93%E7%96%AB%E8%8B%97%E8%BF%98%E6%9D%A5%E5%BE%97%E5%8F%8A%E5%90%97%EF%BC%9F&sa=fyb_news&rsv_dl=fyb_news', '2023-03-05 10:49:01', '2023-03-05 10:49:01', '2023-03-05 10:49:01', 2, NULL);
INSERT INTO `headline_news` VALUES ('81d73cfe9ad6421cb148843e5d997589', '本年度首次日食登场', '', 'https://fyb-1.cdn.bcebos.com/fyb/de6163834f53ca92c1273fff98ac9078.jpeg', '百度', 'https://www.baidu.com/s?wd=%E6%9C%AC%E5%B9%B4%E5%BA%A6%E9%A6%96%E6%AC%A1%E6%97%A5%E9%A3%9F%E7%99%BB%E5%9C%BA&sa=fyb_news&rsv_dl=fyb_news', '2023-04-20 10:07:03', '2023-04-20 10:07:03', '2023-04-20 10:07:03', 2, NULL);
INSERT INTO `headline_news` VALUES ('81e5e8553ca9416cabcc41c7e45cc100', '乌克兰首都上空现巨大光球', '', 'https://fyb-1.cdn.bcebos.com/fyb/de6163834f53ca92c1273fff98ac9078.jpeg', '百度', 'https://www.baidu.com/s?wd=%E4%B9%8C%E5%85%8B%E5%85%B0%E9%A6%96%E9%83%BD%E4%B8%8A%E7%A9%BA%E7%8E%B0%E5%B7%A8%E5%A4%A7%E5%85%89%E7%90%83&sa=fyb_news&rsv_dl=fyb_news', '2023-04-20 08:49:06', '2023-04-20 08:49:06', '2023-04-20 08:49:06', 2, NULL);
INSERT INTO `headline_news` VALUES ('8205c8a806454cc99774dc11197c833b', '国家医保局回应患者15天必须出院', '', 'https://fyb-1.cdn.bcebos.com/fyb/de6163834f53ca92c1273fff98ac9078.jpeg', '百度', 'https://www.baidu.com/s?wd=%E5%9B%BD%E5%AE%B6%E5%8C%BB%E4%BF%9D%E5%B1%80%E5%9B%9E%E5%BA%94%E6%82%A3%E8%80%8515%E5%A4%A9%E5%BF%85%E9%A1%BB%E5%87%BA%E9%99%A2&sa=fyb_news&rsv_dl=fyb_news', '2023-03-05 15:54:01', '2023-03-05 15:54:01', '2023-03-05 15:54:01', 2, NULL);
INSERT INTO `headline_news` VALUES ('824e49138a3641edb7e8f2615cce43d1', '传mini展台被架走女主播索要冰淇淋', '4月20日，一位女子在上海车展宝马MINI展位直播时被保安强制拖走。有目击者称该女子去跟前台要冰淇淋，双方发生争执，在要求道歉时被保安拖走。', 'https://fyb-2.cdn.bcebos.com/hotboard_image/64952838aff1bbe9500b2ca6286397ee', '百度', 'https://www.baidu.com/s?wd=%E4%BC%A0mini%E5%B1%95%E5%8F%B0%E8%A2%AB%E6%9E%B6%E8%B5%B0%E5%A5%B3%E4%B8%BB%E6%92%AD%E7%B4%A2%E8%A6%81%E5%86%B0%E6%B7%87%E6%B7%8B&sa=fyb_news&rsv_dl=fyb_news', '2023-04-20 22:55:11', '2023-04-20 22:55:11', '2023-04-20 22:55:11', 2, NULL);
INSERT INTO `headline_news` VALUES ('82e33be74a844d2ab8f9a4fcf6cd2e87', '媒体:政府解决独生家庭养老顺应人心', '两会召开前夕，政协委员朱列玉提案：独生子女父母的养老问题由政府负责解决。对此，有媒体评论：政府解决独生家庭养老，既符合国情也顺应人心。', 'https://fyb-2.cdn.bcebos.com/hotboard_image/1fe03ef1eadd6fa834107f580b60b0ea', '百度', 'https://www.baidu.com/s?wd=%E5%AA%92%E4%BD%93%3A%E6%94%BF%E5%BA%9C%E8%A7%A3%E5%86%B3%E7%8B%AC%E7%94%9F%E5%AE%B6%E5%BA%AD%E5%85%BB%E8%80%81%E9%A1%BA%E5%BA%94%E4%BA%BA%E5%BF%83&sa=fyb_news&rsv_dl=fyb_news', '2023-02-25 13:59:02', '2023-02-25 13:59:02', '2023-02-25 13:59:02', 2, NULL);
INSERT INTO `headline_news` VALUES ('831cd5217ee14d8a9f15c6b00d9cdd82', '一山一水皆画卷', '4月22日是第54个世界地球日。树立“尊重自然、顺应自然、保护自然”生态文明理念，人与自然和谐共生。一山一水间，一幅幅美丽生态画卷正在展开。', 'https://fyb-2.cdn.bcebos.com/hotboard_image/007404d0d5aadbfb928d57193a5eaf91', '百度', 'https://www.baidu.com/s?wd=%E4%B8%80%E5%B1%B1%E4%B8%80%E6%B0%B4%E7%9A%86%E7%94%BB%E5%8D%B7&sa=fyb_news&rsv_dl=fyb_news', '2023-04-23 16:59:06', '2023-04-23 16:59:06', '2023-04-23 16:59:06', 2, NULL);
INSERT INTO `headline_news` VALUES ('83a283043d4c4a46b3fdd1e111035ddf', '汕尾美团骑手集体罢工?客服回应', '', 'https://fyb-1.cdn.bcebos.com/fyb/de6163834f53ca92c1273fff98ac9078.jpeg', '百度', 'https://www.baidu.com/s?wd=%E6%B1%95%E5%B0%BE%E7%BE%8E%E5%9B%A2%E9%AA%91%E6%89%8B%E9%9B%86%E4%BD%93%E7%BD%A2%E5%B7%A5%3F%E5%AE%A2%E6%9C%8D%E5%9B%9E%E5%BA%94&sa=fyb_news&rsv_dl=fyb_news', '2023-04-23 08:35:16', '2023-04-23 08:35:16', '2023-04-23 08:35:16', 2, NULL);
INSERT INTO `headline_news` VALUES ('83a766b645414fbf84977ed8137ba081', '成龙哽咽称市场不需要动作演员了', '', 'https://fyb-1.cdn.bcebos.com/fyb/de6163834f53ca92c1273fff98ac9078.jpeg', '百度', 'https://www.baidu.com/s?wd=%E6%88%90%E9%BE%99%E5%93%BD%E5%92%BD%E7%A7%B0%E5%B8%82%E5%9C%BA%E4%B8%8D%E9%9C%80%E8%A6%81%E5%8A%A8%E4%BD%9C%E6%BC%94%E5%91%98%E4%BA%86&sa=fyb_news&rsv_dl=fyb_news', '2023-03-26 10:30:01', '2023-03-26 10:30:01', '2023-03-26 10:30:01', 2, NULL);
INSERT INTO `headline_news` VALUES ('83af1685c97b4c38a8b558892bce422a', '俄防长突访乌东前线有何意味', '', 'https://fyb-1.cdn.bcebos.com/fyb/de6163834f53ca92c1273fff98ac9078.jpeg', '百度', 'https://www.baidu.com/s?wd=%E4%BF%84%E9%98%B2%E9%95%BF%E7%AA%81%E8%AE%BF%E4%B9%8C%E4%B8%9C%E5%89%8D%E7%BA%BF%E6%9C%89%E4%BD%95%E6%84%8F%E5%91%B3&sa=fyb_news&rsv_dl=fyb_news', '2023-03-05 10:43:01', '2023-03-05 10:43:01', '2023-03-05 10:43:01', 2, NULL);
INSERT INTO `headline_news` VALUES ('83f3836cac4346b89d47cf940140c596', '宝马回应女生在MINI展台直播被拖走', '4月20日，网传有女子在上海车展宝马MINI展台前直播时，和工作人员发生冲突并被强制带走。宝马回应：已交由警方处理。', 'https://fyb-2.cdn.bcebos.com/hotboard_image/206f7b0181193ab9f1a57bec73ba3e9a', '百度', 'https://www.baidu.com/s?wd=%E5%AE%9D%E9%A9%AC%E5%9B%9E%E5%BA%94%E5%A5%B3%E7%94%9F%E5%9C%A8MINI%E5%B1%95%E5%8F%B0%E7%9B%B4%E6%92%AD%E8%A2%AB%E6%8B%96%E8%B5%B0&sa=fyb_news&rsv_dl=fyb_news', '2023-04-21 17:39:03', '2023-04-21 17:39:03', '2023-04-21 17:39:03', 2, NULL);
INSERT INTO `headline_news` VALUES ('8448e3b5bd5f4eef811b249c24b2e2aa', '电商价格战再次打响', '', 'https://fyb-1.cdn.bcebos.com/fyb/de6163834f53ca92c1273fff98ac9078.jpeg', '百度', 'https://www.baidu.com/s?wd=%E7%94%B5%E5%95%86%E4%BB%B7%E6%A0%BC%E6%88%98%E5%86%8D%E6%AC%A1%E6%89%93%E5%93%8D&sa=fyb_news&rsv_dl=fyb_news', '2023-03-05 09:59:01', '2023-03-05 09:59:01', '2023-03-05 09:59:01', 2, NULL);
INSERT INTO `headline_news` VALUES ('845d1a01c62e495d9e8b6fd18a7a92dc', '男子猝死其母将女友告上法庭', '', 'https://fyb-1.cdn.bcebos.com/fyb/de6163834f53ca92c1273fff98ac9078.jpeg', '百度', 'https://www.baidu.com/s?wd=%E7%94%B7%E5%AD%90%E7%8C%9D%E6%AD%BB%E5%85%B6%E6%AF%8D%E5%B0%86%E5%A5%B3%E5%8F%8B%E5%91%8A%E4%B8%8A%E6%B3%95%E5%BA%AD&sa=fyb_news&rsv_dl=fyb_news', '2023-02-24 14:30:01', '2023-02-24 14:30:01', '2023-02-24 14:30:01', 2, NULL);
INSERT INTO `headline_news` VALUES ('8462d0fd543d4b4fa5ed491837c2b916', '以学铸魂，站稳人民立场', '', 'https://fyb-1.cdn.bcebos.com/fyb/de6163834f53ca92c1273fff98ac9078.jpeg', '百度', 'https://www.baidu.com/s?wd=%E4%BB%A5%E5%AD%A6%E9%93%B8%E9%AD%82%EF%BC%8C%E7%AB%99%E7%A8%B3%E4%BA%BA%E6%B0%91%E7%AB%8B%E5%9C%BA&sa=fyb_news&rsv_dl=fyb_news', '2023-04-22 12:17:01', '2023-04-22 12:17:01', '2023-04-22 12:17:01', 2, NULL);
INSERT INTO `headline_news` VALUES ('84b0976428084a509baee291753901cc', '五一假期多地现酒店刺客', '', 'https://fyb-1.cdn.bcebos.com/fyb/de6163834f53ca92c1273fff98ac9078.jpeg', '百度', 'https://www.baidu.com/s?wd=%E4%BA%94%E4%B8%80%E5%81%87%E6%9C%9F%E5%A4%9A%E5%9C%B0%E7%8E%B0%E9%85%92%E5%BA%97%E5%88%BA%E5%AE%A2&sa=fyb_news&rsv_dl=fyb_news', '2023-04-23 09:31:02', '2023-04-23 09:31:02', '2023-04-23 09:31:02', 2, NULL);
INSERT INTO `headline_news` VALUES ('851a52c44b3b4a49b9a992bd75aa1066', '罗翔在新东方当过三年老师', '', 'https://fyb-1.cdn.bcebos.com/fyb/de6163834f53ca92c1273fff98ac9078.jpeg', '百度', 'https://www.baidu.com/s?wd=%E7%BD%97%E7%BF%94%E5%9C%A8%E6%96%B0%E4%B8%9C%E6%96%B9%E5%BD%93%E8%BF%87%E4%B8%89%E5%B9%B4%E8%80%81%E5%B8%88&sa=fyb_news&rsv_dl=fyb_news', '2023-04-22 08:39:04', '2023-04-22 08:39:04', '2023-04-22 08:39:04', 2, NULL);
INSERT INTO `headline_news` VALUES ('85557dde06294c2b98ac7854a7bc9657', '代表建议严禁高中跨地市掐尖招生', '近日，全国人大代表裴红霞建议，规范民办普通高中招生，严禁任何高中跨地市“掐尖”招生，严禁任何城区普通高中到县里招生。', 'https://fyb-2.cdn.bcebos.com/hotboard_image/24bb83aae1d7f514855be7967961134f', '百度', 'https://www.baidu.com/s?wd=%E4%BB%A3%E8%A1%A8%E5%BB%BA%E8%AE%AE%E4%B8%A5%E7%A6%81%E9%AB%98%E4%B8%AD%E8%B7%A8%E5%9C%B0%E5%B8%82%E6%8E%90%E5%B0%96%E6%8B%9B%E7%94%9F&sa=fyb_news&rsv_dl=fyb_news', '2023-03-04 22:19:01', '2023-03-04 22:19:01', '2023-03-04 22:19:01', 2, NULL);
INSERT INTO `headline_news` VALUES ('856fbe8baf674d96975a8f6957e00f38', '内蒙古自治区主席暗访:工人井下抽烟', '', 'https://fyb-1.cdn.bcebos.com/fyb/de6163834f53ca92c1273fff98ac9078.jpeg', '百度', 'https://www.baidu.com/s?wd=%E5%86%85%E8%92%99%E5%8F%A4%E8%87%AA%E6%B2%BB%E5%8C%BA%E4%B8%BB%E5%B8%AD%E6%9A%97%E8%AE%BF%3A%E5%B7%A5%E4%BA%BA%E4%BA%95%E4%B8%8B%E6%8A%BD%E7%83%9F&sa=fyb_news&rsv_dl=fyb_news', '2023-04-22 15:02:03', '2023-04-22 15:02:03', '2023-04-22 15:02:03', 2, NULL);
INSERT INTO `headline_news` VALUES ('8588735b6660459b8cac4d613ff7b6c1', '游客吐槽遭遇龙河船工索要中华烟', '近日，有不少游客在社交平台吐槽阳朔遇龙河竹筏漂流遭船工索要中华烟。18日下午，景区工作人员回应：不允许索要小费，发现可投诉。', 'https://fyb-2.cdn.bcebos.com/hotboard_image/9ce96d5307dcd5a0f66e55716195c9f0', '百度', 'https://www.baidu.com/s?wd=%E6%B8%B8%E5%AE%A2%E5%90%90%E6%A7%BD%E9%81%AD%E9%81%87%E9%BE%99%E6%B2%B3%E8%88%B9%E5%B7%A5%E7%B4%A2%E8%A6%81%E4%B8%AD%E5%8D%8E%E7%83%9F&sa=fyb_news&rsv_dl=fyb_news', '2023-04-20 10:59:05', '2023-04-20 10:59:05', '2023-04-20 10:59:05', 2, NULL);
INSERT INTO `headline_news` VALUES ('85b9fc86f7c9470a9e265f5528cba2d6', '深圳市监局通报5毛奶茶喝出3个标签', '', 'https://fyb-1.cdn.bcebos.com/fyb/de6163834f53ca92c1273fff98ac9078.jpeg', '百度', 'https://www.baidu.com/s?wd=%E6%B7%B1%E5%9C%B3%E5%B8%82%E7%9B%91%E5%B1%80%E9%80%9A%E6%8A%A55%E6%AF%9B%E5%A5%B6%E8%8C%B6%E5%96%9D%E5%87%BA3%E4%B8%AA%E6%A0%87%E7%AD%BE&sa=fyb_news&rsv_dl=fyb_news', '2023-02-23 11:13:01', '2023-02-23 11:13:01', '2023-02-23 11:13:01', 2, NULL);
INSERT INTO `headline_news` VALUES ('8621a171a64542a1ae9b48f38a0c61b0', '拜登离开波兰上飞机时摔倒', '', 'https://fyb-1.cdn.bcebos.com/fyb/de6163834f53ca92c1273fff98ac9078.jpeg', '百度', 'https://www.baidu.com/s?wd=%E6%8B%9C%E7%99%BB%E7%A6%BB%E5%BC%80%E6%B3%A2%E5%85%B0%E4%B8%8A%E9%A3%9E%E6%9C%BA%E6%97%B6%E6%91%94%E5%80%92&sa=fyb_news&rsv_dl=fyb_news', '2023-02-23 11:13:01', '2023-02-23 11:13:01', '2023-02-23 11:13:01', 2, NULL);
INSERT INTO `headline_news` VALUES ('8658d09eff98474aa96f33121b03c11b', '被铃芽之旅票根浪漫到了', '被铃芽之旅的票根狠狠地浪漫到了，票根处处都是春天的样子，生机盎然的气息扑面而来，不得不说，铃芽之旅的票根是懂浪漫的。', 'https://fyb-2.cdn.bcebos.com/hotboard_image/4d4662e94a780239abbf57c1f4ced890', '百度', 'https://www.baidu.com/s?wd=%E8%A2%AB%E9%93%83%E8%8A%BD%E4%B9%8B%E6%97%85%E7%A5%A8%E6%A0%B9%E6%B5%AA%E6%BC%AB%E5%88%B0%E4%BA%86&sa=fyb_news&rsv_dl=fyb_news', '2023-03-26 12:44:04', '2023-03-26 12:44:04', '2023-03-26 12:44:04', 2, NULL);
INSERT INTO `headline_news` VALUES ('86603345752f464da3f69cf626e1110c', '广场舞大妈为抢场地踢飞年轻人滑板', '近日，北京西城，年轻人在公共广场玩滑板，广场舞大妈上前将滑板水杯踢飞，并称“天天捣什么乱”。年轻人上前理论，争执过程中大妈躺地上说身体不舒服。', 'https://fyb-2.cdn.bcebos.com/hotboard_image/900faec0f72b9c15127418914e5713b6', '百度', 'https://www.baidu.com/s?wd=%E5%B9%BF%E5%9C%BA%E8%88%9E%E5%A4%A7%E5%A6%88%E4%B8%BA%E6%8A%A2%E5%9C%BA%E5%9C%B0%E8%B8%A2%E9%A3%9E%E5%B9%B4%E8%BD%BB%E4%BA%BA%E6%BB%91%E6%9D%BF&sa=fyb_news&rsv_dl=fyb_news', '2023-04-23 11:35:09', '2023-04-23 11:35:09', '2023-04-23 11:35:09', 2, NULL);
INSERT INTO `headline_news` VALUES ('86a05d77236242c4aef7d1fad331b5c0', '医生：“割腰子”不是想割就能割', '近日，出国旅游被“割腰子”等传言愈演愈烈，其实从医学角度看，这一传言站不住脚，有医生表示“肾脏移植要求极高，不是想割就能割的”。', 'https://fyb-2.cdn.bcebos.com/hotboard_image/5fd634dbb2c448f0c47999d6e933094c', '百度', 'https://www.baidu.com/s?wd=%E5%8C%BB%E7%94%9F%EF%BC%9A%E2%80%9C%E5%89%B2%E8%85%B0%E5%AD%90%E2%80%9D%E4%B8%8D%E6%98%AF%E6%83%B3%E5%89%B2%E5%B0%B1%E8%83%BD%E5%89%B2&sa=fyb_news&rsv_dl=fyb_news', '2023-03-26 17:52:01', '2023-03-26 17:52:01', '2023-03-26 17:52:01', 2, NULL);
INSERT INTO `headline_news` VALUES ('86a2b9d951044b508c5e78e482693658', '煤矿塌陷亲历者：被石头挤出驾驶室', '2月22日，内蒙古阿拉善盟左旗一露天煤矿发生大面积坍塌。据一位亲历者回忆，他在开车逃离的路上被一块“飞下来”的石头挤出了驾驶室，情况危急。', 'https://fyb-2.cdn.bcebos.com/hotboard_image/9c8bf7e2e52ff75efd9755ecda132358', '百度', 'https://www.baidu.com/s?wd=%E7%85%A4%E7%9F%BF%E5%A1%8C%E9%99%B7%E4%BA%B2%E5%8E%86%E8%80%85%EF%BC%9A%E8%A2%AB%E7%9F%B3%E5%A4%B4%E6%8C%A4%E5%87%BA%E9%A9%BE%E9%A9%B6%E5%AE%A4&sa=fyb_news&rsv_dl=fyb_news', '2023-02-23 14:28:01', '2023-02-23 14:28:01', '2023-02-23 14:28:01', 2, NULL);
INSERT INTO `headline_news` VALUES ('86b7e156375c45838b925e9c9cfa10ca', '同组合队友文彬去世车银优紧急回韩', '', 'https://fyb-1.cdn.bcebos.com/fyb/de6163834f53ca92c1273fff98ac9078.jpeg', '百度', 'https://www.baidu.com/s?wd=%E5%90%8C%E7%BB%84%E5%90%88%E9%98%9F%E5%8F%8B%E6%96%87%E5%BD%AC%E5%8E%BB%E4%B8%96%E8%BD%A6%E9%93%B6%E4%BC%98%E7%B4%A7%E6%80%A5%E5%9B%9E%E9%9F%A9&sa=fyb_news&rsv_dl=fyb_news', '2023-04-20 10:35:17', '2023-04-20 10:35:17', '2023-04-20 10:35:17', 2, NULL);
INSERT INTO `headline_news` VALUES ('86f5b02a2f55483ab7c2fc37b935692b', '全民星选高效工作季来啦！', '', 'https://fyb-1.cdn.bcebos.com/fyb/de6163834f53ca92c1273fff98ac9078.jpeg', '百度', 'https://www.baidu.com/s?wd=%E5%85%A8%E6%B0%91%E6%98%9F%E9%80%89%E9%AB%98%E6%95%88%E5%B7%A5%E4%BD%9C%E5%AD%A3&sa=fyb_news&rsv_dl=fyb_news', '2023-04-21 14:19:06', '2023-04-21 14:19:06', '2023-04-21 14:19:06', 2, NULL);
INSERT INTO `headline_news` VALUES ('8760be2ce4ae4101bf658085cb53ffd0', '法治日报：“隔空猥亵”也是性侵', '近日，公安部发布的一组数据，让“隔空猥亵”引发关注和热议。早在2018年最高检就发布指导性案例，确立无身体接触猥亵行为视同线下犯罪的追诉原则。', 'https://fyb-2.cdn.bcebos.com/hotboard_image/acbc1ebcf61a3c421d07eb12a6b69346', '百度', 'https://www.baidu.com/s?wd=%E6%B3%95%E6%B2%BB%E6%97%A5%E6%8A%A5%EF%BC%9A%E2%80%9C%E9%9A%94%E7%A9%BA%E7%8C%A5%E4%BA%B5%E2%80%9D%E4%B9%9F%E6%98%AF%E6%80%A7%E4%BE%B5&sa=fyb_news&rsv_dl=fyb_news', '2023-02-24 13:11:01', '2023-02-24 13:11:01', '2023-02-24 13:11:01', 2, NULL);
INSERT INTO `headline_news` VALUES ('8780894e46c543bf9864d1b2296ef4ac', '新春加速度 中国经济跑出新活力', '近日，从中央到地方，各行各业开启加速模式。RCEP原产地证书签证量增长、春运期间全国日均邮件2.59亿件、中巴经济走廊启运，跑出中国经济的新活力。', 'https://fyb-2.cdn.bcebos.com/hotboard_image/94b10503ff2fe362649c9dbe2f9d333a', '百度', 'https://www.baidu.com/s?wd=%E6%96%B0%E6%98%A5%E5%8A%A0%E9%80%9F%E5%BA%A6+%E4%B8%AD%E5%9B%BD%E7%BB%8F%E6%B5%8E%E8%B7%91%E5%87%BA%E6%96%B0%E6%B4%BB%E5%8A%9B&sa=fyb_news&rsv_dl=fyb_news', '2023-02-24 13:11:01', '2023-02-24 13:11:01', '2023-02-24 13:11:01', 2, NULL);
INSERT INTO `headline_news` VALUES ('87f0f88dddad480d8cdcb1b8e1cc3e4f', '现场：秦刚和洪都拉斯外长举杯庆祝', '3月26日，中国和洪都拉斯建立外交关系，现场画面。', 'https://fyb-2.cdn.bcebos.com/hotboard_image/b12b82e8a06e197c2ec0d4064af30912', '百度', 'https://www.baidu.com/s?wd=%E7%8E%B0%E5%9C%BA%EF%BC%9A%E7%A7%A6%E5%88%9A%E5%92%8C%E6%B4%AA%E9%83%BD%E6%8B%89%E6%96%AF%E5%A4%96%E9%95%BF%E4%B8%BE%E6%9D%AF%E5%BA%86%E7%A5%9D&sa=fyb_news&rsv_dl=fyb_news', '2023-03-26 12:10:01', '2023-03-26 12:10:01', '2023-03-26 12:10:01', 2, NULL);
INSERT INTO `headline_news` VALUES ('87fda64786bc4b37b823a244b8cbe448', '官方核查长峰医院违规办医养结合', '', 'https://fyb-1.cdn.bcebos.com/fyb/de6163834f53ca92c1273fff98ac9078.jpeg', '百度', 'https://www.baidu.com/s?wd=%E5%AE%98%E6%96%B9%E6%A0%B8%E6%9F%A5%E9%95%BF%E5%B3%B0%E5%8C%BB%E9%99%A2%E8%BF%9D%E8%A7%84%E5%8A%9E%E5%8C%BB%E5%85%BB%E7%BB%93%E5%90%88&sa=fyb_news&rsv_dl=fyb_news', '2023-04-21 14:06:06', '2023-04-21 14:06:06', '2023-04-21 14:06:06', 2, NULL);
INSERT INTO `headline_news` VALUES ('88952788a5d8496a9bcca229c1816abb', '泰山游客爆满 山脚堵到山顶', '3月25日，泰山免门票开放的最后一个周末，游客爆满，游客从山脚“堵”到山顶寸步难行，官方提示无预约不出行。', 'https://fyb-2.cdn.bcebos.com/hotboard_image/7d43417148878ccfba476f1b11fd07fa', '百度', 'https://www.baidu.com/s?wd=%E6%B3%B0%E5%B1%B1%E6%B8%B8%E5%AE%A2%E7%88%86%E6%BB%A1+%E5%B1%B1%E8%84%9A%E5%A0%B5%E5%88%B0%E5%B1%B1%E9%A1%B6&sa=fyb_news&rsv_dl=fyb_news', '2023-03-26 10:30:01', '2023-03-26 10:30:01', '2023-03-26 10:30:01', 2, NULL);
INSERT INTO `headline_news` VALUES ('889fff10ef6143b495b3e308b2d51a3c', '史诗级公关灾难', '21日，宝马MINI发文称车展冰淇淋事件中的“老外”是同事，并呼吁给刚踏入社会的礼仪小姐多点宽容和空间。媒体：还真是公关上的史诗级灾难。', 'https://fyb-2.cdn.bcebos.com/hotboard_image/6987005481ff9f07d3f4cc44bdbad8db', '百度', 'https://www.baidu.com/s?wd=%E5%8F%B2%E8%AF%97%E7%BA%A7%E5%85%AC%E5%85%B3%E7%81%BE%E9%9A%BE&sa=fyb_news&rsv_dl=fyb_news', '2023-04-21 12:31:14', '2023-04-21 12:31:14', '2023-04-21 12:31:14', 2, NULL);
INSERT INTO `headline_news` VALUES ('88c76e17134c4384b122833e569c3c3b', '秦刚：每月3000多家外企落户中国', '', 'https://fyb-1.cdn.bcebos.com/fyb/de6163834f53ca92c1273fff98ac9078.jpeg', '百度', 'https://www.baidu.com/s?wd=%E7%A7%A6%E5%88%9A%EF%BC%9A%E6%AF%8F%E6%9C%883000%E5%A4%9A%E5%AE%B6%E5%A4%96%E4%BC%81%E8%90%BD%E6%88%B7%E4%B8%AD%E5%9B%BD&sa=fyb_news&rsv_dl=fyb_news', '2023-04-21 23:39:15', '2023-04-21 23:39:15', '2023-04-21 23:39:15', 2, NULL);
INSERT INTO `headline_news` VALUES ('88df6c989c8049b099bfc522a806f8c8', '车站回应员工大骂乘客：系实习生', '', 'https://fyb-1.cdn.bcebos.com/fyb/de6163834f53ca92c1273fff98ac9078.jpeg', '百度', 'https://www.baidu.com/s?wd=%E8%BD%A6%E7%AB%99%E5%9B%9E%E5%BA%94%E5%91%98%E5%B7%A5%E5%A4%A7%E9%AA%82%E4%B9%98%E5%AE%A2%EF%BC%9A%E7%B3%BB%E5%AE%9E%E4%B9%A0%E7%94%9F&sa=fyb_news&rsv_dl=fyb_news', '2023-03-26 12:39:00', '2023-03-26 12:39:00', '2023-03-26 12:39:00', 2, NULL);
INSERT INTO `headline_news` VALUES ('890589645db84bfbacfed17169094166', '上海邮政一员工殴打女同事', '', 'https://fyb-1.cdn.bcebos.com/fyb/de6163834f53ca92c1273fff98ac9078.jpeg', '百度', 'https://www.baidu.com/s?wd=%E4%B8%8A%E6%B5%B7%E9%82%AE%E6%94%BF%E4%B8%80%E5%91%98%E5%B7%A5%E6%AE%B4%E6%89%93%E5%A5%B3%E5%90%8C%E4%BA%8B&sa=fyb_news&rsv_dl=fyb_news', '2023-04-20 15:45:23', '2023-04-20 15:45:23', '2023-04-20 15:45:23', 2, NULL);
INSERT INTO `headline_news` VALUES ('89259ebdc7f94e7a814c9b34645e72f1', '贺荣任司法部部长', '', 'https://fyb-1.cdn.bcebos.com/fyb/de6163834f53ca92c1273fff98ac9078.jpeg', '百度', 'https://www.baidu.com/s?wd=%E8%B4%BA%E8%8D%A3%E4%BB%BB%E5%8F%B8%E6%B3%95%E9%83%A8%E9%83%A8%E9%95%BF&sa=fyb_news&rsv_dl=fyb_news', '2023-02-24 16:45:02', '2023-02-24 16:45:02', '2023-02-24 16:45:02', 2, NULL);
INSERT INTO `headline_news` VALUES ('89f1479b85e54e2c9bacd28720ca92f5', '外公绑架4岁外孙女向女儿勒索50万', '上海一老人绑架4岁外孙女向女儿勒索50万赌资 ：3天内拿出50万，否则再也别想见到她。当天晚上，该老人被公安机关抓获，目前在新收犯监狱服刑。', 'https://fyb-2.cdn.bcebos.com/hotboard_image/bbd6cf7cbc766a5ee0e29918d7c0b229', '百度', 'https://www.baidu.com/s?wd=%E5%A4%96%E5%85%AC%E7%BB%91%E6%9E%B64%E5%B2%81%E5%A4%96%E5%AD%99%E5%A5%B3%E5%90%91%E5%A5%B3%E5%84%BF%E5%8B%92%E7%B4%A250%E4%B8%87&sa=fyb_news&rsv_dl=fyb_news', '2023-04-20 00:59:05', '2023-04-20 00:59:05', '2023-04-20 00:59:05', 2, NULL);
INSERT INTO `headline_news` VALUES ('8a0cf2b4984846009ac20e903a6b4c75', '朝鲜半岛是否会迎来“危机三月”', '', 'https://fyb-1.cdn.bcebos.com/fyb/de6163834f53ca92c1273fff98ac9078.jpeg', '百度', 'https://www.baidu.com/s?wd=%E6%9C%9D%E9%B2%9C%E5%8D%8A%E5%B2%9B%E6%98%AF%E5%90%A6%E4%BC%9A%E8%BF%8E%E6%9D%A5%E2%80%9C%E5%8D%B1%E6%9C%BA%E4%B8%89%E6%9C%88%E2%80%9D&sa=fyb_news&rsv_dl=fyb_news', '2023-02-24 16:51:01', '2023-02-24 16:51:01', '2023-02-24 16:51:01', 2, NULL);
INSERT INTO `headline_news` VALUES ('8a87112a8adf40b89a6b3bc3b8348ceb', '男子为捐肝救女暴瘦40斤', '96年的河南小伙张德壮的两岁女儿患上肝硬化，为了让自己的肝符合移植要求，他8个月暴瘦40斤，最终顺利移植。张德壮说，想让女儿多看点外面的世界。', 'https://fyb-2.cdn.bcebos.com/hotboard_image/90df650e6a7c7cb144d7e29892410035', '百度', 'https://www.baidu.com/s?wd=%E7%94%B7%E5%AD%90%E4%B8%BA%E6%8D%90%E8%82%9D%E6%95%91%E5%A5%B3%E6%9A%B4%E7%98%A640%E6%96%A4&sa=fyb_news&rsv_dl=fyb_news', '2023-03-26 19:55:01', '2023-03-26 19:55:01', '2023-03-26 19:55:01', 2, NULL);
INSERT INTO `headline_news` VALUES ('8acf572ffe754457be292172c0983639', '25岁男演员刘峰去世', '3月3日，年轻男演员刘峰的亲友发布讣告，对外宣布刘峰于2月27日去世，年仅25岁。据业内人士透露，其因为心脏疾病突发而猝死。', 'https://fyb-2.cdn.bcebos.com/hotboard_image/361f7fb17d0fc438c7a45b927e0b9404', '百度', 'https://www.baidu.com/s?wd=25%E5%B2%81%E7%94%B7%E6%BC%94%E5%91%98%E5%88%98%E5%B3%B0%E5%8E%BB%E4%B8%96&sa=fyb_news&rsv_dl=fyb_news', '2023-03-04 21:54:01', '2023-03-04 21:54:01', '2023-03-04 21:54:01', 2, NULL);
INSERT INTO `headline_news` VALUES ('8ad8ecaa81b0404a9483bc65f876deff', '中国男足亚运队遭绝杀', '', 'https://fyb-1.cdn.bcebos.com/fyb/de6163834f53ca92c1273fff98ac9078.jpeg', '百度', 'https://www.baidu.com/s?wd=%E4%B8%AD%E5%9B%BD%E7%94%B7%E8%B6%B3%E4%BA%9A%E8%BF%90%E9%98%9F%E9%81%AD%E7%BB%9D%E6%9D%80&sa=fyb_news&rsv_dl=fyb_news', '2023-03-26 11:55:01', '2023-03-26 11:55:01', '2023-03-26 11:55:01', 2, NULL);
INSERT INTO `headline_news` VALUES ('8ae86fdb79d34475a8932536a0c97fba', '传承雷锋精神 弘扬时代新风', '', 'https://fyb-1.cdn.bcebos.com/fyb/de6163834f53ca92c1273fff98ac9078.jpeg', '百度', 'https://www.baidu.com/s?wd=%E4%BC%A0%E6%89%BF%E9%9B%B7%E9%94%8B%E7%B2%BE%E7%A5%9E+%E5%BC%98%E6%89%AC%E6%97%B6%E4%BB%A3%E6%96%B0%E9%A3%8E&sa=fyb_news&rsv_dl=fyb_news', '2023-02-24 17:09:01', '2023-02-24 17:09:01', '2023-02-24 17:09:01', 2, NULL);
INSERT INTO `headline_news` VALUES ('8b27bf0ab8174189ab61dceb756c66d3', '长峰医院被中国非公医协摘牌', '4月18日，北京长峰医院发生火灾。截至19日9时，29人遇难。记者从中国非公立医疗机构协会了解到，经协会研究决定，取消北京长峰医院会员会籍。', 'https://fyb-2.cdn.bcebos.com/hotboard_image/4dd164e3de05b964af227459fca6ee87', '百度', 'https://www.baidu.com/s?wd=%E9%95%BF%E5%B3%B0%E5%8C%BB%E9%99%A2%E8%A2%AB%E4%B8%AD%E5%9B%BD%E9%9D%9E%E5%85%AC%E5%8C%BB%E5%8D%8F%E6%91%98%E7%89%8C&sa=fyb_news&rsv_dl=fyb_news', '2023-04-20 00:59:06', '2023-04-20 00:59:06', '2023-04-20 00:59:06', 2, NULL);
INSERT INTO `headline_news` VALUES ('8b29f933f7ff46e9a6a388c8f54f2c04', '医生称马原儿子微创手术3天即可出院', '近日，作家马原拒绝让儿子接受科学的治疗致其离世，引发热议。浙江省人民医院医生说：可以通过微创的方法来解决，第三天就可以出院。', 'https://fyb-2.cdn.bcebos.com/hotboard_image/bfd8fdd237ee5d2c164fa17bbd76554a', '百度', 'https://www.baidu.com/s?wd=%E5%8C%BB%E7%94%9F%E7%A7%B0%E9%A9%AC%E5%8E%9F%E5%84%BF%E5%AD%90%E5%BE%AE%E5%88%9B%E6%89%8B%E6%9C%AF3%E5%A4%A9%E5%8D%B3%E5%8F%AF%E5%87%BA%E9%99%A2&sa=fyb_news&rsv_dl=fyb_news', '2023-03-26 11:41:01', '2023-03-26 11:41:01', '2023-03-26 11:41:01', 2, NULL);
INSERT INTO `headline_news` VALUES ('8bba6cdf54754ccbbd4591dfdb644237', '小学生背着“锅碗瓢盆”去春游', '', 'https://fyb-1.cdn.bcebos.com/fyb/de6163834f53ca92c1273fff98ac9078.jpeg', '百度', 'https://www.baidu.com/s?wd=%E5%B0%8F%E5%AD%A6%E7%94%9F%E8%83%8C%E7%9D%80%E2%80%9C%E9%94%85%E7%A2%97%E7%93%A2%E7%9B%86%E2%80%9D%E5%8E%BB%E6%98%A5%E6%B8%B8&sa=fyb_news&rsv_dl=fyb_news', '2023-03-05 14:06:01', '2023-03-05 14:06:01', '2023-03-05 14:06:01', 2, NULL);
INSERT INTO `headline_news` VALUES ('8bf9398825514f58ae2281b7d086c62d', '硅谷银行已被出售给第一公民银行', '近日，第一公民银行正与美国联邦存款保险公司就收购本月初倒闭的硅谷银行展开深入谈判，接近达成对硅谷银行的收购交易。', 'https://fyb-2.cdn.bcebos.com/hotboard_image/a88d396359eb5b885cd1f96c778faccc', '百度', 'https://www.baidu.com/s?wd=%E7%A1%85%E8%B0%B7%E9%93%B6%E8%A1%8C%E5%B7%B2%E8%A2%AB%E5%87%BA%E5%94%AE%E7%BB%99%E7%AC%AC%E4%B8%80%E5%85%AC%E6%B0%91%E9%93%B6%E8%A1%8C&sa=fyb_news&rsv_dl=fyb_news', '2023-03-27 15:44:01', '2023-03-27 15:44:01', '2023-03-27 15:44:01', 2, NULL);
INSERT INTO `headline_news` VALUES ('8c13fa3c4f7746009746da4865b8a878', '月薪4万招人去非洲养鸡？企业回应', '23日，山东青岛一企业称月薪3-4万招聘养鸡场场长，工作地点在坦桑尼亚。工作人员称：是真的，但要技术过硬，环境比较艰苦，不招20岁以下年轻人。', 'https://fyb-2.cdn.bcebos.com/hotboard_image/61fd9c8ab9eabcf3581b27f4f5f3aa9d', '百度', 'https://www.baidu.com/s?wd=%E6%9C%88%E8%96%AA4%E4%B8%87%E6%8B%9B%E4%BA%BA%E5%8E%BB%E9%9D%9E%E6%B4%B2%E5%85%BB%E9%B8%A1%EF%BC%9F%E4%BC%81%E4%B8%9A%E5%9B%9E%E5%BA%94&sa=fyb_news&rsv_dl=fyb_news', '2023-02-24 13:11:01', '2023-02-24 13:11:01', '2023-02-24 13:11:01', 2, NULL);
INSERT INTO `headline_news` VALUES ('8ccd12d3cf9b4c15811080b0872ec25f', 'G7发涉华声明 中方为何重点敲打日本', '', 'https://fyb-1.cdn.bcebos.com/fyb/de6163834f53ca92c1273fff98ac9078.jpeg', '百度', 'https://www.baidu.com/s?wd=G7%E5%8F%91%E6%B6%89%E5%8D%8E%E5%A3%B0%E6%98%8E+%E4%B8%AD%E6%96%B9%E4%B8%BA%E4%BD%95%E9%87%8D%E7%82%B9%E6%95%B2%E6%89%93%E6%97%A5%E6%9C%AC&sa=fyb_news&rsv_dl=fyb_news', '2023-04-20 14:14:05', '2023-04-20 14:14:05', '2023-04-20 14:14:05', 2, NULL);
INSERT INTO `headline_news` VALUES ('8ce503c216914a6b9f1da8065c130f16', '曝梅西店铺网站将台湾列为国家', '', 'https://fyb-1.cdn.bcebos.com/fyb/de6163834f53ca92c1273fff98ac9078.jpeg', '百度', 'https://www.baidu.com/s?wd=%E6%9B%9D%E6%A2%85%E8%A5%BF%E5%BA%97%E9%93%BA%E7%BD%91%E7%AB%99%E5%B0%86%E5%8F%B0%E6%B9%BE%E5%88%97%E4%B8%BA%E5%9B%BD%E5%AE%B6&sa=fyb_news&rsv_dl=fyb_news', '2023-04-20 12:06:05', '2023-04-20 12:06:05', '2023-04-20 12:06:05', 2, NULL);
INSERT INTO `headline_news` VALUES ('8d2469c6437e40f8adf0bb65bdf11af4', '普京：将在白俄罗斯部署战术核武器', '', 'https://fyb-1.cdn.bcebos.com/fyb/de6163834f53ca92c1273fff98ac9078.jpeg', '百度', 'https://www.baidu.com/s?wd=%E6%99%AE%E4%BA%AC%EF%BC%9A%E5%B0%86%E5%9C%A8%E7%99%BD%E4%BF%84%E7%BD%97%E6%96%AF%E9%83%A8%E7%BD%B2%E6%88%98%E6%9C%AF%E6%A0%B8%E6%AD%A6%E5%99%A8&sa=fyb_news&rsv_dl=fyb_news', '2023-03-26 10:30:01', '2023-03-26 10:30:01', '2023-03-26 10:30:01', 2, NULL);
INSERT INTO `headline_news` VALUES ('8d6226774fa248408777a6af5788a23f', '媒体:宝马再道歉堪称史诗级公关灾难', '21日，宝马MINI发文称车展冰淇淋事件中的“老外”是同事，并呼吁给刚踏入社会的礼仪小姐多点宽容和空间。媒体：还真是公关上的史诗级灾难。', 'https://fyb-2.cdn.bcebos.com/hotboard_image/6987005481ff9f07d3f4cc44bdbad8db', '百度', 'https://www.baidu.com/s?wd=%E5%AA%92%E4%BD%93%3A%E5%AE%9D%E9%A9%AC%E5%86%8D%E9%81%93%E6%AD%89%E5%A0%AA%E7%A7%B0%E5%8F%B2%E8%AF%97%E7%BA%A7%E5%85%AC%E5%85%B3%E7%81%BE%E9%9A%BE&sa=fyb_news&rsv_dl=fyb_news', '2023-04-21 11:01:09', '2023-04-21 11:01:09', '2023-04-21 11:01:09', 2, NULL);
INSERT INTO `headline_news` VALUES ('8d85b37634244a66a78f1179196ab1ae', '男子给猫纹身被指虐猫遭网暴', '', 'https://fyb-1.cdn.bcebos.com/fyb/de6163834f53ca92c1273fff98ac9078.jpeg', '百度', 'https://www.baidu.com/s?wd=%E7%94%B7%E5%AD%90%E7%BB%99%E7%8C%AB%E7%BA%B9%E8%BA%AB%E8%A2%AB%E6%8C%87%E8%99%90%E7%8C%AB%E9%81%AD%E7%BD%91%E6%9A%B4&sa=fyb_news&rsv_dl=fyb_news', '2023-03-26 12:09:01', '2023-03-26 12:09:01', '2023-03-26 12:09:01', 2, NULL);
INSERT INTO `headline_news` VALUES ('8dc0e75063dd4d8aabdbf1c360506175', '蔚来HR称员工加班进急诊3次是自愿', '', 'https://fyb-1.cdn.bcebos.com/fyb/de6163834f53ca92c1273fff98ac9078.jpeg', '百度', 'https://www.baidu.com/s?wd=%E8%94%9A%E6%9D%A5HR%E7%A7%B0%E5%91%98%E5%B7%A5%E5%8A%A0%E7%8F%AD%E8%BF%9B%E6%80%A5%E8%AF%8A3%E6%AC%A1%E6%98%AF%E8%87%AA%E6%84%BF&sa=fyb_news&rsv_dl=fyb_news', '2023-04-23 10:54:15', '2023-04-23 10:54:15', '2023-04-23 10:54:15', 2, NULL);
INSERT INTO `headline_news` VALUES ('8dd8eeb2c4204d58b686ca0fb0180797', '谱写和平发展新篇章', '习近平主席提出构建人类命运共同体理念迎来十周年。今天的中国，以更开放的胸怀拥抱世界，在通往共同繁荣的道路上，与各国一道不断谱写和平发展新篇章。', 'https://fyb-2.cdn.bcebos.com/hotboard_image/666f855d0da6c4da0017eb7ac2c7477e', '百度', 'https://www.baidu.com/s?wd=%E8%B0%B1%E5%86%99%E5%92%8C%E5%B9%B3%E5%8F%91%E5%B1%95%E6%96%B0%E7%AF%87%E7%AB%A0&sa=fyb_news&rsv_dl=fyb_news', '2023-03-26 10:30:01', '2023-03-26 10:30:01', '2023-03-26 10:30:01', 2, NULL);
INSERT INTO `headline_news` VALUES ('8e0b5a01868f4b19ad7a2fcd269a4e01', '专家称要求女方没弟弟是畸形择偶观', '', 'https://fyb-1.cdn.bcebos.com/fyb/de6163834f53ca92c1273fff98ac9078.jpeg', '百度', 'https://www.baidu.com/s?wd=%E4%B8%93%E5%AE%B6%E7%A7%B0%E8%A6%81%E6%B1%82%E5%A5%B3%E6%96%B9%E6%B2%A1%E5%BC%9F%E5%BC%9F%E6%98%AF%E7%95%B8%E5%BD%A2%E6%8B%A9%E5%81%B6%E8%A7%82&sa=fyb_news&rsv_dl=fyb_news', '2023-04-22 07:36:04', '2023-04-22 07:36:04', '2023-04-22 07:36:04', 2, NULL);
INSERT INTO `headline_news` VALUES ('8e2204d600d44bd686dd37392bfacc82', '探访风波中的宝马mini展台', '4月20日，网友爆料上海车展宝马MINI展台工作人员区别对待中外访客。之后宝马MINI因冰激凌事件冲上热搜。探访风波中的宝马mini展台。', 'https://fyb-2.cdn.bcebos.com/hotboard_image/03c1f2b25bdd1a15cf8ae5928b24927f', '百度', 'https://www.baidu.com/s?wd=%E6%8E%A2%E8%AE%BF%E9%A3%8E%E6%B3%A2%E4%B8%AD%E7%9A%84%E5%AE%9D%E9%A9%ACmini%E5%B1%95%E5%8F%B0&sa=fyb_news&rsv_dl=fyb_news', '2023-04-20 16:31:04', '2023-04-20 16:31:04', '2023-04-20 16:31:04', 2, NULL);
INSERT INTO `headline_news` VALUES ('8e848203b97e4d41a732ab79db7037f7', '涉嫌猥亵女干部的县长辞去人大代表', '根据赣州市人民代表大会常务委员会2月25日公告，涉嫌猥亵女干部的县长李秋平辞去了赣州市第六届人大代表职务。根据有关法律规定，其代表资格终止。', 'https://fyb-2.cdn.bcebos.com/hotboard_image/4dd164e3de05b964af227459fca6ee87', '百度', 'https://www.baidu.com/s?wd=%E6%B6%89%E5%AB%8C%E7%8C%A5%E4%BA%B5%E5%A5%B3%E5%B9%B2%E9%83%A8%E7%9A%84%E5%8E%BF%E9%95%BF%E8%BE%9E%E5%8E%BB%E4%BA%BA%E5%A4%A7%E4%BB%A3%E8%A1%A8&sa=fyb_news&rsv_dl=fyb_news', '2023-02-25 13:23:01', '2023-02-25 13:23:01', '2023-02-25 13:23:01', 2, NULL);
INSERT INTO `headline_news` VALUES ('8eacb9baa9984d178354e977ae2afff4', '美国开始规划6G无线通讯战略', '据悉，美已开始规划6G无线通讯战略，白宫与美企业、政府技术官员和学术专家着手制定新的6G通信技术的战略，并从5G技术发展中吸取教训。', 'https://fyb-2.cdn.bcebos.com/hotboard_image/681bfec70de1bab6e2db569e1928da15', '百度', 'https://www.baidu.com/s?wd=%E7%BE%8E%E5%9B%BD%E5%BC%80%E5%A7%8B%E8%A7%84%E5%88%926G%E6%97%A0%E7%BA%BF%E9%80%9A%E8%AE%AF%E6%88%98%E7%95%A5&sa=fyb_news&rsv_dl=fyb_news', '2023-04-22 20:39:07', '2023-04-22 20:39:07', '2023-04-22 20:39:07', 2, NULL);
INSERT INTO `headline_news` VALUES ('8ed474ab14bb48b7ba9e1fbe82e265bb', '文明互鉴 美美与共', '在中国共产党与世界政党高层对话会上，习近平指出，在构建人类命运共同体理念指引下，中国推动不同文明交流对话，共建美美与共的世界文明百花园。n', 'https://fyb-2.cdn.bcebos.com/hotboard_image/a0659dcf6eda9d3a634ae46c7b1ffb30', '百度', 'https://www.baidu.com/s?wd=%E6%96%87%E6%98%8E%E4%BA%92%E9%89%B4+%E7%BE%8E%E7%BE%8E%E4%B8%8E%E5%85%B1&sa=fyb_news&rsv_dl=fyb_news', '2023-03-26 22:48:00', '2023-03-26 22:48:00', '2023-03-26 22:48:00', 2, NULL);
INSERT INTO `headline_news` VALUES ('8eeaabba6b0a44bea32bc1f26e759a23', '#安以轩老公被判监禁14年#', '', 'https://fyb-1.cdn.bcebos.com/fyb/444846eeb217ede8c838d13ae8c9c9b0.jpg', '百度', 'https://www.baidu.com/s?wd=%23%E5%AE%89%E4%BB%A5%E8%BD%A9%E8%80%81%E5%85%AC%E8%A2%AB%E5%88%A4%E7%9B%91%E7%A6%8114%E5%B9%B4%23&sa=fyb_news&rsv_dl=fyb_news', '2023-04-21 14:02:06', '2023-04-21 14:02:06', '2023-04-21 14:02:06', 2, NULL);
INSERT INTO `headline_news` VALUES ('8f79a2dd5b6f4b31bb758b014dcdc604', '委员建议推行农民职业年金制度', '', 'https://fyb-1.cdn.bcebos.com/fyb/de6163834f53ca92c1273fff98ac9078.jpeg', '百度', 'https://www.baidu.com/s?wd=%E5%A7%94%E5%91%98%E5%BB%BA%E8%AE%AE%E6%8E%A8%E8%A1%8C%E5%86%9C%E6%B0%91%E8%81%8C%E4%B8%9A%E5%B9%B4%E9%87%91%E5%88%B6%E5%BA%A6&sa=fyb_news&rsv_dl=fyb_news', '2023-03-05 10:09:01', '2023-03-05 10:09:01', '2023-03-05 10:09:01', 2, NULL);
INSERT INTO `headline_news` VALUES ('8f8399d095de4eb4a6345ba090029e62', '各地这样促民营经济增活力', '本周，全国多地相继出台发展民营经济的具体措施，多措并举加码支持民营经济，通过实实在在的政策来提振民营经济的发展信心，助力民营经济高质量发展。', 'https://fyb-2.cdn.bcebos.com/hotboard_image/4b550cbe114f042edc2b5ea7869ddfe0', '百度', 'https://www.baidu.com/s?wd=%E5%90%84%E5%9C%B0%E8%BF%99%E6%A0%B7%E4%BF%83%E6%B0%91%E8%90%A5%E7%BB%8F%E6%B5%8E%E5%A2%9E%E6%B4%BB%E5%8A%9B&sa=fyb_news&rsv_dl=fyb_news', '2023-03-26 17:52:01', '2023-03-26 17:52:01', '2023-03-26 17:52:01', 2, NULL);
INSERT INTO `headline_news` VALUES ('8f8c2998b7554d0d8be7ac45398bd5f3', '两女生海边拍照险被涨潮卷走', '', 'https://fyb-1.cdn.bcebos.com/fyb/de6163834f53ca92c1273fff98ac9078.jpeg', '百度', 'https://www.baidu.com/s?wd=%E4%B8%A4%E5%A5%B3%E7%94%9F%E6%B5%B7%E8%BE%B9%E6%8B%8D%E7%85%A7%E9%99%A9%E8%A2%AB%E6%B6%A8%E6%BD%AE%E5%8D%B7%E8%B5%B0&sa=fyb_news&rsv_dl=fyb_news', '2023-04-23 12:21:21', '2023-04-23 12:21:21', '2023-04-23 12:21:21', 2, NULL);
INSERT INTO `headline_news` VALUES ('8fb30205f54c4da888afccfc0deefc94', '委员建议推行渐进式延迟退休', '', 'https://fyb-1.cdn.bcebos.com/fyb/de6163834f53ca92c1273fff98ac9078.jpeg', '百度', 'https://www.baidu.com/s?wd=%E5%A7%94%E5%91%98%E5%BB%BA%E8%AE%AE%E6%8E%A8%E8%A1%8C%E6%B8%90%E8%BF%9B%E5%BC%8F%E5%BB%B6%E8%BF%9F%E9%80%80%E4%BC%91&sa=fyb_news&rsv_dl=fyb_news', '2023-03-05 16:13:01', '2023-03-05 16:13:01', '2023-03-05 16:13:01', 2, NULL);
INSERT INTO `headline_news` VALUES ('90a1d60b131b4cccbf86f82cef54db31', '夫妻摆摊日入9千网友让查税', '', 'https://fyb-1.cdn.bcebos.com/fyb/de6163834f53ca92c1273fff98ac9078.jpeg', '百度', 'https://www.baidu.com/s?wd=%E5%A4%AB%E5%A6%BB%E6%91%86%E6%91%8A%E6%97%A5%E5%85%A59%E5%8D%83%E7%BD%91%E5%8F%8B%E8%AE%A9%E6%9F%A5%E7%A8%8E&sa=fyb_news&rsv_dl=fyb_news', '2023-03-26 20:15:00', '2023-03-26 20:15:00', '2023-03-26 20:15:00', 2, NULL);
INSERT INTO `headline_news` VALUES ('90c2f46eaccb40dca298918a6ffe77db', '委员建议“双一流”建设给予河南倾斜', '全国政协委员、郑州轻工业大学校长魏世忠表示，建议在国家“双一流”建设动态调整中给予河南省倾斜，将河南一流培育学科纳入国家一流学科建设体系。', 'https://fyb-2.cdn.bcebos.com/hotboard_image/956920916dd6b2a45e6cd9ec180e9ce3', '百度', 'https://www.baidu.com/s?wd=%E5%A7%94%E5%91%98%E5%BB%BA%E8%AE%AE%E2%80%9C%E5%8F%8C%E4%B8%80%E6%B5%81%E2%80%9D%E5%BB%BA%E8%AE%BE%E7%BB%99%E4%BA%88%E6%B2%B3%E5%8D%97%E5%80%BE%E6%96%9C&sa=fyb_news&rsv_dl=fyb_news', '2023-03-04 21:59:01', '2023-03-04 21:59:01', '2023-03-04 21:59:01', 2, NULL);
INSERT INTO `headline_news` VALUES ('90fa00eb29a94cd18ab14e9fa8dae21f', '清明节放假1天不调休', '你是不是已经开始期待下一次假期了？今年清明节4月5日放假共1天，不调休，想出行的小伙伴们，可以提前计划起来了！', 'https://fyb-2.cdn.bcebos.com/hotboard_image/a72589ead190d1f254a8a93ad8888af9', '百度', 'https://www.baidu.com/s?wd=%E6%B8%85%E6%98%8E%E8%8A%82%E6%94%BE%E5%81%871%E5%A4%A9%E4%B8%8D%E8%B0%83%E4%BC%91&sa=fyb_news&rsv_dl=fyb_news', '2023-02-25 13:33:15', '2023-02-25 13:33:15', '2023-02-25 13:33:15', 2, NULL);
INSERT INTO `headline_news` VALUES ('912782c82730445ca1762a6fb7bd217f', '上海车展已禁止车企送冰淇淋', '', 'https://fyb-1.cdn.bcebos.com/fyb/de6163834f53ca92c1273fff98ac9078.jpeg', '百度', 'https://www.baidu.com/s?wd=%E4%B8%8A%E6%B5%B7%E8%BD%A6%E5%B1%95%E5%B7%B2%E7%A6%81%E6%AD%A2%E8%BD%A6%E4%BC%81%E9%80%81%E5%86%B0%E6%B7%87%E6%B7%8B&sa=fyb_news&rsv_dl=fyb_news', '2023-04-22 16:03:06', '2023-04-22 16:03:06', '2023-04-22 16:03:06', 2, NULL);
INSERT INTO `headline_news` VALUES ('915368ce8887437899bde356dd39f4da', '中国新能源汽车产销量全世界第一', '3月4日，全国政协委员、吉利控股集团董事长李书福称，中国是世界上最大的新能源汽车的生产国、消费国。中国连续八年新能源汽车产销量全世界第一。', 'https://fyb-2.cdn.bcebos.com/hotboard_image/02f9420a9f2db8e4b7ff80e20cf8530d', '百度', 'https://www.baidu.com/s?wd=%E4%B8%AD%E5%9B%BD%E6%96%B0%E8%83%BD%E6%BA%90%E6%B1%BD%E8%BD%A6%E4%BA%A7%E9%94%80%E9%87%8F%E5%85%A8%E4%B8%96%E7%95%8C%E7%AC%AC%E4%B8%80&sa=fyb_news&rsv_dl=fyb_news', '2023-03-05 11:44:01', '2023-03-05 11:44:01', '2023-03-05 11:44:01', 2, NULL);
INSERT INTO `headline_news` VALUES ('9156626d93814c0ca4cae5956848dbce', '开封舰首次向公众开放', '', 'https://fyb-1.cdn.bcebos.com/fyb/de6163834f53ca92c1273fff98ac9078.jpeg', '百度', 'https://www.baidu.com/s?wd=%E5%BC%80%E5%B0%81%E8%88%B0%E9%A6%96%E6%AC%A1%E5%90%91%E5%85%AC%E4%BC%97%E5%BC%80%E6%94%BE&sa=fyb_news&rsv_dl=fyb_news', '2023-04-22 20:33:03', '2023-04-22 20:33:03', '2023-04-22 20:33:03', 2, NULL);
INSERT INTO `headline_news` VALUES ('915e9c97a4ef468f86c63046d568c058', '深圳二手房贷或将与参考价脱钩', '', 'https://fyb-1.cdn.bcebos.com/fyb/de6163834f53ca92c1273fff98ac9078.jpeg', '百度', 'https://www.baidu.com/s?wd=%E6%B7%B1%E5%9C%B3%E4%BA%8C%E6%89%8B%E6%88%BF%E8%B4%B7%E6%88%96%E5%B0%86%E4%B8%8E%E5%8F%82%E8%80%83%E4%BB%B7%E8%84%B1%E9%92%A9&sa=fyb_news&rsv_dl=fyb_news', '2023-04-21 07:30:01', '2023-04-21 07:30:01', '2023-04-21 07:30:01', 2, NULL);
INSERT INTO `headline_news` VALUES ('91a031cc594c485fbb53f3e7add64cf0', '高叶自侃被礼服鲨疯了', '', 'https://fyb-1.cdn.bcebos.com/fyb/de6163834f53ca92c1273fff98ac9078.jpeg', '百度', 'https://www.baidu.com/s?wd=%E9%AB%98%E5%8F%B6%E8%87%AA%E4%BE%83%E8%A2%AB%E7%A4%BC%E6%9C%8D%E9%B2%A8%E7%96%AF%E4%BA%86&sa=fyb_news&rsv_dl=fyb_news', '2023-04-22 17:55:02', '2023-04-22 17:55:02', '2023-04-22 17:55:02', 2, NULL);
INSERT INTO `headline_news` VALUES ('923d08ae52194d8b9c5b5b4b27367de9', '委员：建议高考外语必考改选考', '全国政协委员陈伟志提交了一份《关于推进全国中考、高考英语科目改革的建议》的提案，他建议将高考外语必考科目改为选考科目，中考英语实行等级考试。', 'https://fyb-2.cdn.bcebos.com/hotboard_image/73462faac097e77bf3bfd7723fa51e24', '百度', 'https://www.baidu.com/s?wd=%E5%A7%94%E5%91%98%EF%BC%9A%E5%BB%BA%E8%AE%AE%E9%AB%98%E8%80%83%E5%A4%96%E8%AF%AD%E5%BF%85%E8%80%83%E6%94%B9%E9%80%89%E8%80%83&sa=fyb_news&rsv_dl=fyb_news', '2023-03-05 11:54:01', '2023-03-05 11:54:01', '2023-03-05 11:54:01', 2, NULL);
INSERT INTO `headline_news` VALUES ('927dcbce417f4c948d3d290e2d9f01aa', '被“断交” 吴钊燮宣称不回避责任', '', 'https://fyb-1.cdn.bcebos.com/fyb/de6163834f53ca92c1273fff98ac9078.jpeg', '百度', 'https://www.baidu.com/s?wd=%E8%A2%AB%E2%80%9C%E6%96%AD%E4%BA%A4%E2%80%9D+%E5%90%B4%E9%92%8A%E7%87%AE%E5%AE%A3%E7%A7%B0%E4%B8%8D%E5%9B%9E%E9%81%BF%E8%B4%A3%E4%BB%BB&sa=fyb_news&rsv_dl=fyb_news', '2023-03-26 12:17:02', '2023-03-26 12:17:02', '2023-03-26 12:17:02', 2, NULL);
INSERT INTO `headline_news` VALUES ('92a25fc7587b4db9bd1df39bfecdc9af', '秦刚：欢迎洪都拉斯总统尽早访华', '', 'https://fyb-1.cdn.bcebos.com/fyb/de6163834f53ca92c1273fff98ac9078.jpeg', '百度', 'https://www.baidu.com/s?wd=%E7%A7%A6%E5%88%9A%EF%BC%9A%E6%AC%A2%E8%BF%8E%E6%B4%AA%E9%83%BD%E6%8B%89%E6%96%AF%E6%80%BB%E7%BB%9F%E5%B0%BD%E6%97%A9%E8%AE%BF%E5%8D%8E&sa=fyb_news&rsv_dl=fyb_news', '2023-03-26 22:15:01', '2023-03-26 22:15:01', '2023-03-26 22:15:01', 2, NULL);
INSERT INTO `headline_news` VALUES ('92c371131449425cb689cf4c12f253d6', '4个新突破彰显中国发展的世界机遇', '第133届广交会4月15日至5月5日在广州线下开展，这是历史上规模最大的一届，实现了规模扩大、题材优化、线上线下融合、质量提升4个新突破。', 'https://fyb-2.cdn.bcebos.com/hotboard_image/81ee2945a34fa74410edcd7bf803e8b4', '百度', 'https://www.baidu.com/s?wd=4%E4%B8%AA%E6%96%B0%E7%AA%81%E7%A0%B4%E5%BD%B0%E6%98%BE%E4%B8%AD%E5%9B%BD%E5%8F%91%E5%B1%95%E7%9A%84%E4%B8%96%E7%95%8C%E6%9C%BA%E9%81%87&sa=fyb_news&rsv_dl=fyb_news', '2023-04-20 00:59:05', '2023-04-20 00:59:05', '2023-04-20 00:59:05', 2, NULL);
INSERT INTO `headline_news` VALUES ('92e97bf17ff64452a07708f150990b4a', '感动中国2022年度人物', '3月4日晚，《感动中国2022年度人物颁奖盛典》在中央电视台综合频道、央视新闻客户端等平台播出，全面展现中国人所经历的波澜壮阔的2022年。', 'https://fyb-2.cdn.bcebos.com/hotboard_image/283c36c37ae8841ef25ff4d3704196a1', '百度', 'https://www.baidu.com/s?wd=%E6%84%9F%E5%8A%A8%E4%B8%AD%E5%9B%BD2022%E5%B9%B4%E5%BA%A6%E4%BA%BA%E7%89%A9&sa=fyb_news&rsv_dl=fyb_news', '2023-03-04 21:54:01', '2023-03-04 21:54:01', '2023-03-04 21:54:01', 2, NULL);
INSERT INTO `headline_news` VALUES ('9324bd29c6c34df08878bfe2a25e2c91', '官员称落马是因忘给菩萨过生日', '2月22日，中央纪委国家监委网站发布文章称，海南公安厅原巡视员宋顺勇，在被组织采取留置措施后，认为其“落马”是当年忘记给观音菩萨过生日所致。', 'https://fyb-2.cdn.bcebos.com/hotboard_image/14d1909fcfa34f64ee432ce6a2e0fa37', '百度', 'https://www.baidu.com/s?wd=%E5%AE%98%E5%91%98%E7%A7%B0%E8%90%BD%E9%A9%AC%E6%98%AF%E5%9B%A0%E5%BF%98%E7%BB%99%E8%8F%A9%E8%90%A8%E8%BF%87%E7%94%9F%E6%97%A5&sa=fyb_news&rsv_dl=fyb_news', '2023-02-23 14:34:01', '2023-02-23 14:34:01', '2023-02-23 14:34:01', 2, NULL);
INSERT INTO `headline_news` VALUES ('932601999ff84ce99d0adc6b9f879f9f', '多座内陆城市近期举行集体海葬', '据悉，内蒙古、陕西、山东等多座内陆城市近期举行集体海葬，海葬地点选择在青岛海域。这是为什么呢？', 'https://fyb-2.cdn.bcebos.com/hotboard_image/8ff7e953b9b1c079b4e3117e23188e06', '百度', 'https://www.baidu.com/s?wd=%E5%A4%9A%E5%BA%A7%E5%86%85%E9%99%86%E5%9F%8E%E5%B8%82%E8%BF%91%E6%9C%9F%E4%B8%BE%E8%A1%8C%E9%9B%86%E4%BD%93%E6%B5%B7%E8%91%AC&sa=fyb_news&rsv_dl=fyb_news', '2023-04-22 22:09:04', '2023-04-22 22:09:04', '2023-04-22 22:09:04', 2, NULL);
INSERT INTO `headline_news` VALUES ('93e0cea0ef6a4e84b8c9190f0fcf2c4c', '警方通报男子地铁上纠缠骚扰女乘客', '', 'https://fyb-1.cdn.bcebos.com/fyb/de6163834f53ca92c1273fff98ac9078.jpeg', '百度', 'https://www.baidu.com/s?wd=%E8%AD%A6%E6%96%B9%E9%80%9A%E6%8A%A5%E7%94%B7%E5%AD%90%E5%9C%B0%E9%93%81%E4%B8%8A%E7%BA%A0%E7%BC%A0%E9%AA%9A%E6%89%B0%E5%A5%B3%E4%B9%98%E5%AE%A2&sa=fyb_news&rsv_dl=fyb_news', '2023-03-26 20:54:00', '2023-03-26 20:54:00', '2023-03-26 20:54:00', 2, NULL);
INSERT INTO `headline_news` VALUES ('93f02baf0fe34c218bdfd8cc3924ea35', '在美华人称见到丫丫感觉非常震撼', '3日，在美华人描述自己见到丫丫时的感受，他表示：见到丫丫的第一面，就感觉非常震撼，就好像谁在心口给你一拳的那种感觉，完全就是呆住了。', 'https://fyb-2.cdn.bcebos.com/hotboard_image/78b6d292df580d328a7d8c9cb1610e89', '百度', 'https://www.baidu.com/s?wd=%E5%9C%A8%E7%BE%8E%E5%8D%8E%E4%BA%BA%E7%A7%B0%E8%A7%81%E5%88%B0%E4%B8%AB%E4%B8%AB%E6%84%9F%E8%A7%89%E9%9D%9E%E5%B8%B8%E9%9C%87%E6%92%BC&sa=fyb_news&rsv_dl=fyb_news', '2023-03-04 21:54:01', '2023-03-04 21:54:01', '2023-03-04 21:54:01', 2, NULL);
INSERT INTO `headline_news` VALUES ('941971293d75456d89d2c30305287d87', '徐工介绍流浪地球2的特殊演员', '', 'https://fyb-1.cdn.bcebos.com/fyb/de6163834f53ca92c1273fff98ac9078.jpeg', '百度', 'https://www.baidu.com/s?wd=%E5%BE%90%E5%B7%A5%E4%BB%8B%E7%BB%8D%E6%B5%81%E6%B5%AA%E5%9C%B0%E7%90%832%E7%9A%84%E7%89%B9%E6%AE%8A%E6%BC%94%E5%91%98&sa=fyb_news&rsv_dl=fyb_news', '2023-03-05 10:45:02', '2023-03-05 10:45:02', '2023-03-05 10:45:02', 2, NULL);
INSERT INTO `headline_news` VALUES ('9426ec6b0ce44a6aa1480b5d18d5883f', '知名杂志因大量AI生成投稿暂停征稿', '', 'https://fyb-1.cdn.bcebos.com/fyb/de6163834f53ca92c1273fff98ac9078.jpeg', '百度', 'https://www.baidu.com/s?wd=%E7%9F%A5%E5%90%8D%E6%9D%82%E5%BF%97%E5%9B%A0%E5%A4%A7%E9%87%8FAI%E7%94%9F%E6%88%90%E6%8A%95%E7%A8%BF%E6%9A%82%E5%81%9C%E5%BE%81%E7%A8%BF&sa=fyb_news&rsv_dl=fyb_news', '2023-02-25 14:19:01', '2023-02-25 14:19:01', '2023-02-25 14:19:01', 2, NULL);
INSERT INTO `headline_news` VALUES ('94977a2d21cb426da3561cf6a488514e', '王嘉尔公司退股张艺兴合伙企业', '', 'https://fyb-1.cdn.bcebos.com/fyb/de6163834f53ca92c1273fff98ac9078.jpeg', '百度', 'https://www.baidu.com/s?wd=%E7%8E%8B%E5%98%89%E5%B0%94%E5%85%AC%E5%8F%B8%E9%80%80%E8%82%A1%E5%BC%A0%E8%89%BA%E5%85%B4%E5%90%88%E4%BC%99%E4%BC%81%E4%B8%9A&sa=fyb_news&rsv_dl=fyb_news', '2023-04-20 16:57:11', '2023-04-20 16:57:11', '2023-04-20 16:57:11', 2, NULL);
INSERT INTO `headline_news` VALUES ('94f1e639f9394c00907c32a4d23a98ff', '女子美食城遭多人殴打：三人被刑拘', '近日，咸阳一女子凌晨遭多名男子殴打引发关注。25日，警方发布通报：因琐事发生口角，3名同餐人员被刑拘，案件正在进一步调查办理。', 'https://fyb-2.cdn.bcebos.com/hotboard_image/1414a7c4f9aae0332ef6d0064723b450', '百度', 'https://www.baidu.com/s?wd=%E5%A5%B3%E5%AD%90%E7%BE%8E%E9%A3%9F%E5%9F%8E%E9%81%AD%E5%A4%9A%E4%BA%BA%E6%AE%B4%E6%89%93%EF%BC%9A%E4%B8%89%E4%BA%BA%E8%A2%AB%E5%88%91%E6%8B%98&sa=fyb_news&rsv_dl=fyb_news', '2023-03-26 17:59:01', '2023-03-26 17:59:01', '2023-03-26 17:59:01', 2, NULL);
INSERT INTO `headline_news` VALUES ('955ee91c898244f4a85ee434649a3c0b', '上海车展：把燃油车逼到墙角？', '', 'https://fyb-1.cdn.bcebos.com/fyb/de6163834f53ca92c1273fff98ac9078.jpeg', '百度', 'https://www.baidu.com/s?wd=%E4%B8%8A%E6%B5%B7%E8%BD%A6%E5%B1%95%EF%BC%9A%E6%8A%8A%E7%87%83%E6%B2%B9%E8%BD%A6%E9%80%BC%E5%88%B0%E5%A2%99%E8%A7%92%EF%BC%9F&sa=fyb_news&rsv_dl=fyb_news', '2023-04-22 12:49:03', '2023-04-22 12:49:03', '2023-04-22 12:49:03', 2, NULL);
INSERT INTO `headline_news` VALUES ('95a3f97ce7814bbb8b1360d6640b997a', '大连舰、延安舰、咸阳舰帅气同框', '', 'https://fyb-1.cdn.bcebos.com/fyb/de6163834f53ca92c1273fff98ac9078.jpeg', '百度', 'https://www.baidu.com/s?wd=%E5%A4%A7%E8%BF%9E%E8%88%B0%E3%80%81%E5%BB%B6%E5%AE%89%E8%88%B0%E3%80%81%E5%92%B8%E9%98%B3%E8%88%B0%E5%B8%85%E6%B0%94%E5%90%8C%E6%A1%86&sa=fyb_news&rsv_dl=fyb_news', '2023-04-21 15:52:07', '2023-04-21 15:52:07', '2023-04-21 15:52:07', 2, NULL);
INSERT INTO `headline_news` VALUES ('961f70b5bdb54e3daa07cfd5c871b0f0', '詹子晴给何超莲窦骁的祝福引争议', '', 'https://fyb-1.cdn.bcebos.com/fyb/de6163834f53ca92c1273fff98ac9078.jpeg', '百度', 'https://www.baidu.com/s?wd=%E8%A9%B9%E5%AD%90%E6%99%B4%E7%BB%99%E4%BD%95%E8%B6%85%E8%8E%B2%E7%AA%A6%E9%AA%81%E7%9A%84%E7%A5%9D%E7%A6%8F%E5%BC%95%E4%BA%89%E8%AE%AE&sa=fyb_news&rsv_dl=fyb_news', '2023-04-21 21:20:11', '2023-04-21 21:20:11', '2023-04-21 21:20:11', 2, NULL);
INSERT INTO `headline_news` VALUES ('96a60b1ab7ba4f09a952779351053f0f', '山西一煤矿三天瞒报两起矿难', '', 'https://fyb-1.cdn.bcebos.com/fyb/de6163834f53ca92c1273fff98ac9078.jpeg', '百度', 'https://www.baidu.com/s?wd=%E5%B1%B1%E8%A5%BF%E4%B8%80%E7%85%A4%E7%9F%BF%E4%B8%89%E5%A4%A9%E7%9E%92%E6%8A%A5%E4%B8%A4%E8%B5%B7%E7%9F%BF%E9%9A%BE&sa=fyb_news&rsv_dl=fyb_news', '2023-03-26 10:30:02', '2023-03-26 10:30:02', '2023-03-26 10:30:02', 2, NULL);
INSERT INTO `headline_news` VALUES ('96d77ce791604645a57b7d77fc6bda11', '拜登访加反复拿中国说事 中使馆回应', '近日，美国总统拜登访问加拿大期间，加总理特鲁多以及拜登总统多次炒作涉华问题，反复拿中国说事，中方对此表示强烈不满和坚决反对。', 'https://fyb-2.cdn.bcebos.com/hotboard_image/4dd164e3de05b964af227459fca6ee87', '百度', 'https://www.baidu.com/s?wd=%E6%8B%9C%E7%99%BB%E8%AE%BF%E5%8A%A0%E5%8F%8D%E5%A4%8D%E6%8B%BF%E4%B8%AD%E5%9B%BD%E8%AF%B4%E4%BA%8B+%E4%B8%AD%E4%BD%BF%E9%A6%86%E5%9B%9E%E5%BA%94&sa=fyb_news&rsv_dl=fyb_news', '2023-03-26 12:19:00', '2023-03-26 12:19:00', '2023-03-26 12:19:00', 2, NULL);
INSERT INTO `headline_news` VALUES ('9701f66809b6420b8f3908928fcea718', 'A股大跌，原因找到了！', '', 'https://fyb-1.cdn.bcebos.com/fyb/de6163834f53ca92c1273fff98ac9078.jpeg', '百度', 'https://www.baidu.com/s?wd=A%E8%82%A1%E5%A4%A7%E8%B7%8C%EF%BC%8C%E5%8E%9F%E5%9B%A0%E6%89%BE%E5%88%B0%E4%BA%86%EF%BC%81&sa=fyb_news&rsv_dl=fyb_news', '2023-04-21 22:00:05', '2023-04-21 22:00:05', '2023-04-21 22:00:05', 2, NULL);
INSERT INTO `headline_news` VALUES ('9703d107141540c9b9b29d2e2476ded5', '洪都拉斯是怎样的国家？华人受尊敬', '', 'https://fyb-1.cdn.bcebos.com/fyb/de6163834f53ca92c1273fff98ac9078.jpeg', '百度', 'https://www.baidu.com/s?wd=%E6%B4%AA%E9%83%BD%E6%8B%89%E6%96%AF%E6%98%AF%E6%80%8E%E6%A0%B7%E7%9A%84%E5%9B%BD%E5%AE%B6%EF%BC%9F%E5%8D%8E%E4%BA%BA%E5%8F%97%E5%B0%8A%E6%95%AC&sa=fyb_news&rsv_dl=fyb_news', '2023-03-26 12:44:04', '2023-03-26 12:44:04', '2023-03-26 12:44:04', 2, NULL);
INSERT INTO `headline_news` VALUES ('970bb01e3d0b4d8386d3f30ae54d2e6a', '宝马中国回应冰淇淋事件：正检讨', '近日，上海车展宝马MINI因发冰淇淋被指区别对待中外访客一事持续发酵，截至20日，宝马市值蒸发超180亿元人民币。宝马中国回应：正检讨。', 'https://fyb-2.cdn.bcebos.com/hotboard_image/491685862f5b9b5eec4484c0a2cc9002', '百度', 'https://www.baidu.com/s?wd=%E5%AE%9D%E9%A9%AC%E4%B8%AD%E5%9B%BD%E5%9B%9E%E5%BA%94%E5%86%B0%E6%B7%87%E6%B7%8B%E4%BA%8B%E4%BB%B6%EF%BC%9A%E6%AD%A3%E6%A3%80%E8%AE%A8&sa=fyb_news&rsv_dl=fyb_news', '2023-04-21 17:55:07', '2023-04-21 17:55:07', '2023-04-21 17:55:07', 2, NULL);
INSERT INTO `headline_news` VALUES ('972d0e94ec83411a82f833735c834a37', '男子交往诈骗20余名女友仅2人报警', '近日，陶女士报警称自己被骗，希望警方秘密侦查男友李某。经警方调查，李某交往过20多名女性，诈骗金额70多万，但仅2人报警，多数有家室怕曝光。', 'https://fyb-2.cdn.bcebos.com/hotboard_image/5664d2e78f2a5b71e2ae6c86206b7723', '百度', 'https://www.baidu.com/s?wd=%E7%94%B7%E5%AD%90%E4%BA%A4%E5%BE%80%E8%AF%88%E9%AA%9720%E4%BD%99%E5%90%8D%E5%A5%B3%E5%8F%8B%E4%BB%852%E4%BA%BA%E6%8A%A5%E8%AD%A6&sa=fyb_news&rsv_dl=fyb_news', '2023-04-20 00:59:05', '2023-04-20 00:59:05', '2023-04-20 00:59:05', 2, NULL);
INSERT INTO `headline_news` VALUES ('974caa3a51fc4770978f340610eb99fb', '张颂文高叶再现狂飙拥抱', '电视剧《狂飙》热播后，大哥大嫂的扮演者张颂文、高叶人气爆火。北京国际电影节上，张颂文与高叶《狂飙》后首合体，再现狂飙拥抱。', 'https://fyb-2.cdn.bcebos.com/hotboard_image/a0fd13a9d95119bd0ddd38e533471b2d', '百度', 'https://www.baidu.com/s?wd=%E5%BC%A0%E9%A2%82%E6%96%87%E9%AB%98%E5%8F%B6%E5%86%8D%E7%8E%B0%E7%8B%82%E9%A3%99%E6%8B%A5%E6%8A%B1&sa=fyb_news&rsv_dl=fyb_news', '2023-04-22 15:58:08', '2023-04-22 15:58:08', '2023-04-22 15:58:08', 2, NULL);
INSERT INTO `headline_news` VALUES ('977ccc949f3c43c9bb8cea02ad4a2505', '长峰医院火灾29名遇难者情况公布', '在死亡人员中，男性13人、女性16人；住院患者26人、患者家属1人、护工1人、护士1人；北京26人，河北、湖南、山东各1人；80岁以上有5人。', 'https://fyb-2.cdn.bcebos.com/hotboard_image/9a46f00fcaa68b04d3a232f99bd76100', '百度', 'https://www.baidu.com/s?wd=%E9%95%BF%E5%B3%B0%E5%8C%BB%E9%99%A2%E7%81%AB%E7%81%BE29%E5%90%8D%E9%81%87%E9%9A%BE%E8%80%85%E6%83%85%E5%86%B5%E5%85%AC%E5%B8%83&sa=fyb_news&rsv_dl=fyb_news', '2023-04-20 02:14:02', '2023-04-20 02:14:02', '2023-04-20 02:14:02', 2, NULL);
INSERT INTO `headline_news` VALUES ('981189413ac24aaf8c1509ba548de388', '美国核导弹基地军人自曝患血癌', '', 'https://fyb-1.cdn.bcebos.com/fyb/de6163834f53ca92c1273fff98ac9078.jpeg', '百度', 'https://www.baidu.com/s?wd=%E7%BE%8E%E5%9B%BD%E6%A0%B8%E5%AF%BC%E5%BC%B9%E5%9F%BA%E5%9C%B0%E5%86%9B%E4%BA%BA%E8%87%AA%E6%9B%9D%E6%82%A3%E8%A1%80%E7%99%8C&sa=fyb_news&rsv_dl=fyb_news', '2023-02-24 13:44:01', '2023-02-24 13:44:01', '2023-02-24 13:44:01', 2, NULL);
INSERT INTO `headline_news` VALUES ('986c70bb201a4a86af45b78e1a9a1541', '王毅与普京会晤：中俄关系稳如泰山', '当地时间22日，中共中央政治局委员、中央外事工作委员会办公室主任王毅在莫斯科与俄罗斯总统普京举行会晤，王毅表示，中俄关系成熟坚韧，稳如泰山。', 'https://fyb-2.cdn.bcebos.com/hotboard_image/4dd164e3de05b964af227459fca6ee87', '百度', 'https://www.baidu.com/s?wd=%E7%8E%8B%E6%AF%85%E4%B8%8E%E6%99%AE%E4%BA%AC%E4%BC%9A%E6%99%A4%EF%BC%9A%E4%B8%AD%E4%BF%84%E5%85%B3%E7%B3%BB%E7%A8%B3%E5%A6%82%E6%B3%B0%E5%B1%B1&sa=fyb_news&rsv_dl=fyb_news', '2023-02-23 11:24:01', '2023-02-23 11:24:01', '2023-02-23 11:24:01', 2, NULL);
INSERT INTO `headline_news` VALUES ('987a415fea6f460eb561fb53a160e2bd', '梅德韦杰夫回应韩总统向乌援武表态', '', 'https://fyb-1.cdn.bcebos.com/fyb/de6163834f53ca92c1273fff98ac9078.jpeg', '百度', 'https://www.baidu.com/s?wd=%E6%A2%85%E5%BE%B7%E9%9F%A6%E6%9D%B0%E5%A4%AB%E5%9B%9E%E5%BA%94%E9%9F%A9%E6%80%BB%E7%BB%9F%E5%90%91%E4%B9%8C%E6%8F%B4%E6%AD%A6%E8%A1%A8%E6%80%81&sa=fyb_news&rsv_dl=fyb_news', '2023-04-20 10:54:06', '2023-04-20 10:54:06', '2023-04-20 10:54:06', 2, NULL);
INSERT INTO `headline_news` VALUES ('987b20d5e7ea42e8929a65aebe54e6c1', '日媒曝在北京被捕日本男子身份', '3月25日，据媒体报道一名50多岁的日本男子在北京被捕，据悉该男子可能涉嫌从事间谍活动。26日，日媒报道这名男性是安斯泰来制药集团的员工。', 'https://fyb-2.cdn.bcebos.com/hotboard_image/4dd164e3de05b964af227459fca6ee87', '百度', 'https://www.baidu.com/s?wd=%E6%97%A5%E5%AA%92%E6%9B%9D%E5%9C%A8%E5%8C%97%E4%BA%AC%E8%A2%AB%E6%8D%95%E6%97%A5%E6%9C%AC%E7%94%B7%E5%AD%90%E8%BA%AB%E4%BB%BD&sa=fyb_news&rsv_dl=fyb_news', '2023-03-27 10:14:01', '2023-03-27 10:14:01', '2023-03-27 10:14:01', 2, NULL);
INSERT INTO `headline_news` VALUES ('989755bcdc3d475c85323b1a96f2effc', '委员建议：允许节日燃放烟花爆竹', '', 'https://fyb-1.cdn.bcebos.com/fyb/de6163834f53ca92c1273fff98ac9078.jpeg', '百度', 'https://www.baidu.com/s?wd=%E5%A7%94%E5%91%98%E5%BB%BA%E8%AE%AE%EF%BC%9A%E5%85%81%E8%AE%B8%E8%8A%82%E6%97%A5%E7%87%83%E6%94%BE%E7%83%9F%E8%8A%B1%E7%88%86%E7%AB%B9&sa=fyb_news&rsv_dl=fyb_news', '2023-02-24 16:00:01', '2023-02-24 16:00:01', '2023-02-24 16:00:01', 2, NULL);
INSERT INTO `headline_news` VALUES ('99039a1b1ca4403d97222f714d9c07dc', '于正网购翡翠被骗', '', 'https://fyb-1.cdn.bcebos.com/fyb/de6163834f53ca92c1273fff98ac9078.jpeg', '百度', 'https://www.baidu.com/s?wd=%E4%BA%8E%E6%AD%A3%E7%BD%91%E8%B4%AD%E7%BF%A1%E7%BF%A0%E8%A2%AB%E9%AA%97&sa=fyb_news&rsv_dl=fyb_news', '2023-04-20 08:49:06', '2023-04-20 08:49:06', '2023-04-20 08:49:06', 2, NULL);
INSERT INTO `headline_news` VALUES ('993adc162b914a23a034a53f95f7a99e', '德方决定驱逐俄罗斯外交人员', '', 'https://fyb-1.cdn.bcebos.com/fyb/de6163834f53ca92c1273fff98ac9078.jpeg', '百度', 'https://www.baidu.com/s?wd=%E5%BE%B7%E6%96%B9%E5%86%B3%E5%AE%9A%E9%A9%B1%E9%80%90%E4%BF%84%E7%BD%97%E6%96%AF%E5%A4%96%E4%BA%A4%E4%BA%BA%E5%91%98&sa=fyb_news&rsv_dl=fyb_news', '2023-04-22 21:20:13', '2023-04-22 21:20:13', '2023-04-22 21:20:13', 2, NULL);
INSERT INTO `headline_news` VALUES ('99451f8cbcd5493584da7e7db1ee6aed', '公务员招考35岁门槛松动', '', 'https://fyb-1.cdn.bcebos.com/fyb/de6163834f53ca92c1273fff98ac9078.jpeg', '百度', 'https://www.baidu.com/s?wd=%E5%85%AC%E5%8A%A1%E5%91%98%E6%8B%9B%E8%80%8335%E5%B2%81%E9%97%A8%E6%A7%9B%E6%9D%BE%E5%8A%A8&sa=fyb_news&rsv_dl=fyb_news', '2023-02-23 14:13:01', '2023-02-23 14:13:01', '2023-02-23 14:13:01', 2, NULL);
INSERT INTO `headline_news` VALUES ('9a51ee0ec7d64a55b715dcd19735550e', '上海一公交车坠河 司机疑突发疾病', '', 'https://fyb-1.cdn.bcebos.com/fyb/de6163834f53ca92c1273fff98ac9078.jpeg', '百度', 'https://www.baidu.com/s?wd=%E4%B8%8A%E6%B5%B7%E4%B8%80%E5%85%AC%E4%BA%A4%E8%BD%A6%E5%9D%A0%E6%B2%B3+%E5%8F%B8%E6%9C%BA%E7%96%91%E7%AA%81%E5%8F%91%E7%96%BE%E7%97%85&sa=fyb_news&rsv_dl=fyb_news', '2023-03-26 22:52:00', '2023-03-26 22:52:00', '2023-03-26 22:52:00', 2, NULL);
INSERT INTO `headline_news` VALUES ('9b4c5d02c553449b88dcef5b8e2f14c7', '揭牌仪式红布“太结实”闹乌龙', '', 'https://fyb-1.cdn.bcebos.com/fyb/de6163834f53ca92c1273fff98ac9078.jpeg', '百度', 'https://www.baidu.com/s?wd=%E6%8F%AD%E7%89%8C%E4%BB%AA%E5%BC%8F%E7%BA%A2%E5%B8%83%E2%80%9C%E5%A4%AA%E7%BB%93%E5%AE%9E%E2%80%9D%E9%97%B9%E4%B9%8C%E9%BE%99&sa=fyb_news&rsv_dl=fyb_news', '2023-02-24 17:09:01', '2023-02-24 17:09:01', '2023-02-24 17:09:01', 2, NULL);
INSERT INTO `headline_news` VALUES ('9b681b3bd2f14ccf87da0e1ec1ee498a', '长峰医院连年亏损却豪掷上亿打广告', '18日，北京长峰医院住院部东楼发生火情，21人不幸死亡。据悉该医院连续两年亏损，资产负债率超70%。而披露的文件显示，其一年广告费花费上亿。', 'https://fyb-2.cdn.bcebos.com/hotboard_image/8b2169c256e4d6e77e83b282571cb581', '百度', 'https://www.baidu.com/s?wd=%E9%95%BF%E5%B3%B0%E5%8C%BB%E9%99%A2%E8%BF%9E%E5%B9%B4%E4%BA%8F%E6%8D%9F%E5%8D%B4%E8%B1%AA%E6%8E%B7%E4%B8%8A%E4%BA%BF%E6%89%93%E5%B9%BF%E5%91%8A&sa=fyb_news&rsv_dl=fyb_news', '2023-04-20 03:04:22', '2023-04-20 03:04:22', '2023-04-20 03:04:22', 2, NULL);
INSERT INTO `headline_news` VALUES ('9b74bc8ef2ad43b2a3a2efcb3de9a4b3', '拉塞尔：我不是湖人控卫', '', 'https://fyb-1.cdn.bcebos.com/fyb/de6163834f53ca92c1273fff98ac9078.jpeg', '百度', 'https://www.baidu.com/s?wd=%E6%8B%89%E5%A1%9E%E5%B0%94%EF%BC%9A%E6%88%91%E4%B8%8D%E6%98%AF%E6%B9%96%E4%BA%BA%E6%8E%A7%E5%8D%AB&sa=fyb_news&rsv_dl=fyb_news', '2023-04-20 15:27:12', '2023-04-20 15:27:12', '2023-04-20 15:27:12', 2, NULL);
INSERT INTO `headline_news` VALUES ('9cc972f0176f4db39078b4c21bc252ed', '脱下孔乙己的长衫，他们后悔了吗？', '', 'https://fyb-1.cdn.bcebos.com/fyb/de6163834f53ca92c1273fff98ac9078.jpeg', '百度', 'https://www.baidu.com/s?wd=%E8%84%B1%E4%B8%8B%E5%AD%94%E4%B9%99%E5%B7%B1%E7%9A%84%E9%95%BF%E8%A1%AB%EF%BC%8C%E4%BB%96%E4%BB%AC%E5%90%8E%E6%82%94%E4%BA%86%E5%90%97%EF%BC%9F&sa=fyb_news&rsv_dl=fyb_news', '2023-03-26 12:17:02', '2023-03-26 12:17:02', '2023-03-26 12:17:02', 2, NULL);
INSERT INTO `headline_news` VALUES ('9ddf2b0d4508492195c37b35b5fdd80c', '上海邮政男员工殴打女员工 已被行拘', '', 'https://fyb-1.cdn.bcebos.com/fyb/de6163834f53ca92c1273fff98ac9078.jpeg', '百度', 'https://www.baidu.com/s?wd=%E4%B8%8A%E6%B5%B7%E9%82%AE%E6%94%BF%E7%94%B7%E5%91%98%E5%B7%A5%E6%AE%B4%E6%89%93%E5%A5%B3%E5%91%98%E5%B7%A5+%E5%B7%B2%E8%A2%AB%E8%A1%8C%E6%8B%98&sa=fyb_news&rsv_dl=fyb_news', '2023-04-21 08:13:01', '2023-04-21 08:13:01', '2023-04-21 08:13:01', 2, NULL);
INSERT INTO `headline_news` VALUES ('9e0599ca35904a23bc9f6d3ef310eb70', '泽连斯基回应普京“核摊牌”', '当地时间2月21日，乌克兰总统泽连斯基在回应普京“核摊牌”的言论时声称，根本不会认真去在乎这件事。 ', 'https://fyb-2.cdn.bcebos.com/hotboard_image/f2ea7bdbbb648b4be6b2a49ee2629ee3', '百度', 'https://www.baidu.com/s?wd=%E6%B3%BD%E8%BF%9E%E6%96%AF%E5%9F%BA%E5%9B%9E%E5%BA%94%E6%99%AE%E4%BA%AC%E2%80%9C%E6%A0%B8%E6%91%8A%E7%89%8C%E2%80%9D&sa=fyb_news&rsv_dl=fyb_news', '2023-02-23 15:04:01', '2023-02-23 15:04:01', '2023-02-23 15:04:01', 2, NULL);
INSERT INTO `headline_news` VALUES ('9e537b20011d40d3b57f76212b415fd8', '苹果公司被指窃密遭索赔31亿美元', '据悉，Masimo 指控苹果公司挖走员工和窃取商业秘密，用于新品开发和申请五项脉搏血氧仪专利，要求共同拥有专利并索赔 31 亿美元。', 'https://fyb-2.cdn.bcebos.com/hotboard_image/3275570c4d71382fe2543b7ef661c7c5', '百度', 'https://www.baidu.com/s?wd=%E8%8B%B9%E6%9E%9C%E5%85%AC%E5%8F%B8%E8%A2%AB%E6%8C%87%E7%AA%83%E5%AF%86%E9%81%AD%E7%B4%A2%E8%B5%9431%E4%BA%BF%E7%BE%8E%E5%85%83&sa=fyb_news&rsv_dl=fyb_news', '2023-04-20 01:59:02', '2023-04-20 01:59:02', '2023-04-20 01:59:02', 2, NULL);
INSERT INTO `headline_news` VALUES ('9f11d63c92c64dc88d71b98a64456bd3', '男方择偶条件要求女方没弟弟', '', 'https://fyb-1.cdn.bcebos.com/fyb/de6163834f53ca92c1273fff98ac9078.jpeg', '百度', 'https://www.baidu.com/s?wd=%E7%94%B7%E6%96%B9%E6%8B%A9%E5%81%B6%E6%9D%A1%E4%BB%B6%E8%A6%81%E6%B1%82%E5%A5%B3%E6%96%B9%E6%B2%A1%E5%BC%9F%E5%BC%9F&sa=fyb_news&rsv_dl=fyb_news', '2023-04-21 19:56:04', '2023-04-21 19:56:04', '2023-04-21 19:56:04', 2, NULL);
INSERT INTO `headline_news` VALUES ('9f20bdb5aa6f460a8c73c7f55d26f120', '人口第一大省常住人口为何负增长', '近日，广东省统计局公布了该省2022年人口数据，2022年全国人口自然增长率为-0.60‰，已经进入人口负增长。', 'https://fyb-2.cdn.bcebos.com/hotboard_image/ab0f1c09db304b0dd894f1273487cfef', '百度', 'https://www.baidu.com/s?wd=%E4%BA%BA%E5%8F%A3%E7%AC%AC%E4%B8%80%E5%A4%A7%E7%9C%81%E5%B8%B8%E4%BD%8F%E4%BA%BA%E5%8F%A3%E4%B8%BA%E4%BD%95%E8%B4%9F%E5%A2%9E%E9%95%BF&sa=fyb_news&rsv_dl=fyb_news', '2023-04-22 20:46:08', '2023-04-22 20:46:08', '2023-04-22 20:46:08', 2, NULL);
INSERT INTO `headline_news` VALUES ('9f216d11959b4c5c884f88b7290ad82e', '中方：不存在所谓“海外警察站”', '', 'https://fyb-1.cdn.bcebos.com/fyb/de6163834f53ca92c1273fff98ac9078.jpeg', '百度', 'https://www.baidu.com/s?wd=%E4%B8%AD%E6%96%B9%EF%BC%9A%E4%B8%8D%E5%AD%98%E5%9C%A8%E6%89%80%E8%B0%93%E2%80%9C%E6%B5%B7%E5%A4%96%E8%AD%A6%E5%AF%9F%E7%AB%99%E2%80%9D&sa=fyb_news&rsv_dl=fyb_news', '2023-04-22 09:26:01', '2023-04-22 09:26:01', '2023-04-22 09:26:01', 2, NULL);
INSERT INTO `headline_news` VALUES ('9f4f6247920748208593c8b6422ccda6', '宝马半个董事会败给冰淇淋', '', 'https://fyb-1.cdn.bcebos.com/fyb/de6163834f53ca92c1273fff98ac9078.jpeg', '百度', 'https://www.baidu.com/s?wd=%E5%AE%9D%E9%A9%AC%E5%8D%8A%E4%B8%AA%E8%91%A3%E4%BA%8B%E4%BC%9A%E8%B4%A5%E7%BB%99%E5%86%B0%E6%B7%87%E6%B7%8B&sa=fyb_news&rsv_dl=fyb_news', '2023-04-21 14:02:06', '2023-04-21 14:02:06', '2023-04-21 14:02:06', 2, NULL);
INSERT INTO `headline_news` VALUES ('9f9de289e72046dcb98b5c0b4bfccb83', '主播雪梨带货时拉踩被判赔20万', '', 'https://fyb-1.cdn.bcebos.com/fyb/de6163834f53ca92c1273fff98ac9078.jpeg', '百度', 'https://www.baidu.com/s?wd=%E4%B8%BB%E6%92%AD%E9%9B%AA%E6%A2%A8%E5%B8%A6%E8%B4%A7%E6%97%B6%E6%8B%89%E8%B8%A9%E8%A2%AB%E5%88%A4%E8%B5%9420%E4%B8%87&sa=fyb_news&rsv_dl=fyb_news', '2023-04-22 23:33:01', '2023-04-22 23:33:01', '2023-04-22 23:33:01', 2, NULL);
INSERT INTO `headline_news` VALUES ('9fab0442cd68481288cdd5f81deb0b15', '中国外贸复苏困难？数据表明真相', '', 'https://fyb-1.cdn.bcebos.com/fyb/de6163834f53ca92c1273fff98ac9078.jpeg', '百度', 'https://www.baidu.com/s?wd=%E4%B8%AD%E5%9B%BD%E5%A4%96%E8%B4%B8%E5%A4%8D%E8%8B%8F%E5%9B%B0%E9%9A%BE%EF%BC%9F%E6%95%B0%E6%8D%AE%E8%A1%A8%E6%98%8E%E7%9C%9F%E7%9B%B8&sa=fyb_news&rsv_dl=fyb_news', '2023-03-26 18:39:01', '2023-03-26 18:39:01', '2023-03-26 18:39:01', 2, NULL);
INSERT INTO `headline_news` VALUES ('a07d564cbbc44e8e9e129ef0ed06f440', '警方辟谣高校女生遭3名黑人性侵', '', 'https://fyb-1.cdn.bcebos.com/fyb/de6163834f53ca92c1273fff98ac9078.jpeg', '百度', 'https://www.baidu.com/s?wd=%E8%AD%A6%E6%96%B9%E8%BE%9F%E8%B0%A3%E9%AB%98%E6%A0%A1%E5%A5%B3%E7%94%9F%E9%81%AD3%E5%90%8D%E9%BB%91%E4%BA%BA%E6%80%A7%E4%BE%B5&sa=fyb_news&rsv_dl=fyb_news', '2023-04-23 13:44:08', '2023-04-23 13:44:08', '2023-04-23 13:44:08', 2, NULL);
INSERT INTO `headline_news` VALUES ('a081b7d7e30440c3965b022e05f7e306', '代表：将HPV疫苗等4种纳入免疫规划', '全国人大代表、武汉大学基础医学院免疫学系主任章晓联建议，将预防宫颈癌的HPV疫苗等4种疫苗纳入国家免疫项目。', 'https://fyb-2.cdn.bcebos.com/hotboard_image/8fda2f1211306ca97d0549111eb35f7f', '百度', 'https://www.baidu.com/s?wd=%E4%BB%A3%E8%A1%A8%EF%BC%9A%E5%B0%86HPV%E7%96%AB%E8%8B%97%E7%AD%894%E7%A7%8D%E7%BA%B3%E5%85%A5%E5%85%8D%E7%96%AB%E8%A7%84%E5%88%92&sa=fyb_news&rsv_dl=fyb_news', '2023-03-05 11:49:01', '2023-03-05 11:49:01', '2023-03-05 11:49:01', 2, NULL);
INSERT INTO `headline_news` VALUES ('a088084feda048309ff3eafeaae69145', '罚员工抄差评100遍，违法吗？', '', 'https://fyb-1.cdn.bcebos.com/fyb/de6163834f53ca92c1273fff98ac9078.jpeg', '百度', 'https://www.baidu.com/s?wd=%E7%BD%9A%E5%91%98%E5%B7%A5%E6%8A%84%E5%B7%AE%E8%AF%84100%E9%81%8D%EF%BC%8C%E8%BF%9D%E6%B3%95%E5%90%97%EF%BC%9F&sa=fyb_news&rsv_dl=fyb_news', '2023-04-22 14:05:22', '2023-04-22 14:05:22', '2023-04-22 14:05:22', 2, NULL);
INSERT INTO `headline_news` VALUES ('a08ebad5d19e41668c4f3374764e04ee', '俄称美停止向乌提供武器 战争将结束', '据俄媒22日报道，俄罗斯国家安全会议副主席梅德韦杰夫表示，如果美国停止向基辅提供武器，冲突将会结束。', 'https://fyb-2.cdn.bcebos.com/hotboard_image/d876c801130eeb3f77e3446b88caaa30', '百度', 'https://www.baidu.com/s?wd=%E4%BF%84%E7%A7%B0%E7%BE%8E%E5%81%9C%E6%AD%A2%E5%90%91%E4%B9%8C%E6%8F%90%E4%BE%9B%E6%AD%A6%E5%99%A8+%E6%88%98%E4%BA%89%E5%B0%86%E7%BB%93%E6%9D%9F&sa=fyb_news&rsv_dl=fyb_news', '2023-02-23 14:29:01', '2023-02-23 14:29:01', '2023-02-23 14:29:01', 2, NULL);
INSERT INTO `headline_news` VALUES ('a0a2ae5058284f9e983f3d66fce2324a', '5岁男孩上菜摔倒后先向爸爸道歉', '近日，河南周口尚先生发视频称，5岁的小儿子在自家店帮忙给顾客上烤鱼时，不小心摔倒，孩子摔倒后不顾疼先跑来道歉自己把鱼掉到地上。', 'https://fyb-2.cdn.bcebos.com/hotboard_image/a6afd60a037217aa8d3a208a66bb6758', '百度', 'https://www.baidu.com/s?wd=5%E5%B2%81%E7%94%B7%E5%AD%A9%E4%B8%8A%E8%8F%9C%E6%91%94%E5%80%92%E5%90%8E%E5%85%88%E5%90%91%E7%88%B8%E7%88%B8%E9%81%93%E6%AD%89&sa=fyb_news&rsv_dl=fyb_news', '2023-04-20 21:40:02', '2023-04-20 21:40:02', '2023-04-20 21:40:02', 2, NULL);
INSERT INTO `headline_news` VALUES ('a0b33d8ab0ca4e1ba4bb823a8e550f0f', '蔡英文上台以来九国“断交”台当局', '当地时间25日，洪都拉斯正式宣布与中国台湾断绝“外交关系”。自2016年蔡英文上台以来，已陆续有9个国家与台湾当局断绝“外交关系”。', 'https://fyb-2.cdn.bcebos.com/hotboard_image/bfbe2208c23f96f07a4a6193d7adb471', '百度', 'https://www.baidu.com/s?wd=%E8%94%A1%E8%8B%B1%E6%96%87%E4%B8%8A%E5%8F%B0%E4%BB%A5%E6%9D%A5%E4%B9%9D%E5%9B%BD%E2%80%9C%E6%96%AD%E4%BA%A4%E2%80%9D%E5%8F%B0%E5%BD%93%E5%B1%80&sa=fyb_news&rsv_dl=fyb_news', '2023-03-26 20:39:00', '2023-03-26 20:39:00', '2023-03-26 20:39:00', 2, NULL);
INSERT INTO `headline_news` VALUES ('a0b6e15c1b4f4e1ababb10f42fcd9c2d', '中国红牛被禁止生产销售', '', 'https://fyb-1.cdn.bcebos.com/fyb/de6163834f53ca92c1273fff98ac9078.jpeg', '百度', 'https://www.baidu.com/s?wd=%E4%B8%AD%E5%9B%BD%E7%BA%A2%E7%89%9B%E8%A2%AB%E7%A6%81%E6%AD%A2%E7%94%9F%E4%BA%A7%E9%94%80%E5%94%AE&sa=fyb_news&rsv_dl=fyb_news', '2023-04-22 23:00:12', '2023-04-22 23:00:12', '2023-04-22 23:00:12', 2, NULL);
INSERT INTO `headline_news` VALUES ('a0eca21552a9429cb95f0454eeea9f97', '美国纽约州设毒品安全注射点', '据外媒报道，纽约州3月2日宣布设置所谓的“毒品安全注射点”，以便吸毒者可以在医疗监督下使用干净的针头注射毒品。此消息一公布便遭到了广泛批评。', 'https://fyb-2.cdn.bcebos.com/hotboard_image/417fddc925caf74128f4a2389f310a14', '百度', 'https://www.baidu.com/s?wd=%E7%BE%8E%E5%9B%BD%E7%BA%BD%E7%BA%A6%E5%B7%9E%E8%AE%BE%E6%AF%92%E5%93%81%E5%AE%89%E5%85%A8%E6%B3%A8%E5%B0%84%E7%82%B9&sa=fyb_news&rsv_dl=fyb_news', '2023-03-05 10:10:01', '2023-03-05 10:10:01', '2023-03-05 10:10:01', 2, NULL);
INSERT INTO `headline_news` VALUES ('a120f391d97243a890c427783c90552c', '华侨大学时隔八年再夺东南王', '', 'https://fyb-1.cdn.bcebos.com/fyb/de6163834f53ca92c1273fff98ac9078.jpeg', '百度', 'https://www.baidu.com/s?wd=%E5%8D%8E%E4%BE%A8%E5%A4%A7%E5%AD%A6%E6%97%B6%E9%9A%94%E5%85%AB%E5%B9%B4%E5%86%8D%E5%A4%BA%E4%B8%9C%E5%8D%97%E7%8E%8B&sa=fyb_news&rsv_dl=fyb_news', '2023-04-22 08:25:04', '2023-04-22 08:25:04', '2023-04-22 08:25:04', 2, NULL);
INSERT INTO `headline_news` VALUES ('a1b8f051bf0d4476a4831ed8a89ec8ef', '远房表亲成县委书记情人 受贿超千万', '梁某与安徽省六安市霍邱县原县委书记刘某系远房表亲关系，然而两人发展成为情人关系，梁某利用刘某的职权，7年间收受他人财物1000多万元。', 'https://fyb-2.cdn.bcebos.com/hotboard_image/948d6dc5d9b59ae11d8066d21e78c17e', '百度', 'https://www.baidu.com/s?wd=%E8%BF%9C%E6%88%BF%E8%A1%A8%E4%BA%B2%E6%88%90%E5%8E%BF%E5%A7%94%E4%B9%A6%E8%AE%B0%E6%83%85%E4%BA%BA+%E5%8F%97%E8%B4%BF%E8%B6%85%E5%8D%83%E4%B8%87&sa=fyb_news&rsv_dl=fyb_news', '2023-02-23 11:13:01', '2023-02-23 11:13:01', '2023-02-23 11:13:01', 2, NULL);
INSERT INTO `headline_news` VALUES ('a1d0595cd4704469bc00687be85b5064', '五一人员流动将致新冠疫情反弹？', '', 'https://fyb-1.cdn.bcebos.com/fyb/de6163834f53ca92c1273fff98ac9078.jpeg', '百度', 'https://www.baidu.com/s?wd=%E4%BA%94%E4%B8%80%E4%BA%BA%E5%91%98%E6%B5%81%E5%8A%A8%E5%B0%86%E8%87%B4%E6%96%B0%E5%86%A0%E7%96%AB%E6%83%85%E5%8F%8D%E5%BC%B9%EF%BC%9F&sa=fyb_news&rsv_dl=fyb_news', '2023-04-22 14:56:03', '2023-04-22 14:56:03', '2023-04-22 14:56:03', 2, NULL);
INSERT INTO `headline_news` VALUES ('a1f681fa70be4154bf8cad1ab848c86f', '白宫发言人口误称俄罗斯人民共和国', '3月4日，一段美国白宫新闻秘书让-皮埃尔在记者会上说出“俄罗斯人民共和国”的视频片段笑坏网友。有人问道：“请问‘俄罗斯人民共和国’在哪？”', 'https://fyb-2.cdn.bcebos.com/hotboard_image/5a836a1b0a3fb78663acf23cd3a2010d', '百度', 'https://www.baidu.com/s?wd=%E7%99%BD%E5%AE%AB%E5%8F%91%E8%A8%80%E4%BA%BA%E5%8F%A3%E8%AF%AF%E7%A7%B0%E4%BF%84%E7%BD%97%E6%96%AF%E4%BA%BA%E6%B0%91%E5%85%B1%E5%92%8C%E5%9B%BD&sa=fyb_news&rsv_dl=fyb_news', '2023-03-04 21:54:01', '2023-03-04 21:54:01', '2023-03-04 21:54:01', 2, NULL);
INSERT INTO `headline_news` VALUES ('a1f6d4addf084e6285791963db5d650e', '哈登向枪击案受伤中国学生捐款', '', 'https://fyb-1.cdn.bcebos.com/fyb/de6163834f53ca92c1273fff98ac9078.jpeg', '百度', 'https://www.baidu.com/s?wd=%E5%93%88%E7%99%BB%E5%90%91%E6%9E%AA%E5%87%BB%E6%A1%88%E5%8F%97%E4%BC%A4%E4%B8%AD%E5%9B%BD%E5%AD%A6%E7%94%9F%E6%8D%90%E6%AC%BE&sa=fyb_news&rsv_dl=fyb_news', '2023-02-25 14:14:01', '2023-02-25 14:14:01', '2023-02-25 14:14:01', 2, NULL);
INSERT INTO `headline_news` VALUES ('a25679797aaa437da8ab6aec17996ea8', '媒体:考研复试遗憾不该全由考生承担', '近日，一考研学生因航班延误缺考复试崩溃大哭的消息引发关注。有网友表示这样安排复试对外地考生不公平。对此有媒体发表评论：遗憾不该全由考生承担。', 'https://fyb-2.cdn.bcebos.com/hotboard_image/c12c5c285e904afa36f002cc4ecdcd24', '百度', 'https://www.baidu.com/s?wd=%E5%AA%92%E4%BD%93%3A%E8%80%83%E7%A0%94%E5%A4%8D%E8%AF%95%E9%81%97%E6%86%BE%E4%B8%8D%E8%AF%A5%E5%85%A8%E7%94%B1%E8%80%83%E7%94%9F%E6%89%BF%E6%8B%85&sa=fyb_news&rsv_dl=fyb_news', '2023-03-26 10:30:01', '2023-03-26 10:30:01', '2023-03-26 10:30:01', 2, NULL);
INSERT INTO `headline_news` VALUES ('a290bb7d9d21424faf154f30a958c77e', '樊振东为何爆冷输法国小将', '', 'https://fyb-1.cdn.bcebos.com/fyb/de6163834f53ca92c1273fff98ac9078.jpeg', '百度', 'https://www.baidu.com/s?wd=%E6%A8%8A%E6%8C%AF%E4%B8%9C%E4%B8%BA%E4%BD%95%E7%88%86%E5%86%B7%E8%BE%93%E6%B3%95%E5%9B%BD%E5%B0%8F%E5%B0%86&sa=fyb_news&rsv_dl=fyb_news', '2023-04-22 08:37:04', '2023-04-22 08:37:04', '2023-04-22 08:37:04', 2, NULL);
INSERT INTO `headline_news` VALUES ('a2d1608b65364247bdcd54e5f6a9c2cf', '“瓦格纳”创始人称已包围巴赫穆特', '当地时间3日，“瓦格纳”私营军事集团创始人普里戈津在一段视频中称，其部队已经包围了乌东重镇巴赫穆特，并呼吁泽连斯基让该地区的老人儿童撤离。', 'https://fyb-2.cdn.bcebos.com/hotboard_image/4a8ad4e3c29997d08be2840575c80260', '百度', 'https://www.baidu.com/s?wd=%E2%80%9C%E7%93%A6%E6%A0%BC%E7%BA%B3%E2%80%9D%E5%88%9B%E5%A7%8B%E4%BA%BA%E7%A7%B0%E5%B7%B2%E5%8C%85%E5%9B%B4%E5%B7%B4%E8%B5%AB%E7%A9%86%E7%89%B9&sa=fyb_news&rsv_dl=fyb_news', '2023-03-04 21:54:01', '2023-03-04 21:54:01', '2023-03-04 21:54:01', 2, NULL);
INSERT INTO `headline_news` VALUES ('a2ea2daa3ccc46918c53ce7f5658f55a', '“一孩难求”的幼儿园将何去何从？', '', 'https://fyb-1.cdn.bcebos.com/fyb/de6163834f53ca92c1273fff98ac9078.jpeg', '百度', 'https://www.baidu.com/s?wd=%E2%80%9C%E4%B8%80%E5%AD%A9%E9%9A%BE%E6%B1%82%E2%80%9D%E7%9A%84%E5%B9%BC%E5%84%BF%E5%9B%AD%E5%B0%86%E4%BD%95%E5%8E%BB%E4%BD%95%E4%BB%8E%EF%BC%9F&sa=fyb_news&rsv_dl=fyb_news', '2023-02-24 14:02:01', '2023-02-24 14:02:01', '2023-02-24 14:02:01', 2, NULL);
INSERT INTO `headline_news` VALUES ('a2f9fe4736d1490c821dd498f21fa352', '考生因航班延误缺席复试后续', '近日，一考研学生因航班延误缺考复试崩溃大哭的消息引发网友关注。3月25日下午，该考生表示，学校告知他可以延迟复试，但没有说明具体细节。', 'https://fyb-2.cdn.bcebos.com/hotboard_image/3d0c1114d8995ad94b100e7a609d9c98', '百度', 'https://www.baidu.com/s?wd=%E8%80%83%E7%94%9F%E5%9B%A0%E8%88%AA%E7%8F%AD%E5%BB%B6%E8%AF%AF%E7%BC%BA%E5%B8%AD%E5%A4%8D%E8%AF%95%E5%90%8E%E7%BB%AD&sa=fyb_news&rsv_dl=fyb_news', '2023-03-26 12:27:00', '2023-03-26 12:27:00', '2023-03-26 12:27:00', 2, NULL);
INSERT INTO `headline_news` VALUES ('a3500add64974289bb4a8fb7407990b7', '超25省份将开启冷暖逆转', '', 'https://fyb-1.cdn.bcebos.com/fyb/de6163834f53ca92c1273fff98ac9078.jpeg', '百度', 'https://www.baidu.com/s?wd=%E8%B6%8525%E7%9C%81%E4%BB%BD%E5%B0%86%E5%BC%80%E5%90%AF%E5%86%B7%E6%9A%96%E9%80%86%E8%BD%AC&sa=fyb_news&rsv_dl=fyb_news', '2023-04-20 08:02:21', '2023-04-20 08:02:21', '2023-04-20 08:02:21', 2, NULL);
INSERT INTO `headline_news` VALUES ('a35ffa8067d3402a8529c9884afb2953', '湖北荆门临时管控 禁止露天烧烤', '20日，湖北荆门发布臭氧污染临时管控的通知。其中要求强化油烟及烧烤焚烧监管，禁止露天烧烤行为。', 'https://fyb-2.cdn.bcebos.com/hotboard_image/7bb2426ce9e50178b3d3c8664e26f52f', '百度', 'https://www.baidu.com/s?wd=%E6%B9%96%E5%8C%97%E8%8D%86%E9%97%A8%E4%B8%B4%E6%97%B6%E7%AE%A1%E6%8E%A7+%E7%A6%81%E6%AD%A2%E9%9C%B2%E5%A4%A9%E7%83%A7%E7%83%A4&sa=fyb_news&rsv_dl=fyb_news', '2023-04-20 23:18:07', '2023-04-20 23:18:07', '2023-04-20 23:18:07', 2, NULL);
INSERT INTO `headline_news` VALUES ('a382ced030ef483290137c90d2eaafbe', '山西暴雪：多地积雪20厘米', '', 'https://fyb-1.cdn.bcebos.com/fyb/de6163834f53ca92c1273fff98ac9078.jpeg', '百度', 'https://www.baidu.com/s?wd=%E5%B1%B1%E8%A5%BF%E6%9A%B4%E9%9B%AA%EF%BC%9A%E5%A4%9A%E5%9C%B0%E7%A7%AF%E9%9B%AA20%E5%8E%98%E7%B1%B3&sa=fyb_news&rsv_dl=fyb_news', '2023-04-21 12:23:02', '2023-04-21 12:23:02', '2023-04-21 12:23:02', 2, NULL);
INSERT INTO `headline_news` VALUES ('a41f6f1feb374d3ea80a37c079a1ab3f', '张文宏：做好应对新冠二次感染准备', '', 'https://fyb-1.cdn.bcebos.com/fyb/de6163834f53ca92c1273fff98ac9078.jpeg', '百度', 'https://www.baidu.com/s?wd=%E5%BC%A0%E6%96%87%E5%AE%8F%EF%BC%9A%E5%81%9A%E5%A5%BD%E5%BA%94%E5%AF%B9%E6%96%B0%E5%86%A0%E4%BA%8C%E6%AC%A1%E6%84%9F%E6%9F%93%E5%87%86%E5%A4%87&sa=fyb_news&rsv_dl=fyb_news', '2023-04-23 08:06:11', '2023-04-23 08:06:11', '2023-04-23 08:06:11', 2, NULL);
INSERT INTO `headline_news` VALUES ('a43ffec92f8a465c9d9ad5139bd851d2', '美国多地遭龙卷风狂袭', '', 'https://fyb-1.cdn.bcebos.com/fyb/de6163834f53ca92c1273fff98ac9078.jpeg', '百度', 'https://www.baidu.com/s?wd=%E7%BE%8E%E5%9B%BD%E5%A4%9A%E5%9C%B0%E9%81%AD%E9%BE%99%E5%8D%B7%E9%A3%8E%E7%8B%82%E8%A2%AD&sa=fyb_news&rsv_dl=fyb_news', '2023-03-27 11:29:01', '2023-03-27 11:29:01', '2023-03-27 11:29:01', 2, NULL);
INSERT INTO `headline_news` VALUES ('a47a13de3d8a48799d33e624f4cc9a1e', '员工因未按规范每小时打卡被开除', '', 'https://fyb-1.cdn.bcebos.com/fyb/de6163834f53ca92c1273fff98ac9078.jpeg', '百度', 'https://www.baidu.com/s?wd=%E5%91%98%E5%B7%A5%E5%9B%A0%E6%9C%AA%E6%8C%89%E8%A7%84%E8%8C%83%E6%AF%8F%E5%B0%8F%E6%97%B6%E6%89%93%E5%8D%A1%E8%A2%AB%E5%BC%80%E9%99%A4&sa=fyb_news&rsv_dl=fyb_news', '2023-04-20 16:19:10', '2023-04-20 16:19:10', '2023-04-20 16:19:10', 2, NULL);
INSERT INTO `headline_news` VALUES ('a4b8f32e3bb64dcfb6db5c7a459520df', '周鸿祎称人工智能将会产生意识', '3月25日，360创始人周鸿祎在2023中国发展高层论坛上表示，GPT-6到GPT-8人工智能将会产生意识，变成新的物种。', 'https://fyb-2.cdn.bcebos.com/hotboard_image/2f0bc8f5489be6f78739e66a1c5a2186', '百度', 'https://www.baidu.com/s?wd=%E5%91%A8%E9%B8%BF%E7%A5%8E%E7%A7%B0%E4%BA%BA%E5%B7%A5%E6%99%BA%E8%83%BD%E5%B0%86%E4%BC%9A%E4%BA%A7%E7%94%9F%E6%84%8F%E8%AF%86&sa=fyb_news&rsv_dl=fyb_news', '2023-03-26 11:41:01', '2023-03-26 11:41:01', '2023-03-26 11:41:01', 2, NULL);
INSERT INTO `headline_news` VALUES ('a4ea066a20f24bbba9a3e536a356c3f1', '“股神”贪官用2.2亿财政资金炒股', '', 'https://fyb-1.cdn.bcebos.com/fyb/de6163834f53ca92c1273fff98ac9078.jpeg', '百度', 'https://www.baidu.com/s?wd=%E2%80%9C%E8%82%A1%E7%A5%9E%E2%80%9D%E8%B4%AA%E5%AE%98%E7%94%A82.2%E4%BA%BF%E8%B4%A2%E6%94%BF%E8%B5%84%E9%87%91%E7%82%92%E8%82%A1&sa=fyb_news&rsv_dl=fyb_news', '2023-04-21 08:38:03', '2023-04-21 08:38:03', '2023-04-21 08:38:03', 2, NULL);
INSERT INTO `headline_news` VALUES ('a5003158698e4a23a66d1d8d47e9fd73', '直击贵州“村BA”总决赛', '3月26日，贵州省首届“美丽乡村”冠亚季军争夺赛大幕拉开，哪支队伍能问鼎冠军，获得本次比赛的神秘大奖？带你感受“火爆”现场！', 'https://fyb-2.cdn.bcebos.com/hotboard_image/0e0e60d306c57b545ddc047a61631018', '百度', 'https://www.baidu.com/s?wd=%E7%9B%B4%E5%87%BB%E8%B4%B5%E5%B7%9E%E2%80%9C%E6%9D%91BA%E2%80%9D%E6%80%BB%E5%86%B3%E8%B5%9B&sa=fyb_news&rsv_dl=fyb_news', '2023-03-26 18:53:00', '2023-03-26 18:53:00', '2023-03-26 18:53:00', 2, NULL);
INSERT INTO `headline_news` VALUES ('a502b47866ec413689d9b46f6da3b23e', '河南一高校女副校长美出圈', '', 'https://fyb-1.cdn.bcebos.com/fyb/de6163834f53ca92c1273fff98ac9078.jpeg', '百度', 'https://www.baidu.com/s?wd=%E6%B2%B3%E5%8D%97%E4%B8%80%E9%AB%98%E6%A0%A1%E5%A5%B3%E5%89%AF%E6%A0%A1%E9%95%BF%E7%BE%8E%E5%87%BA%E5%9C%88&sa=fyb_news&rsv_dl=fyb_news', '2023-04-23 12:46:05', '2023-04-23 12:46:05', '2023-04-23 12:46:05', 2, NULL);
INSERT INTO `headline_news` VALUES ('a56369c78abb4830b51618ee71da1ac1', '外机飞行员摆不友好手势 解放军驱离', '某次任务中，我航连队与外航舰机在远海大洋不期而遇，外机飞行员摆出不友好手势挑衅，海军航空兵逼近至百米内将其驱离。', 'https://fyb-2.cdn.bcebos.com/hotboard_image/c1ee32cc49cc6c4df2af6dc890978304', '百度', 'https://www.baidu.com/s?wd=%E5%A4%96%E6%9C%BA%E9%A3%9E%E8%A1%8C%E5%91%98%E6%91%86%E4%B8%8D%E5%8F%8B%E5%A5%BD%E6%89%8B%E5%8A%BF+%E8%A7%A3%E6%94%BE%E5%86%9B%E9%A9%B1%E7%A6%BB&sa=fyb_news&rsv_dl=fyb_news', '2023-04-23 09:14:12', '2023-04-23 09:14:12', '2023-04-23 09:14:12', 2, NULL);
INSERT INTO `headline_news` VALUES ('a5b00b547c934357bef794e4648d9218', '江西发生6死4伤车祸 警方通报', '', 'https://fyb-1.cdn.bcebos.com/fyb/de6163834f53ca92c1273fff98ac9078.jpeg', '百度', 'https://www.baidu.com/s?wd=%E6%B1%9F%E8%A5%BF%E5%8F%91%E7%94%9F6%E6%AD%BB4%E4%BC%A4%E8%BD%A6%E7%A5%B8+%E8%AD%A6%E6%96%B9%E9%80%9A%E6%8A%A5&sa=fyb_news&rsv_dl=fyb_news', '2023-02-23 14:14:01', '2023-02-23 14:14:01', '2023-02-23 14:14:01', 2, NULL);
INSERT INTO `headline_news` VALUES ('a5d24f3a85a54e38a204a06723cfc858', '内蒙古一煤矿山坡多处开裂能伸进脚', '近期，国务院安委会综合检查组抽查检查内蒙古安全生产重大隐患专项整治工作，清水河县天赐源煤炭公司的露天煤矿被查出多处存在裂隙，裂隙足够伸进脚。', 'https://fyb-2.cdn.bcebos.com/hotboard_image/563a694d2c73646fd58b8512dc5fdcf8', '百度', 'https://www.baidu.com/s?wd=%E5%86%85%E8%92%99%E5%8F%A4%E4%B8%80%E7%85%A4%E7%9F%BF%E5%B1%B1%E5%9D%A1%E5%A4%9A%E5%A4%84%E5%BC%80%E8%A3%82%E8%83%BD%E4%BC%B8%E8%BF%9B%E8%84%9A&sa=fyb_news&rsv_dl=fyb_news', '2023-03-27 10:29:00', '2023-03-27 10:29:00', '2023-03-27 10:29:00', 2, NULL);
INSERT INTO `headline_news` VALUES ('a5e051a90eea4eeaa9324ad8d201e343', '媒体：70后或将躲过延迟退休政策', '', 'https://fyb-1.cdn.bcebos.com/fyb/de6163834f53ca92c1273fff98ac9078.jpeg', '百度', 'https://www.baidu.com/s?wd=%E5%AA%92%E4%BD%93%EF%BC%9A70%E5%90%8E%E6%88%96%E5%B0%86%E8%BA%B2%E8%BF%87%E5%BB%B6%E8%BF%9F%E9%80%80%E4%BC%91%E6%94%BF%E7%AD%96&sa=fyb_news&rsv_dl=fyb_news', '2023-02-23 14:24:01', '2023-02-23 14:24:01', '2023-02-23 14:24:01', 2, NULL);
INSERT INTO `headline_news` VALUES ('a5e194e4733c4bbebb0caaa5e1754f6c', '俄乌冲突一周年重访基辅', '2月24日，俄乌冲突一周年，记者带你重访基辅街头。', 'https://fyb-2.cdn.bcebos.com/hotboard_image/c67085c5c8dee5a3eaba2ad2260e5569', '百度', 'https://www.baidu.com/s?wd=%E4%BF%84%E4%B9%8C%E5%86%B2%E7%AA%81%E4%B8%80%E5%91%A8%E5%B9%B4%E9%87%8D%E8%AE%BF%E5%9F%BA%E8%BE%85&sa=fyb_news&rsv_dl=fyb_news', '2023-02-24 13:11:01', '2023-02-24 13:11:01', '2023-02-24 13:11:01', 2, NULL);
INSERT INTO `headline_news` VALUES ('a60317b671ab4054a5ec356429bf84b6', '五一民宿预订现涨价退单潮', '随着五一临近，有关旅游预订的投诉日渐增多。民宿预订现涨价退单潮，为了节假日涨价大赚一笔，不惜编造各种理由逼顾客退单：辞职、破产、房子卖了……', 'https://fyb-2.cdn.bcebos.com/hotboard_image/f3e5a77a5ac3d82fc89c9c13c4a133fc', '百度', 'https://www.baidu.com/s?wd=%E4%BA%94%E4%B8%80%E6%B0%91%E5%AE%BF%E9%A2%84%E8%AE%A2%E7%8E%B0%E6%B6%A8%E4%BB%B7%E9%80%80%E5%8D%95%E6%BD%AE&sa=fyb_news&rsv_dl=fyb_news', '2023-04-20 23:14:10', '2023-04-20 23:14:10', '2023-04-20 23:14:10', 2, NULL);
INSERT INTO `headline_news` VALUES ('a60d4c35a6804241a4f975c54570cc5d', '“县长涉侵犯女干部，别只查这事”', '2月24日，“县长涉嫌侵犯挂职女干部被停职”的新闻冲上了热搜，剧情堪比狂飙。李县长肆意妄为的行为令人惊诧，所以调查应当不仅限于这一件事。', 'https://fyb-2.cdn.bcebos.com/hotboard_image/7bb2426ce9e50178b3d3c8664e26f52f', '百度', 'https://www.baidu.com/s?wd=%E2%80%9C%E5%8E%BF%E9%95%BF%E6%B6%89%E4%BE%B5%E7%8A%AF%E5%A5%B3%E5%B9%B2%E9%83%A8%EF%BC%8C%E5%88%AB%E5%8F%AA%E6%9F%A5%E8%BF%99%E4%BA%8B%E2%80%9D&sa=fyb_news&rsv_dl=fyb_news', '2023-02-24 16:25:01', '2023-02-24 16:25:01', '2023-02-24 16:25:01', 2, NULL);
INSERT INTO `headline_news` VALUES ('a62fc33ed34c445f91aebd28b9474158', '公交坠河时 司机处于突发重疾状态', '3月26日，上海一公交车滑入高虹路近七莘路河道内，事发时车内仅有驾驶员邓某某一人。据悉，事发时驾驶员处于突发重疾状态，导致车辆失控。', 'https://fyb-2.cdn.bcebos.com/hotboard_image/bec26f426bc9bf730a2dc2b2a65b2e7e', '百度', 'https://www.baidu.com/s?wd=%E5%85%AC%E4%BA%A4%E5%9D%A0%E6%B2%B3%E6%97%B6+%E5%8F%B8%E6%9C%BA%E5%A4%84%E4%BA%8E%E7%AA%81%E5%8F%91%E9%87%8D%E7%96%BE%E7%8A%B6%E6%80%81&sa=fyb_news&rsv_dl=fyb_news', '2023-03-27 10:35:00', '2023-03-27 10:35:00', '2023-03-27 10:35:00', 2, NULL);
INSERT INTO `headline_news` VALUES ('a638663b107740a3b795e5d1ae94411c', '俞敏洪建议董宇辉出国留学', '', 'https://fyb-1.cdn.bcebos.com/fyb/de6163834f53ca92c1273fff98ac9078.jpeg', '百度', 'https://www.baidu.com/s?wd=%E4%BF%9E%E6%95%8F%E6%B4%AA%E5%BB%BA%E8%AE%AE%E8%91%A3%E5%AE%87%E8%BE%89%E5%87%BA%E5%9B%BD%E7%95%99%E5%AD%A6&sa=fyb_news&rsv_dl=fyb_news', '2023-04-20 23:50:03', '2023-04-20 23:50:03', '2023-04-20 23:50:03', 2, NULL);
INSERT INTO `headline_news` VALUES ('a65f62d4b6bf43008114d4ecbbba2398', '詹姆斯复出', '', 'https://fyb-1.cdn.bcebos.com/fyb/de6163834f53ca92c1273fff98ac9078.jpeg', '百度', 'https://www.baidu.com/s?wd=%E8%A9%B9%E5%A7%86%E6%96%AF%E5%A4%8D%E5%87%BA&sa=fyb_news&rsv_dl=fyb_news', '2023-03-27 11:00:01', '2023-03-27 11:00:01', '2023-03-27 11:00:01', 2, NULL);
INSERT INTO `headline_news` VALUES ('a6bb7b7854ee4429ba5c4f42ddbb629d', '美动物园称希望再租借一对年轻熊猫', '近日，旅美大熊猫乐乐去世引热议。今年2月，孟菲斯动物园针对大熊猫乐乐去世召开记者发布会，园方表示：希望在不久的将来，这里能来一对年轻的熊猫。', 'https://fyb-2.cdn.bcebos.com/hotboard_image/0738522e1199d3d24e7418537dfaa4c3', '百度', 'https://www.baidu.com/s?wd=%E7%BE%8E%E5%8A%A8%E7%89%A9%E5%9B%AD%E7%A7%B0%E5%B8%8C%E6%9C%9B%E5%86%8D%E7%A7%9F%E5%80%9F%E4%B8%80%E5%AF%B9%E5%B9%B4%E8%BD%BB%E7%86%8A%E7%8C%AB&sa=fyb_news&rsv_dl=fyb_news', '2023-02-23 15:14:01', '2023-02-23 15:14:01', '2023-02-23 15:14:01', 2, NULL);
INSERT INTO `headline_news` VALUES ('a6d2534a8c314fc2a0596bcc243857cc', '男子自驾遇18头棕熊觅食', '21日，孙先生和朋友自驾途经西藏昌都丁清县时，遭遇18头棕熊觅食。丁清县人民政府工作人员回应，如遇危险，可向当地公安或县政府求助。', 'https://fyb-2.cdn.bcebos.com/hotboard_image/78f1947ea47dfc439e6d1b62eae402b0', '百度', 'https://www.baidu.com/s?wd=%E7%94%B7%E5%AD%90%E8%87%AA%E9%A9%BE%E9%81%8718%E5%A4%B4%E6%A3%95%E7%86%8A%E8%A7%85%E9%A3%9F&sa=fyb_news&rsv_dl=fyb_news', '2023-04-21 18:47:04', '2023-04-21 18:47:04', '2023-04-21 18:47:04', 2, NULL);
INSERT INTO `headline_news` VALUES ('a74bb6133ef643cb9b185d61ba4bb5af', '长峰实控人曾获“慈善企业家”称号', '长峰医院实控人汪文杰曾被授予“慈善企业家”称号。2004年，北京长峰医院因存在“诈骗”现象，被处以20万元的罚款，多家汪文杰控股公司都曾被行政处罚。', 'https://fyb-2.cdn.bcebos.com/hotboard_image/8444ce1c13cef8df366ddfb088ec3272', '百度', 'https://www.baidu.com/s?wd=%E9%95%BF%E5%B3%B0%E5%AE%9E%E6%8E%A7%E4%BA%BA%E6%9B%BE%E8%8E%B7%E2%80%9C%E6%85%88%E5%96%84%E4%BC%81%E4%B8%9A%E5%AE%B6%E2%80%9D%E7%A7%B0%E5%8F%B7&sa=fyb_news&rsv_dl=fyb_news', '2023-04-20 03:48:01', '2023-04-20 03:48:01', '2023-04-20 03:48:01', 2, NULL);
INSERT INTO `headline_news` VALUES ('a7683e31a96e488cb81c8e0a67602cb9', '铁路回应软卧能否按性别分配', '', 'https://fyb-1.cdn.bcebos.com/fyb/de6163834f53ca92c1273fff98ac9078.jpeg', '百度', 'https://www.baidu.com/s?wd=%E9%93%81%E8%B7%AF%E5%9B%9E%E5%BA%94%E8%BD%AF%E5%8D%A7%E8%83%BD%E5%90%A6%E6%8C%89%E6%80%A7%E5%88%AB%E5%88%86%E9%85%8D&sa=fyb_news&rsv_dl=fyb_news', '2023-04-21 22:13:10', '2023-04-21 22:13:10', '2023-04-21 22:13:10', 2, NULL);
INSERT INTO `headline_news` VALUES ('a7fe8233fb184dbbb6e52dab7cbff439', '男子喝红牛味道不对发现是累牛', '近日，黑龙江伊春一网友想买红牛缓解疲劳，结果喝到嘴里发现味道不对，仔细一看，发现瓶身商标和公司名称都和红牛不太一致，原来买到的是“累牛”。', 'https://fyb-2.cdn.bcebos.com/hotboard_image/6d76abe4610931fde0e1df9189cf8ddc', '百度', 'https://www.baidu.com/s?wd=%E7%94%B7%E5%AD%90%E5%96%9D%E7%BA%A2%E7%89%9B%E5%91%B3%E9%81%93%E4%B8%8D%E5%AF%B9%E5%8F%91%E7%8E%B0%E6%98%AF%E7%B4%AF%E7%89%9B&sa=fyb_news&rsv_dl=fyb_news', '2023-03-26 10:30:02', '2023-03-26 10:30:02', '2023-03-26 10:30:02', 2, NULL);
INSERT INTO `headline_news` VALUES ('a8552ffc277f4453872e467fdb76fd80', '戴口罩喘不上气剪开发现塑料胶布', '', 'https://fyb-1.cdn.bcebos.com/fyb/de6163834f53ca92c1273fff98ac9078.jpeg', '百度', 'https://www.baidu.com/s?wd=%E6%88%B4%E5%8F%A3%E7%BD%A9%E5%96%98%E4%B8%8D%E4%B8%8A%E6%B0%94%E5%89%AA%E5%BC%80%E5%8F%91%E7%8E%B0%E5%A1%91%E6%96%99%E8%83%B6%E5%B8%83&sa=fyb_news&rsv_dl=fyb_news', '2023-03-05 14:39:01', '2023-03-05 14:39:01', '2023-03-05 14:39:01', 2, NULL);
INSERT INTO `headline_news` VALUES ('a87c135eca0b41e6858fce65cbc2a590', '夫妻欠300万10年不还旅游晒视频', '', 'https://fyb-1.cdn.bcebos.com/fyb/de6163834f53ca92c1273fff98ac9078.jpeg', '百度', 'https://www.baidu.com/s?wd=%E5%A4%AB%E5%A6%BB%E6%AC%A0300%E4%B8%8710%E5%B9%B4%E4%B8%8D%E8%BF%98%E6%97%85%E6%B8%B8%E6%99%92%E8%A7%86%E9%A2%91&sa=fyb_news&rsv_dl=fyb_news', '2023-04-23 07:52:03', '2023-04-23 07:52:03', '2023-04-23 07:52:03', 2, NULL);
INSERT INTO `headline_news` VALUES ('a8929ab1a60642179668791b467e0115', '上海公交坠河:司机被救出车上无乘客', '3月26日晚，有网友爆料称，上海一辆71路公交区间车开进河中，疑在申昆路终点站附近。记者从上海消防部门获悉，涉事司机被救出，车上无其他乘客。', 'https://fyb-2.cdn.bcebos.com/hotboard_image/88542fb6cfd8064fba3a919b8d4aa240', '百度', 'https://www.baidu.com/s?wd=%E4%B8%8A%E6%B5%B7%E5%85%AC%E4%BA%A4%E5%9D%A0%E6%B2%B3%3A%E5%8F%B8%E6%9C%BA%E8%A2%AB%E6%95%91%E5%87%BA%E8%BD%A6%E4%B8%8A%E6%97%A0%E4%B9%98%E5%AE%A2&sa=fyb_news&rsv_dl=fyb_news', '2023-03-26 21:40:00', '2023-03-26 21:40:00', '2023-03-26 21:40:00', 2, NULL);
INSERT INTO `headline_news` VALUES ('a89e407f52ff423c9787ef25470226d5', '南方强降雨将上线 北方大部气温狂飙', '中央气象台预计，南方新一轮强降雨即将上线，华南需警惕降雨叠加的致灾性。而在北方，由于雨雪稀少，大部地区将一路向暖。', 'https://fyb-2.cdn.bcebos.com/hotboard_image/ba638e845438611e0dd2b772c0addfd8', '百度', 'https://www.baidu.com/s?wd=%E5%8D%97%E6%96%B9%E5%BC%BA%E9%99%8D%E9%9B%A8%E5%B0%86%E4%B8%8A%E7%BA%BF+%E5%8C%97%E6%96%B9%E5%A4%A7%E9%83%A8%E6%B0%94%E6%B8%A9%E7%8B%82%E9%A3%99&sa=fyb_news&rsv_dl=fyb_news', '2023-03-26 10:30:02', '2023-03-26 10:30:02', '2023-03-26 10:30:02', 2, NULL);
INSERT INTO `headline_news` VALUES ('a8b4c41b9a2e4f8f89094d5477acbe5e', '代表建议提供免费墓地和骨灰盒', '人大代表潘保春接受采访时表示，建议投资规划免费公墓，加大殡葬业立法研究，尽快出台《殡葬法》，规范行业乱象，为离世民众提供免费墓地和骨灰盒。', 'https://fyb-2.cdn.bcebos.com/hotboard_image/2e2e736031d333995043106d9d166ad5', '百度', 'https://www.baidu.com/s?wd=%E4%BB%A3%E8%A1%A8%E5%BB%BA%E8%AE%AE%E6%8F%90%E4%BE%9B%E5%85%8D%E8%B4%B9%E5%A2%93%E5%9C%B0%E5%92%8C%E9%AA%A8%E7%81%B0%E7%9B%92&sa=fyb_news&rsv_dl=fyb_news', '2023-03-04 21:54:01', '2023-03-04 21:54:01', '2023-03-04 21:54:01', 2, NULL);
INSERT INTO `headline_news` VALUES ('a90967d945514dfd87bb7fcd22d01e76', '68岁成龙18年后再拍《神话2》', '', 'https://fyb-1.cdn.bcebos.com/fyb/de6163834f53ca92c1273fff98ac9078.jpeg', '百度', 'https://www.baidu.com/s?wd=68%E5%B2%81%E6%88%90%E9%BE%9918%E5%B9%B4%E5%90%8E%E5%86%8D%E6%8B%8D%E3%80%8A%E7%A5%9E%E8%AF%9D2%E3%80%8B&sa=fyb_news&rsv_dl=fyb_news', '2023-02-23 11:58:01', '2023-02-23 11:58:01', '2023-02-23 11:58:01', 2, NULL);
INSERT INTO `headline_news` VALUES ('a93ac33de96a4a4cbd39ca0ffa170894', '内蒙古煤矿坍塌瞬间监控画面曝光', '22日，内蒙古阿拉善左旗新井煤业公司一处露天煤矿发生大面积坍塌。阿拉善煤矿坍塌瞬间画面：山体滑落尘土滚滚，多台机械车被吞没。', 'https://fyb-2.cdn.bcebos.com/hotboard_image/6310c300683b0385c8bf6391dcc06d7a', '百度', 'https://www.baidu.com/s?wd=%E5%86%85%E8%92%99%E5%8F%A4%E7%85%A4%E7%9F%BF%E5%9D%8D%E5%A1%8C%E7%9E%AC%E9%97%B4%E7%9B%91%E6%8E%A7%E7%94%BB%E9%9D%A2%E6%9B%9D%E5%85%89&sa=fyb_news&rsv_dl=fyb_news', '2023-02-24 14:29:01', '2023-02-24 14:29:01', '2023-02-24 14:29:01', 2, NULL);
INSERT INTO `headline_news` VALUES ('a944d53452314359af2b8a0230f3624f', '媒体：跟风涨价往往得不偿失', '', 'https://fyb-1.cdn.bcebos.com/fyb/de6163834f53ca92c1273fff98ac9078.jpeg', '百度', 'https://www.baidu.com/s?wd=%E5%AA%92%E4%BD%93%EF%BC%9A%E8%B7%9F%E9%A3%8E%E6%B6%A8%E4%BB%B7%E5%BE%80%E5%BE%80%E5%BE%97%E4%B8%8D%E5%81%BF%E5%A4%B1&sa=fyb_news&rsv_dl=fyb_news', '2023-04-22 09:36:07', '2023-04-22 09:36:07', '2023-04-22 09:36:07', 2, NULL);
INSERT INTO `headline_news` VALUES ('a96ace1abd984397a6ed04f46c40612c', '金正恩携夫人、妹妹、女儿罕见同框', '4月13日，朝鲜“火星炮-18”洲际弹道导弹试射，朝鲜最高领导人金正恩现场指导。金正恩夫人李雪主、妹妹金与正及女儿“罕见同框”，都出现在发射现场。', 'https://fyb-2.cdn.bcebos.com/hotboard_image/9cffc497f95b335eca439248f65ad36f', '百度', 'https://www.baidu.com/s?wd=%E9%87%91%E6%AD%A3%E6%81%A9%E6%90%BA%E5%A4%AB%E4%BA%BA%E3%80%81%E5%A6%B9%E5%A6%B9%E3%80%81%E5%A5%B3%E5%84%BF%E7%BD%95%E8%A7%81%E5%90%8C%E6%A1%86&sa=fyb_news&rsv_dl=fyb_news', '2023-04-21 21:30:11', '2023-04-21 21:30:11', '2023-04-21 21:30:11', 2, NULL);
INSERT INTO `headline_news` VALUES ('a9a5a97a3fba40bca309c5a0989ff54d', '人大代表谈中传硕士在火锅店当保洁', '', 'https://fyb-1.cdn.bcebos.com/fyb/de6163834f53ca92c1273fff98ac9078.jpeg', '百度', 'https://www.baidu.com/s?wd=%E4%BA%BA%E5%A4%A7%E4%BB%A3%E8%A1%A8%E8%B0%88%E4%B8%AD%E4%BC%A0%E7%A1%95%E5%A3%AB%E5%9C%A8%E7%81%AB%E9%94%85%E5%BA%97%E5%BD%93%E4%BF%9D%E6%B4%81&sa=fyb_news&rsv_dl=fyb_news', '2023-03-04 21:54:01', '2023-03-04 21:54:01', '2023-03-04 21:54:01', 2, NULL);
INSERT INTO `headline_news` VALUES ('a9a86df08e25490ea89d66b5576e13c0', '台湾17岁少年街头扫射42枪', '', 'https://fyb-1.cdn.bcebos.com/fyb/de6163834f53ca92c1273fff98ac9078.jpeg', '百度', 'https://www.baidu.com/s?wd=%E5%8F%B0%E6%B9%BE17%E5%B2%81%E5%B0%91%E5%B9%B4%E8%A1%97%E5%A4%B4%E6%89%AB%E5%B0%8442%E6%9E%AA&sa=fyb_news&rsv_dl=fyb_news', '2023-04-20 15:44:04', '2023-04-20 15:44:04', '2023-04-20 15:44:04', 2, NULL);
INSERT INTO `headline_news` VALUES ('a9e9723244634373a7ad463770f27d24', '淄博一医院在门口摆烧烤摊', '4月19日，山东淄博一家医院在门口摆烧烤摊，请病人吃烧烤，引发关注。医院门口的显示屏有“我的病人我来宠，华庚请你来烧烤”的标语。', 'https://fyb-2.cdn.bcebos.com/hotboard_image/618ccadbad5d4d4f61ba5885465e5500', '百度', 'https://www.baidu.com/s?wd=%E6%B7%84%E5%8D%9A%E4%B8%80%E5%8C%BB%E9%99%A2%E5%9C%A8%E9%97%A8%E5%8F%A3%E6%91%86%E7%83%A7%E7%83%A4%E6%91%8A&sa=fyb_news&rsv_dl=fyb_news', '2023-04-20 20:17:14', '2023-04-20 20:17:14', '2023-04-20 20:17:14', 2, NULL);
INSERT INTO `headline_news` VALUES ('a9f4157b6a7a41c1a0f2910daeae83ba', '科学家在大脑中培育出电极', '', 'https://fyb-1.cdn.bcebos.com/fyb/de6163834f53ca92c1273fff98ac9078.jpeg', '百度', 'https://www.baidu.com/s?wd=%E7%A7%91%E5%AD%A6%E5%AE%B6%E5%9C%A8%E5%A4%A7%E8%84%91%E4%B8%AD%E5%9F%B9%E8%82%B2%E5%87%BA%E7%94%B5%E6%9E%81&sa=fyb_news&rsv_dl=fyb_news', '2023-02-24 16:10:01', '2023-02-24 16:10:01', '2023-02-24 16:10:01', 2, NULL);
INSERT INTO `headline_news` VALUES ('aa0082e9af4d4dc5ad7695d6e6565164', '商家狡辩没缺斤短两：0.35kg是700g', '2月22日，湖北武汉一男子在网上买菜，收到后发现净含量与商家标注的600克不符，实测只有0.35kg。而商家却狡辩称，0.35kg就是700克，没有问题。', 'https://fyb-2.cdn.bcebos.com/hotboard_image/eb5e819576592444b2038c9b01e3f34a', '百度', 'https://www.baidu.com/s?wd=%E5%95%86%E5%AE%B6%E7%8B%A1%E8%BE%A9%E6%B2%A1%E7%BC%BA%E6%96%A4%E7%9F%AD%E4%B8%A4%EF%BC%9A0.35kg%E6%98%AF700g&sa=fyb_news&rsv_dl=fyb_news', '2023-02-23 11:13:01', '2023-02-23 11:13:01', '2023-02-23 11:13:01', 2, NULL);
INSERT INTO `headline_news` VALUES ('aa497146464f4f12bb4811358fe90ce8', '卓文萱否认参加浪姐4', '', 'https://fyb-1.cdn.bcebos.com/fyb/de6163834f53ca92c1273fff98ac9078.jpeg', '百度', 'https://www.baidu.com/s?wd=%E5%8D%93%E6%96%87%E8%90%B1%E5%90%A6%E8%AE%A4%E5%8F%82%E5%8A%A0%E6%B5%AA%E5%A7%904&sa=fyb_news&rsv_dl=fyb_news', '2023-03-05 10:47:01', '2023-03-05 10:47:01', '2023-03-05 10:47:01', 2, NULL);
INSERT INTO `headline_news` VALUES ('aa57b07b49bc40148d5ff789fd38c262', '因姓氏太罕见 全村集体改姓“鸭”', '', 'https://fyb-1.cdn.bcebos.com/fyb/de6163834f53ca92c1273fff98ac9078.jpeg', '百度', 'https://www.baidu.com/s?wd=%E5%9B%A0%E5%A7%93%E6%B0%8F%E5%A4%AA%E7%BD%95%E8%A7%81+%E5%85%A8%E6%9D%91%E9%9B%86%E4%BD%93%E6%94%B9%E5%A7%93%E2%80%9C%E9%B8%AD%E2%80%9D&sa=fyb_news&rsv_dl=fyb_news', '2023-04-20 17:12:09', '2023-04-20 17:12:09', '2023-04-20 17:12:09', 2, NULL);
INSERT INTO `headline_news` VALUES ('aa92800c6f6d48258aba68003072499d', '中国和洪都拉斯建交现场画面', '', 'https://fyb-1.cdn.bcebos.com/fyb/de6163834f53ca92c1273fff98ac9078.jpeg', '百度', 'https://www.baidu.com/s?wd=%E4%B8%AD%E5%9B%BD%E5%92%8C%E6%B4%AA%E9%83%BD%E6%8B%89%E6%96%AF%E5%BB%BA%E4%BA%A4%E7%8E%B0%E5%9C%BA%E7%94%BB%E9%9D%A2&sa=fyb_news&rsv_dl=fyb_news', '2023-03-26 11:48:01', '2023-03-26 11:48:01', '2023-03-26 11:48:01', 2, NULL);
INSERT INTO `headline_news` VALUES ('aad787f1832c43289270fd34735da457', '巴西总统府：卢拉因肺炎推迟访华', '据外媒25日报道，巴西总统府表示，巴西总统卢拉因健康原因推迟访华，以便能够从肺炎中康复。', 'https://fyb-2.cdn.bcebos.com/hotboard_image/f3607947546a36351ea47501240bd1f2', '百度', 'https://www.baidu.com/s?wd=%E5%B7%B4%E8%A5%BF%E6%80%BB%E7%BB%9F%E5%BA%9C%EF%BC%9A%E5%8D%A2%E6%8B%89%E5%9B%A0%E8%82%BA%E7%82%8E%E6%8E%A8%E8%BF%9F%E8%AE%BF%E5%8D%8E&sa=fyb_news&rsv_dl=fyb_news', '2023-03-26 13:09:01', '2023-03-26 13:09:01', '2023-03-26 13:09:01', 2, NULL);
INSERT INTO `headline_news` VALUES ('ab19d40481014a6ea830aab201e409c7', '宝马MINI展台改发钥匙扣 多人排队', '', 'https://fyb-1.cdn.bcebos.com/fyb/de6163834f53ca92c1273fff98ac9078.jpeg', '百度', 'https://www.baidu.com/s?wd=%E5%AE%9D%E9%A9%ACMINI%E5%B1%95%E5%8F%B0%E6%94%B9%E5%8F%91%E9%92%A5%E5%8C%99%E6%89%A3+%E5%A4%9A%E4%BA%BA%E6%8E%92%E9%98%9F&sa=fyb_news&rsv_dl=fyb_news', '2023-04-21 14:44:04', '2023-04-21 14:44:04', '2023-04-21 14:44:04', 2, NULL);
INSERT INTO `headline_news` VALUES ('ab4531a688de43979ceba31bae92a071', '“五一”出游还用不用戴口罩？', '“五一”出游还用不用戴口罩？专家指出，这需要从风险程度、当地规定以及个人健康状况三个方面来考虑。', 'https://fyb-2.cdn.bcebos.com/hotboard_image/b52152211f310c4fc42dffa47b228af0', '百度', 'https://www.baidu.com/s?wd=%E2%80%9C%E4%BA%94%E4%B8%80%E2%80%9D%E5%87%BA%E6%B8%B8%E8%BF%98%E7%94%A8%E4%B8%8D%E7%94%A8%E6%88%B4%E5%8F%A3%E7%BD%A9%EF%BC%9F&sa=fyb_news&rsv_dl=fyb_news', '2023-04-20 23:35:02', '2023-04-20 23:35:02', '2023-04-20 23:35:02', 2, NULL);
INSERT INTO `headline_news` VALUES ('ab48fb5e431d40ecac92f061a5931e2a', '白宫发言人把拜登说成奥巴马', '', 'https://fyb-1.cdn.bcebos.com/fyb/de6163834f53ca92c1273fff98ac9078.jpeg', '百度', 'https://www.baidu.com/s?wd=%E7%99%BD%E5%AE%AB%E5%8F%91%E8%A8%80%E4%BA%BA%E6%8A%8A%E6%8B%9C%E7%99%BB%E8%AF%B4%E6%88%90%E5%A5%A5%E5%B7%B4%E9%A9%AC&sa=fyb_news&rsv_dl=fyb_news', '2023-02-25 13:59:02', '2023-02-25 13:59:02', '2023-02-25 13:59:02', 2, NULL);
INSERT INTO `headline_news` VALUES ('ab5b07995b5a44538d98b966bf7ca3a4', '春天里的中国', '春天的中国，春意盎然，万象更新。下面，我们跟随镜头去祖国大地看一看。', 'https://fyb-2.cdn.bcebos.com/hotboard_image/c5752a742dddff8ade5968d72be6530a', '百度', 'https://www.baidu.com/s?wd=%E6%98%A5%E5%A4%A9%E9%87%8C%E7%9A%84%E4%B8%AD%E5%9B%BD&sa=fyb_news&rsv_dl=fyb_news', '2023-03-26 10:30:01', '2023-03-26 10:30:01', '2023-03-26 10:30:01', 2, NULL);
INSERT INTO `headline_news` VALUES ('ac2174d8859f4d2b9440c7bf45dcdc9b', '江苏一地将用数字人民币发工资', '', 'https://fyb-1.cdn.bcebos.com/fyb/de6163834f53ca92c1273fff98ac9078.jpeg', '百度', 'https://www.baidu.com/s?wd=%E6%B1%9F%E8%8B%8F%E4%B8%80%E5%9C%B0%E5%B0%86%E7%94%A8%E6%95%B0%E5%AD%97%E4%BA%BA%E6%B0%91%E5%B8%81%E5%8F%91%E5%B7%A5%E8%B5%84&sa=fyb_news&rsv_dl=fyb_news', '2023-04-22 12:01:03', '2023-04-22 12:01:03', '2023-04-22 12:01:03', 2, NULL);
INSERT INTO `headline_news` VALUES ('ac916e7af94746d5b24ca539502654b4', '各地持续推进减证便民行动', '', 'https://fyb-1.cdn.bcebos.com/fyb/de6163834f53ca92c1273fff98ac9078.jpeg', '百度', 'https://www.baidu.com/s?wd=%E5%90%84%E5%9C%B0%E6%8C%81%E7%BB%AD%E6%8E%A8%E8%BF%9B%E5%87%8F%E8%AF%81%E4%BE%BF%E6%B0%91%E8%A1%8C%E5%8A%A8&sa=fyb_news&rsv_dl=fyb_news', '2023-02-23 11:14:01', '2023-02-23 11:14:01', '2023-02-23 11:14:01', 2, NULL);
INSERT INTO `headline_news` VALUES ('acbe705282e54fb890c7fb081ee9f1b1', '女生回应失业摆摊一天卖5块', '4月21日，“失业女生摆摊一天卖5块崩溃痛‘哭登上热搜 ，22日，女生回应称：很不幸成为失业浪潮中的一员，摆摊是短择不会是长择。', 'https://fyb-2.cdn.bcebos.com/hotboard_image/9c9cfbc703dd3e251d4d24a063183868', '百度', 'https://www.baidu.com/s?wd=%E5%A5%B3%E7%94%9F%E5%9B%9E%E5%BA%94%E5%A4%B1%E4%B8%9A%E6%91%86%E6%91%8A%E4%B8%80%E5%A4%A9%E5%8D%965%E5%9D%97&sa=fyb_news&rsv_dl=fyb_news', '2023-04-22 22:19:03', '2023-04-22 22:19:03', '2023-04-22 22:19:03', 2, NULL);
INSERT INTO `headline_news` VALUES ('ad0796e86a324ac4ad29d58e58c12f72', '医保改革引关注 官方回应民众顾虑', '', 'https://fyb-1.cdn.bcebos.com/fyb/de6163834f53ca92c1273fff98ac9078.jpeg', '百度', 'https://www.baidu.com/s?wd=%E5%8C%BB%E4%BF%9D%E6%94%B9%E9%9D%A9%E5%BC%95%E5%85%B3%E6%B3%A8+%E5%AE%98%E6%96%B9%E5%9B%9E%E5%BA%94%E6%B0%91%E4%BC%97%E9%A1%BE%E8%99%91&sa=fyb_news&rsv_dl=fyb_news', '2023-02-25 14:03:01', '2023-02-25 14:03:01', '2023-02-25 14:03:01', 2, NULL);
INSERT INTO `headline_news` VALUES ('ad156df51b3d43ce84adbad6a630ddac', '4月新规来了', '', 'https://fyb-1.cdn.bcebos.com/fyb/de6163834f53ca92c1273fff98ac9078.jpeg', '百度', 'https://www.baidu.com/s?wd=4%E6%9C%88%E6%96%B0%E8%A7%84%E6%9D%A5%E4%BA%86&sa=fyb_news&rsv_dl=fyb_news', '2023-03-26 10:30:01', '2023-03-26 10:30:01', '2023-03-26 10:30:01', 2, NULL);
INSERT INTO `headline_news` VALUES ('ad226a33bd974a328d59cb26d901d84f', '委员建议六三三学制改为五二三', '', 'https://fyb-1.cdn.bcebos.com/fyb/de6163834f53ca92c1273fff98ac9078.jpeg', '百度', 'https://www.baidu.com/s?wd=%E5%A7%94%E5%91%98%E5%BB%BA%E8%AE%AE%E5%85%AD%E4%B8%89%E4%B8%89%E5%AD%A6%E5%88%B6%E6%94%B9%E4%B8%BA%E4%BA%94%E4%BA%8C%E4%B8%89&sa=fyb_news&rsv_dl=fyb_news', '2023-03-05 16:11:01', '2023-03-05 16:11:01', '2023-03-05 16:11:01', 2, NULL);
INSERT INTO `headline_news` VALUES ('ad2ec894f8ab444fa18584f5ba494bd0', '关键时刻，秦刚出访菲律宾', '据外交部网站21日消息，外交部发言人汪文斌宣布：应菲律宾外长马纳罗邀请，国务委员兼外交部长秦刚于4月21日至23日访问菲律宾。', 'https://fyb-2.cdn.bcebos.com/hotboard_image/29a332b44e344005bdcb5cd8a419b51a', '百度', 'https://www.baidu.com/s?wd=%E5%85%B3%E9%94%AE%E6%97%B6%E5%88%BB%EF%BC%8C%E7%A7%A6%E5%88%9A%E5%87%BA%E8%AE%BF%E8%8F%B2%E5%BE%8B%E5%AE%BE&sa=fyb_news&rsv_dl=fyb_news', '2023-04-21 22:59:08', '2023-04-21 22:59:08', '2023-04-21 22:59:08', 2, NULL);
INSERT INTO `headline_news` VALUES ('ad3cd84285b84f8a9b7c1160500f69af', '女子在mini展台直播起冲突 警方回应', '', 'https://fyb-1.cdn.bcebos.com/fyb/de6163834f53ca92c1273fff98ac9078.jpeg', '百度', 'https://www.baidu.com/s?wd=%E5%A5%B3%E5%AD%90%E5%9C%A8mini%E5%B1%95%E5%8F%B0%E7%9B%B4%E6%92%AD%E8%B5%B7%E5%86%B2%E7%AA%81+%E8%AD%A6%E6%96%B9%E5%9B%9E%E5%BA%94&sa=fyb_news&rsv_dl=fyb_news', '2023-04-20 22:38:04', '2023-04-20 22:38:04', '2023-04-20 22:38:04', 2, NULL);
INSERT INTO `headline_news` VALUES ('add84e7f6a144b359348e0b89caac034', '秦刚:中国土地收回来就绝不会再失去', '', 'https://fyb-1.cdn.bcebos.com/fyb/de6163834f53ca92c1273fff98ac9078.jpeg', '百度', 'https://www.baidu.com/s?wd=%E7%A7%A6%E5%88%9A%3A%E4%B8%AD%E5%9B%BD%E5%9C%9F%E5%9C%B0%E6%94%B6%E5%9B%9E%E6%9D%A5%E5%B0%B1%E7%BB%9D%E4%B8%8D%E4%BC%9A%E5%86%8D%E5%A4%B1%E5%8E%BB&sa=fyb_news&rsv_dl=fyb_news', '2023-04-21 10:17:05', '2023-04-21 10:17:05', '2023-04-21 10:17:05', 2, NULL);
INSERT INTO `headline_news` VALUES ('addf18c500964b209df7652b68fdb4a0', '原来熊猫的笑声这么粗犷吗', '小时候的熊猫崽崽弱小可爱又无助，长大了笑得像个反派。', 'https://fyb-2.cdn.bcebos.com/hotboard_image/1d79739e7510d20b098aed3a896f2a3e', '百度', 'https://www.baidu.com/s?wd=%E5%8E%9F%E6%9D%A5%E7%86%8A%E7%8C%AB%E7%9A%84%E7%AC%91%E5%A3%B0%E8%BF%99%E4%B9%88%E7%B2%97%E7%8A%B7%E5%90%97&sa=fyb_news&rsv_dl=fyb_news', '2023-03-26 10:30:01', '2023-03-26 10:30:01', '2023-03-26 10:30:01', 2, NULL);
INSERT INTO `headline_news` VALUES ('ade16e6bbba94747b019d1b4b4be14e0', '王鹤棣方回应片场骂人', '近日，网传群演爆料王鹤棣片场骂人说脏话。随即王鹤棣方发文表示网传情况不属实，目前原帖已删除。', 'https://fyb-2.cdn.bcebos.com/hotboard_image/ba9954255d67d525f5a90141eb06287b', '百度', 'https://www.baidu.com/s?wd=%E7%8E%8B%E9%B9%A4%E6%A3%A3%E6%96%B9%E5%9B%9E%E5%BA%94%E7%89%87%E5%9C%BA%E9%AA%82%E4%BA%BA&sa=fyb_news&rsv_dl=fyb_news', '2023-04-20 00:59:06', '2023-04-20 00:59:06', '2023-04-20 00:59:06', 2, NULL);
INSERT INTO `headline_news` VALUES ('adf9eebe9a4f4b8b9fe8e194524a6065', '近期发烧腹泻是复阳吗？中疾控解读', '最近又出现发烧、腹泻等症状，是新冠“复阳”吗？中疾控研究员常昭瑞23日介绍，当出现发热、腹泻症状时，应重点考虑是否为急性胃肠炎等肠道疾病。', 'https://fyb-2.cdn.bcebos.com/hotboard_image/634c22e8d0909488fc8ae4e10a5e17ef', '百度', 'https://www.baidu.com/s?wd=%E8%BF%91%E6%9C%9F%E5%8F%91%E7%83%A7%E8%85%B9%E6%B3%BB%E6%98%AF%E5%A4%8D%E9%98%B3%E5%90%97%EF%BC%9F%E4%B8%AD%E7%96%BE%E6%8E%A7%E8%A7%A3%E8%AF%BB&sa=fyb_news&rsv_dl=fyb_news', '2023-02-24 13:44:01', '2023-02-24 13:44:01', '2023-02-24 13:44:01', 2, NULL);
INSERT INTO `headline_news` VALUES ('ae697c7469fe4e42a616c894de9f44f5', '委员建议车辆每年享固定天数高速免费', '', 'https://fyb-1.cdn.bcebos.com/fyb/de6163834f53ca92c1273fff98ac9078.jpeg', '百度', 'https://www.baidu.com/s?wd=%E5%A7%94%E5%91%98%E5%BB%BA%E8%AE%AE%E8%BD%A6%E8%BE%86%E6%AF%8F%E5%B9%B4%E4%BA%AB%E5%9B%BA%E5%AE%9A%E5%A4%A9%E6%95%B0%E9%AB%98%E9%80%9F%E5%85%8D%E8%B4%B9&sa=fyb_news&rsv_dl=fyb_news', '2023-03-05 10:49:01', '2023-03-05 10:49:01', '2023-03-05 10:49:01', 2, NULL);
INSERT INTO `headline_news` VALUES ('ae6df0b7c2c44a96bc56dc6ab6196adf', '蒿俊闵被带走调查？媒体人辟谣', '', 'https://fyb-1.cdn.bcebos.com/fyb/de6163834f53ca92c1273fff98ac9078.jpeg', '百度', 'https://www.baidu.com/s?wd=%E8%92%BF%E4%BF%8A%E9%97%B5%E8%A2%AB%E5%B8%A6%E8%B5%B0%E8%B0%83%E6%9F%A5%EF%BC%9F%E5%AA%92%E4%BD%93%E4%BA%BA%E8%BE%9F%E8%B0%A3&sa=fyb_news&rsv_dl=fyb_news', '2023-02-23 11:14:01', '2023-02-23 11:14:01', '2023-02-23 11:14:01', 2, NULL);
INSERT INTO `headline_news` VALUES ('af14c1f22d6b47d48b6f5ff13dfe2370', '学生嫌吵坚持3年关水阀？学校回应', '近日，有网友发帖称，西安科技大学一男生嫌晚上洗漱声太吵，每天晚上11点准时关水阀，早上6点准时开水阀，坚持了3年。学校：事情已解决，要互相理解。', 'https://fyb-2.cdn.bcebos.com/hotboard_image/cf37cd04c07d4ebc5d1871392a773937', '百度', 'https://www.baidu.com/s?wd=%E5%AD%A6%E7%94%9F%E5%AB%8C%E5%90%B5%E5%9D%9A%E6%8C%813%E5%B9%B4%E5%85%B3%E6%B0%B4%E9%98%80%EF%BC%9F%E5%AD%A6%E6%A0%A1%E5%9B%9E%E5%BA%94&sa=fyb_news&rsv_dl=fyb_news', '2023-04-21 15:08:06', '2023-04-21 15:08:06', '2023-04-21 15:08:06', 2, NULL);
INSERT INTO `headline_news` VALUES ('af210b2c3c55476c859429330356f5cf', '张亚宏任上海市公安局局长', '2月25日上午，上海市十六届人大常委会第一次会议举行，审议并表决通过有关人事任免事项。其中决定任命张亚宏为上海市公安局局长。', 'https://fyb-2.cdn.bcebos.com/hotboard_image/834f01e62d190a3adb4bbd465fa54e93', '百度', 'https://www.baidu.com/s?wd=%E5%BC%A0%E4%BA%9A%E5%AE%8F%E4%BB%BB%E4%B8%8A%E6%B5%B7%E5%B8%82%E5%85%AC%E5%AE%89%E5%B1%80%E5%B1%80%E9%95%BF&sa=fyb_news&rsv_dl=fyb_news', '2023-02-25 14:10:01', '2023-02-25 14:10:01', '2023-02-25 14:10:01', 2, NULL);
INSERT INTO `headline_news` VALUES ('af568aad838f4a5ba720ae6bb744ac71', '韩国涉毒演员刘亚仁出庭接受调查', '韩国《亚洲日报》3月27日消息，因涉嫌违反韩国《毒品管理法》的韩国演员刘亚仁27日在首尔警察厅出庭接受调查。', 'https://fyb-2.cdn.bcebos.com/hotboard_image/01950c2d4cc6befe7ac635c34b26e32e', '百度', 'https://www.baidu.com/s?wd=%E9%9F%A9%E5%9B%BD%E6%B6%89%E6%AF%92%E6%BC%94%E5%91%98%E5%88%98%E4%BA%9A%E4%BB%81%E5%87%BA%E5%BA%AD%E6%8E%A5%E5%8F%97%E8%B0%83%E6%9F%A5&sa=fyb_news&rsv_dl=fyb_news', '2023-03-27 10:49:00', '2023-03-27 10:49:00', '2023-03-27 10:49:00', 2, NULL);
INSERT INTO `headline_news` VALUES ('af650de8e2524ac388c586f112b3238e', '公司招聘运营称已婚双休未婚单休', '4月21日，浙江杭州的林女士在网上看到一家公司招聘运营岗位，hr告知，公司员工已婚已育是双休，未婚是单休。求职者称，这是一种职场歧视。', 'https://fyb-2.cdn.bcebos.com/hotboard_image/0d8de4a7d5f6761bdc4c51cbf0be880f', '百度', 'https://www.baidu.com/s?wd=%E5%85%AC%E5%8F%B8%E6%8B%9B%E8%81%98%E8%BF%90%E8%90%A5%E7%A7%B0%E5%B7%B2%E5%A9%9A%E5%8F%8C%E4%BC%91%E6%9C%AA%E5%A9%9A%E5%8D%95%E4%BC%91&sa=fyb_news&rsv_dl=fyb_news', '2023-04-23 17:02:12', '2023-04-23 17:02:12', '2023-04-23 17:02:12', 2, NULL);
INSERT INTO `headline_news` VALUES ('afa4ea14703e41738fd157c23ebc4aec', '青岛一鸵鸟在车流中狂奔', '4月20日，山东青岛一只鸵鸟在车流中穿梭狂奔，引得市民纷纷围观拍照。据悉，事发当日，这只鸵鸟就已经被抓住了。', 'https://fyb-2.cdn.bcebos.com/hotboard_image/00f6824e6f92e07f3162ba431a8ea409', '百度', 'https://www.baidu.com/s?wd=%E9%9D%92%E5%B2%9B%E4%B8%80%E9%B8%B5%E9%B8%9F%E5%9C%A8%E8%BD%A6%E6%B5%81%E4%B8%AD%E7%8B%82%E5%A5%94&sa=fyb_news&rsv_dl=fyb_news', '2023-04-21 18:02:01', '2023-04-21 18:02:01', '2023-04-21 18:02:01', 2, NULL);
INSERT INTO `headline_news` VALUES ('afdf674d8e874645b913ea57f4724710', '男子应聘被要求坚持洗凉水澡冬泳', '21日，北京一男子去应聘某图书公司运营岗位，填写面试登记表时，发现公司要求入职后做俯卧撑、洗凉水澡和冬泳。面试者称真的无法理解，就很离谱。', 'https://fyb-2.cdn.bcebos.com/hotboard_image/4f47a0c5a33e108a4a6e72308cedff8f', '百度', 'https://www.baidu.com/s?wd=%E7%94%B7%E5%AD%90%E5%BA%94%E8%81%98%E8%A2%AB%E8%A6%81%E6%B1%82%E5%9D%9A%E6%8C%81%E6%B4%97%E5%87%89%E6%B0%B4%E6%BE%A1%E5%86%AC%E6%B3%B3&sa=fyb_news&rsv_dl=fyb_news', '2023-04-22 19:39:11', '2023-04-22 19:39:11', '2023-04-22 19:39:11', 2, NULL);
INSERT INTO `headline_news` VALUES ('b0010583977a4af6a8f9205b781e5818', '记者调查“转贷降息”灰色生意', '', 'https://fyb-1.cdn.bcebos.com/fyb/de6163834f53ca92c1273fff98ac9078.jpeg', '百度', 'https://www.baidu.com/s?wd=%E8%AE%B0%E8%80%85%E8%B0%83%E6%9F%A5%E2%80%9C%E8%BD%AC%E8%B4%B7%E9%99%8D%E6%81%AF%E2%80%9D%E7%81%B0%E8%89%B2%E7%94%9F%E6%84%8F&sa=fyb_news&rsv_dl=fyb_news', '2023-02-23 14:39:01', '2023-02-23 14:39:01', '2023-02-23 14:39:01', 2, NULL);
INSERT INTO `headline_news` VALUES ('b00ff34f9d0046a794ce09c740578ff2', '店主漏看监控冤枉8岁女孩是小偷', '', 'https://fyb-1.cdn.bcebos.com/fyb/de6163834f53ca92c1273fff98ac9078.jpeg', '百度', 'https://www.baidu.com/s?wd=%E5%BA%97%E4%B8%BB%E6%BC%8F%E7%9C%8B%E7%9B%91%E6%8E%A7%E5%86%A4%E6%9E%898%E5%B2%81%E5%A5%B3%E5%AD%A9%E6%98%AF%E5%B0%8F%E5%81%B7&sa=fyb_news&rsv_dl=fyb_news', '2023-04-23 16:54:09', '2023-04-23 16:54:09', '2023-04-23 16:54:09', 2, NULL);
INSERT INTO `headline_news` VALUES ('b017689420934618b0a74e58fc30575d', '科技部部长用梅西解释ChatGPT', '', 'https://fyb-1.cdn.bcebos.com/fyb/de6163834f53ca92c1273fff98ac9078.jpeg', '百度', 'https://www.baidu.com/s?wd=%E7%A7%91%E6%8A%80%E9%83%A8%E9%83%A8%E9%95%BF%E7%94%A8%E6%A2%85%E8%A5%BF%E8%A7%A3%E9%87%8AChatGPT&sa=fyb_news&rsv_dl=fyb_news', '2023-03-05 11:31:01', '2023-03-05 11:31:01', '2023-03-05 11:31:01', 2, NULL);
INSERT INTO `headline_news` VALUES ('b01a8da15bbb49b9a6be20a74b416233', '中国研发人员总量稳居世界首位', '', 'https://fyb-1.cdn.bcebos.com/fyb/de6163834f53ca92c1273fff98ac9078.jpeg', '百度', 'https://www.baidu.com/s?wd=%E4%B8%AD%E5%9B%BD%E7%A0%94%E5%8F%91%E4%BA%BA%E5%91%98%E6%80%BB%E9%87%8F%E7%A8%B3%E5%B1%85%E4%B8%96%E7%95%8C%E9%A6%96%E4%BD%8D&sa=fyb_news&rsv_dl=fyb_news', '2023-02-23 11:14:01', '2023-02-23 11:14:01', '2023-02-23 11:14:01', 2, NULL);
INSERT INTO `headline_news` VALUES ('b041c0f033c44bcc9e6e5fb2119c46da', '伤者：发现掉石渣就撤离 已来不及', '2月22日，阿拉善一露天煤矿发生大面积坍塌。伤者讲述事发时情况：下午1点1刻上班以后发现山上往下掉石渣，然后就组织撤离，但是已经撤不及时了。', 'https://fyb-2.cdn.bcebos.com/hotboard_image/0b4d84239087b5f49b6e605c88ddde58', '百度', 'https://www.baidu.com/s?wd=%E4%BC%A4%E8%80%85%EF%BC%9A%E5%8F%91%E7%8E%B0%E6%8E%89%E7%9F%B3%E6%B8%A3%E5%B0%B1%E6%92%A4%E7%A6%BB+%E5%B7%B2%E6%9D%A5%E4%B8%8D%E5%8F%8A&sa=fyb_news&rsv_dl=fyb_news', '2023-02-23 14:13:01', '2023-02-23 14:13:01', '2023-02-23 14:13:01', 2, NULL);
INSERT INTO `headline_news` VALUES ('b07e4a14ce41492ba859fd651a2e876d', '刘雯巴黎时装周闭场', '', 'https://fyb-1.cdn.bcebos.com/fyb/de6163834f53ca92c1273fff98ac9078.jpeg', '百度', 'https://www.baidu.com/s?wd=%E5%88%98%E9%9B%AF%E5%B7%B4%E9%BB%8E%E6%97%B6%E8%A3%85%E5%91%A8%E9%97%AD%E5%9C%BA&sa=fyb_news&rsv_dl=fyb_news', '2023-03-05 14:06:01', '2023-03-05 14:06:01', '2023-03-05 14:06:01', 2, NULL);
INSERT INTO `headline_news` VALUES ('b08e27a2b90e454ca1dd48248c50c968', '我国持续成为外商投资兴业的热土', '', 'https://fyb-1.cdn.bcebos.com/fyb/de6163834f53ca92c1273fff98ac9078.jpeg', '百度', 'https://www.baidu.com/s?wd=%E6%88%91%E5%9B%BD%E6%8C%81%E7%BB%AD%E6%88%90%E4%B8%BA%E5%A4%96%E5%95%86%E6%8A%95%E8%B5%84%E5%85%B4%E4%B8%9A%E7%9A%84%E7%83%AD%E5%9C%9F&sa=fyb_news&rsv_dl=fyb_news', '2023-03-05 12:17:01', '2023-03-05 12:17:01', '2023-03-05 12:17:01', 2, NULL);
INSERT INTO `headline_news` VALUES ('b105a2d44c1e4610ba45615ec2dfd54b', '榴莲批发价1斤低至20元', '', 'https://fyb-1.cdn.bcebos.com/fyb/de6163834f53ca92c1273fff98ac9078.jpeg', '百度', 'https://www.baidu.com/s?wd=%E6%A6%B4%E8%8E%B2%E6%89%B9%E5%8F%91%E4%BB%B71%E6%96%A4%E4%BD%8E%E8%87%B320%E5%85%83&sa=fyb_news&rsv_dl=fyb_news', '2023-04-21 10:54:17', '2023-04-21 10:54:17', '2023-04-21 10:54:17', 2, NULL);
INSERT INTO `headline_news` VALUES ('b10e981805ed404d9e71964099fab1e7', '广东进入2023汛期', '', 'https://fyb-1.cdn.bcebos.com/fyb/de6163834f53ca92c1273fff98ac9078.jpeg', '百度', 'https://www.baidu.com/s?wd=%E5%B9%BF%E4%B8%9C%E8%BF%9B%E5%85%A52023%E6%B1%9B%E6%9C%9F&sa=fyb_news&rsv_dl=fyb_news', '2023-03-27 15:44:01', '2023-03-27 15:44:01', '2023-03-27 15:44:01', 2, NULL);
INSERT INTO `headline_news` VALUES ('b1253b3db70b462985420015293361af', '女孩穿汉服乘公交颜值惊艳众人', '', 'https://fyb-1.cdn.bcebos.com/fyb/de6163834f53ca92c1273fff98ac9078.jpeg', '百度', 'https://www.baidu.com/s?wd=%E5%A5%B3%E5%AD%A9%E7%A9%BF%E6%B1%89%E6%9C%8D%E4%B9%98%E5%85%AC%E4%BA%A4%E9%A2%9C%E5%80%BC%E6%83%8A%E8%89%B3%E4%BC%97%E4%BA%BA&sa=fyb_news&rsv_dl=fyb_news', '2023-03-26 10:30:02', '2023-03-26 10:30:02', '2023-03-26 10:30:02', 2, NULL);
INSERT INTO `headline_news` VALUES ('b17d4a3d7f65429f88e65168513bea2b', '四大会计事务所新中标多家国企项目', '', 'https://fyb-1.cdn.bcebos.com/fyb/de6163834f53ca92c1273fff98ac9078.jpeg', '百度', 'https://www.baidu.com/s?wd=%E5%9B%9B%E5%A4%A7%E4%BC%9A%E8%AE%A1%E4%BA%8B%E5%8A%A1%E6%89%80%E6%96%B0%E4%B8%AD%E6%A0%87%E5%A4%9A%E5%AE%B6%E5%9B%BD%E4%BC%81%E9%A1%B9%E7%9B%AE&sa=fyb_news&rsv_dl=fyb_news', '2023-02-24 14:32:01', '2023-02-24 14:32:01', '2023-02-24 14:32:01', 2, NULL);
INSERT INTO `headline_news` VALUES ('b1efdf5e93d54a02a5f472682b00591f', '美动物园称丫丫毛发稀疏是家族遗传', '近日，在美志愿者称丫丫有大面积皮肤病，还疑似营养不良。孟菲斯动物园官网曾解释称，这是源于它的家族遗传，偶尔会让它的毛发看起来稀疏散乱。', 'https://fyb-2.cdn.bcebos.com/hotboard_image/641260e2b476820660d372613e52b6c1', '百度', 'https://www.baidu.com/s?wd=%E7%BE%8E%E5%8A%A8%E7%89%A9%E5%9B%AD%E7%A7%B0%E4%B8%AB%E4%B8%AB%E6%AF%9B%E5%8F%91%E7%A8%80%E7%96%8F%E6%98%AF%E5%AE%B6%E6%97%8F%E9%81%97%E4%BC%A0&sa=fyb_news&rsv_dl=fyb_news', '2023-02-25 13:23:01', '2023-02-25 13:23:01', '2023-02-25 13:23:01', 2, NULL);
INSERT INTO `headline_news` VALUES ('b21421f101e94b8a800310c4156eb756', '姐姐未婚先孕用妹妹身份证结婚', '', 'https://fyb-1.cdn.bcebos.com/fyb/de6163834f53ca92c1273fff98ac9078.jpeg', '百度', 'https://www.baidu.com/s?wd=%E5%A7%90%E5%A7%90%E6%9C%AA%E5%A9%9A%E5%85%88%E5%AD%95%E7%94%A8%E5%A6%B9%E5%A6%B9%E8%BA%AB%E4%BB%BD%E8%AF%81%E7%BB%93%E5%A9%9A&sa=fyb_news&rsv_dl=fyb_news', '2023-04-20 20:04:05', '2023-04-20 20:04:05', '2023-04-20 20:04:05', 2, NULL);
INSERT INTO `headline_news` VALUES ('b21e1b382c6a4123846881121da24b1e', '宋仲基首次回应妻子争议', '', 'https://fyb-1.cdn.bcebos.com/fyb/de6163834f53ca92c1273fff98ac9078.jpeg', '百度', 'https://www.baidu.com/s?wd=%E5%AE%8B%E4%BB%B2%E5%9F%BA%E9%A6%96%E6%AC%A1%E5%9B%9E%E5%BA%94%E5%A6%BB%E5%AD%90%E4%BA%89%E8%AE%AE&sa=fyb_news&rsv_dl=fyb_news', '2023-02-23 11:13:01', '2023-02-23 11:13:01', '2023-02-23 11:13:01', 2, NULL);
INSERT INTO `headline_news` VALUES ('b243ddf086b34e5c95444da71656a123', '不方便打电话可给12110发短信报警', '遇到不方便打电话的情况时，都可以简明扼要描述正在遭受的侵害，是否方便接听警方电话，然后迅速给12110发短信报警，警方会第一时间处置报警。', 'https://fyb-2.cdn.bcebos.com/hotboard_image/e7103a1a8211b0ba0bbf668386a71dd6', '百度', 'https://www.baidu.com/s?wd=%E4%B8%8D%E6%96%B9%E4%BE%BF%E6%89%93%E7%94%B5%E8%AF%9D%E5%8F%AF%E7%BB%9912110%E5%8F%91%E7%9F%AD%E4%BF%A1%E6%8A%A5%E8%AD%A6&sa=fyb_news&rsv_dl=fyb_news', '2023-03-26 17:52:01', '2023-03-26 17:52:01', '2023-03-26 17:52:01', 2, NULL);
INSERT INTO `headline_news` VALUES ('b26b9e4ee9c140fb9cbe45b2db00328b', '福岛核污染水排海或于7月实施', '', 'https://fyb-1.cdn.bcebos.com/fyb/de6163834f53ca92c1273fff98ac9078.jpeg', '百度', 'https://www.baidu.com/s?wd=%E7%A6%8F%E5%B2%9B%E6%A0%B8%E6%B1%A1%E6%9F%93%E6%B0%B4%E6%8E%92%E6%B5%B7%E6%88%96%E4%BA%8E7%E6%9C%88%E5%AE%9E%E6%96%BD&sa=fyb_news&rsv_dl=fyb_news', '2023-04-22 16:16:10', '2023-04-22 16:16:10', '2023-04-22 16:16:10', 2, NULL);
INSERT INTO `headline_news` VALUES ('b26fec06aaf0438494b164983d8f3171', '老默不送鱼改反诈了', '', 'https://fyb-1.cdn.bcebos.com/fyb/de6163834f53ca92c1273fff98ac9078.jpeg', '百度', 'https://www.baidu.com/s?wd=%E8%80%81%E9%BB%98%E4%B8%8D%E9%80%81%E9%B1%BC%E6%94%B9%E5%8F%8D%E8%AF%88%E4%BA%86&sa=fyb_news&rsv_dl=fyb_news', '2023-02-24 13:11:01', '2023-02-24 13:11:01', '2023-02-24 13:11:01', 2, NULL);
INSERT INTO `headline_news` VALUES ('b27c9a0286a44f2fa3dc9455456a8f5a', '煤矿坍塌遇难人数升至4人', '2月2日，内蒙古一露天煤矿发生大面积坍塌，造成多人失联、被困以及人员伤亡。截至目前，事故已致4人遇难，49人失联。', 'https://fyb-2.cdn.bcebos.com/hotboard_image/9a7a314b6c6b330ed991c4e4b65631d8', '百度', 'https://www.baidu.com/s?wd=%E7%85%A4%E7%9F%BF%E5%9D%8D%E5%A1%8C%E9%81%87%E9%9A%BE%E4%BA%BA%E6%95%B0%E5%8D%87%E8%87%B34%E4%BA%BA&sa=fyb_news&rsv_dl=fyb_news', '2023-02-23 14:48:01', '2023-02-23 14:48:01', '2023-02-23 14:48:01', 2, NULL);
INSERT INTO `headline_news` VALUES ('b2ed29a6099549ea92b64be0b2f507f3', '8所学院拟更名大学', '', 'https://fyb-1.cdn.bcebos.com/fyb/de6163834f53ca92c1273fff98ac9078.jpeg', '百度', 'https://www.baidu.com/s?wd=8%E6%89%80%E5%AD%A6%E9%99%A2%E6%8B%9F%E6%9B%B4%E5%90%8D%E5%A4%A7%E5%AD%A6&sa=fyb_news&rsv_dl=fyb_news', '2023-03-04 21:54:01', '2023-03-04 21:54:01', '2023-03-04 21:54:01', 2, NULL);
INSERT INTO `headline_news` VALUES ('b32867ddac2c433fa749f75f01e15211', '小鹏人脸识别需车外蹲地看摄像头', '', 'https://fyb-1.cdn.bcebos.com/fyb/de6163834f53ca92c1273fff98ac9078.jpeg', '百度', 'https://www.baidu.com/s?wd=%E5%B0%8F%E9%B9%8F%E4%BA%BA%E8%84%B8%E8%AF%86%E5%88%AB%E9%9C%80%E8%BD%A6%E5%A4%96%E8%B9%B2%E5%9C%B0%E7%9C%8B%E6%91%84%E5%83%8F%E5%A4%B4&sa=fyb_news&rsv_dl=fyb_news', '2023-03-05 15:29:01', '2023-03-05 15:29:01', '2023-03-05 15:29:01', 2, NULL);
INSERT INTO `headline_news` VALUES ('b34511da5f8b41298b0fa880b460e38c', '专家：新冠二次感染风险正逐渐增加', '', 'https://fyb-1.cdn.bcebos.com/fyb/de6163834f53ca92c1273fff98ac9078.jpeg', '百度', 'https://www.baidu.com/s?wd=%E4%B8%93%E5%AE%B6%EF%BC%9A%E6%96%B0%E5%86%A0%E4%BA%8C%E6%AC%A1%E6%84%9F%E6%9F%93%E9%A3%8E%E9%99%A9%E6%AD%A3%E9%80%90%E6%B8%90%E5%A2%9E%E5%8A%A0&sa=fyb_news&rsv_dl=fyb_news', '2023-04-23 16:48:03', '2023-04-23 16:48:03', '2023-04-23 16:48:03', 2, NULL);
INSERT INTO `headline_news` VALUES ('b37ab4ab3bae4b1da9ded2ab49bba6f5', '网传浪姐4最终阵容', '芒果综艺《乘风破浪的姐姐4》录制在即，近日网络上曝光了该综艺的最终名单。从这份名单来看，整个嘉宾阵容较前三季再度升级，拉满了观众的期待值。', 'https://fyb-2.cdn.bcebos.com/hotboard_image/8c3d40427ab42139c381cc8a9a2f6725', '百度', 'https://www.baidu.com/s?wd=%E7%BD%91%E4%BC%A0%E6%B5%AA%E5%A7%904%E6%9C%80%E7%BB%88%E9%98%B5%E5%AE%B9&sa=fyb_news&rsv_dl=fyb_news', '2023-03-05 09:59:01', '2023-03-05 09:59:01', '2023-03-05 09:59:01', 2, NULL);
INSERT INTO `headline_news` VALUES ('b384f10422374a57a2d643dd20fb0b85', '印度一颁奖礼热死11人', '16日，在印度孟买附近举办的一场颁奖活动上，超100万人在高温下曝晒5个小时，导致13人中暑死亡，50余人送医，另有约600人感到身体不适。', 'https://fyb-2.cdn.bcebos.com/hotboard_image/842329a6d82e27a9260619f639f906e7', '百度', 'https://www.baidu.com/s?wd=%E5%8D%B0%E5%BA%A6%E4%B8%80%E9%A2%81%E5%A5%96%E7%A4%BC%E7%83%AD%E6%AD%BB11%E4%BA%BA&sa=fyb_news&rsv_dl=fyb_news', '2023-04-20 00:59:05', '2023-04-20 00:59:05', '2023-04-20 00:59:05', 2, NULL);
INSERT INTO `headline_news` VALUES ('b3f1981151b54210a9c255d9dbdca978', '日本90名国会议员集体参拜靖国神社', '', 'https://fyb-1.cdn.bcebos.com/fyb/de6163834f53ca92c1273fff98ac9078.jpeg', '百度', 'https://www.baidu.com/s?wd=%E6%97%A5%E6%9C%AC90%E5%90%8D%E5%9B%BD%E4%BC%9A%E8%AE%AE%E5%91%98%E9%9B%86%E4%BD%93%E5%8F%82%E6%8B%9C%E9%9D%96%E5%9B%BD%E7%A5%9E%E7%A4%BE&sa=fyb_news&rsv_dl=fyb_news', '2023-04-21 13:24:11', '2023-04-21 13:24:11', '2023-04-21 13:24:11', 2, NULL);
INSERT INTO `headline_news` VALUES ('b44304974fc34f83891e98b9cfc70c1e', '泽连斯基：不接受与普京谈判', '', 'https://fyb-1.cdn.bcebos.com/fyb/de6163834f53ca92c1273fff98ac9078.jpeg', '百度', 'https://www.baidu.com/s?wd=%E6%B3%BD%E8%BF%9E%E6%96%AF%E5%9F%BA%EF%BC%9A%E4%B8%8D%E6%8E%A5%E5%8F%97%E4%B8%8E%E6%99%AE%E4%BA%AC%E8%B0%88%E5%88%A4&sa=fyb_news&rsv_dl=fyb_news', '2023-02-25 13:23:01', '2023-02-25 13:23:01', '2023-02-25 13:23:01', 2, NULL);
INSERT INTO `headline_news` VALUES ('b46d89fadc63449786da6c8bfc8eee54', '过去五年极不寻常极不平凡', '', 'https://fyb-1.cdn.bcebos.com/fyb/de6163834f53ca92c1273fff98ac9078.jpeg', '百度', 'https://www.baidu.com/s?wd=%E8%BF%87%E5%8E%BB%E4%BA%94%E5%B9%B4%E6%9E%81%E4%B8%8D%E5%AF%BB%E5%B8%B8%E6%9E%81%E4%B8%8D%E5%B9%B3%E5%87%A1&sa=fyb_news&rsv_dl=fyb_news', '2023-03-05 10:10:01', '2023-03-05 10:10:01', '2023-03-05 10:10:01', 2, NULL);
INSERT INTO `headline_news` VALUES ('b526c879c2a54d929d4642a108758cb9', '天琴座流星雨与“星月童话”同现', '天琴座流星雨、昴星团伴月将于22日共同亮相天宇，为姹紫嫣红的春日捎来天宇的加倍浪漫。让我们一起共赏一场“星月神话”吧！', 'https://fyb-2.cdn.bcebos.com/hotboard_image/3e90cc2087840fd7fc911884809ce048', '百度', 'https://www.baidu.com/s?wd=%E5%A4%A9%E7%90%B4%E5%BA%A7%E6%B5%81%E6%98%9F%E9%9B%A8%E4%B8%8E%E2%80%9C%E6%98%9F%E6%9C%88%E7%AB%A5%E8%AF%9D%E2%80%9D%E5%90%8C%E7%8E%B0&sa=fyb_news&rsv_dl=fyb_news', '2023-04-22 20:40:03', '2023-04-22 20:40:03', '2023-04-22 20:40:03', 2, NULL);
INSERT INTO `headline_news` VALUES ('b54c0e60cd754584a2753dca9a4d7e57', '全国超20场马拉松赛事开跑', '', 'https://fyb-1.cdn.bcebos.com/fyb/de6163834f53ca92c1273fff98ac9078.jpeg', '百度', 'https://www.baidu.com/s?wd=%E5%85%A8%E5%9B%BD%E8%B6%8520%E5%9C%BA%E9%A9%AC%E6%8B%89%E6%9D%BE%E8%B5%9B%E4%BA%8B%E5%BC%80%E8%B7%91&sa=fyb_news&rsv_dl=fyb_news', '2023-03-26 13:40:00', '2023-03-26 13:40:00', '2023-03-26 13:40:00', 2, NULL);
INSERT INTO `headline_news` VALUES ('b6ea26d7bb18466f9677bab65177f2dc', '我国首次实现固态氢能发电并网', '', 'https://fyb-1.cdn.bcebos.com/fyb/de6163834f53ca92c1273fff98ac9078.jpeg', '百度', 'https://www.baidu.com/s?wd=%E6%88%91%E5%9B%BD%E9%A6%96%E6%AC%A1%E5%AE%9E%E7%8E%B0%E5%9B%BA%E6%80%81%E6%B0%A2%E8%83%BD%E5%8F%91%E7%94%B5%E5%B9%B6%E7%BD%91&sa=fyb_news&rsv_dl=fyb_news', '2023-03-26 22:15:01', '2023-03-26 22:15:01', '2023-03-26 22:15:01', 2, NULL);
INSERT INTO `headline_news` VALUES ('b702c337761f42eeaa94fb235162aa42', '五一假期十大热门城市', '4月28日-29日是五一假期出行高峰。19日，全国铁路共发售车票2209.7万张，从车票发售情况看五一假期十大热门城市>>', 'https://fyb-2.cdn.bcebos.com/hotboard_image/82e45293bc692502273f92a356048f52', '百度', 'https://www.baidu.com/s?wd=%E4%BA%94%E4%B8%80%E5%81%87%E6%9C%9F%E5%8D%81%E5%A4%A7%E7%83%AD%E9%97%A8%E5%9F%8E%E5%B8%82&sa=fyb_news&rsv_dl=fyb_news', '2023-04-21 09:41:16', '2023-04-21 09:41:16', '2023-04-21 09:41:16', 2, NULL);
INSERT INTO `headline_news` VALUES ('b7283b44ba4746ff97e069a9327e2790', '高管被曝遭免职后持长剑闯办公室', '近日，有知情人士爆料，宝宝树CFO徐翀（chōng）被免职当天拒不交接，手着一把长剑，强行攻入了自己的办公室后把自己锁在办公室整整3天。', 'https://fyb-2.cdn.bcebos.com/hotboard_image/45230c4749b977b3a602ef9ccc82485e', '百度', 'https://www.baidu.com/s?wd=%E9%AB%98%E7%AE%A1%E8%A2%AB%E6%9B%9D%E9%81%AD%E5%85%8D%E8%81%8C%E5%90%8E%E6%8C%81%E9%95%BF%E5%89%91%E9%97%AF%E5%8A%9E%E5%85%AC%E5%AE%A4&sa=fyb_news&rsv_dl=fyb_news', '2023-04-20 01:05:01', '2023-04-20 01:05:01', '2023-04-20 01:05:01', 2, NULL);
INSERT INTO `headline_news` VALUES ('b76f930e0a0d449a9efa5c6ba0adb06f', '女子称电视机凌晨突然飙女高音', '21日，江苏徐州市民孔女士家中的电视，凌晨时突然播放女高音。孔女士介绍，最后一次她观看的节目是“宝宝巴士”，不知道为什么电视会播放这首歌曲。', 'https://fyb-2.cdn.bcebos.com/hotboard_image/53735ce48c7d7bf8d7ede6be994678d6', '百度', 'https://www.baidu.com/s?wd=%E5%A5%B3%E5%AD%90%E7%A7%B0%E7%94%B5%E8%A7%86%E6%9C%BA%E5%87%8C%E6%99%A8%E7%AA%81%E7%84%B6%E9%A3%99%E5%A5%B3%E9%AB%98%E9%9F%B3&sa=fyb_news&rsv_dl=fyb_news', '2023-04-22 16:48:04', '2023-04-22 16:48:04', '2023-04-22 16:48:04', 2, NULL);
INSERT INTO `headline_news` VALUES ('b7887375243e4df58c1f2e83ac4d7b8b', '美国5名环境顾问在俄亥俄州坠机', '当地时间2月22日，美国一架小型飞机在阿肯色州的机场坠毁，机上5人全部遇难。据报道这架飞机原计划飞往俄亥俄州，机上5人均为环境顾问。', 'https://fyb-2.cdn.bcebos.com/hotboard_image/1c7ea3869b85eaf549e161fd88e6c487', '百度', 'https://www.baidu.com/s?wd=%E7%BE%8E%E5%9B%BD5%E5%90%8D%E7%8E%AF%E5%A2%83%E9%A1%BE%E9%97%AE%E5%9C%A8%E4%BF%84%E4%BA%A5%E4%BF%84%E5%B7%9E%E5%9D%A0%E6%9C%BA&sa=fyb_news&rsv_dl=fyb_news', '2023-02-24 13:44:01', '2023-02-24 13:44:01', '2023-02-24 13:44:01', 2, NULL);
INSERT INTO `headline_news` VALUES ('b7f3d38fdd8641d881335ed4460c502f', '辽宁舰赴西太平洋开展实战化演练', '', 'https://fyb-1.cdn.bcebos.com/fyb/de6163834f53ca92c1273fff98ac9078.jpeg', '百度', 'https://www.baidu.com/s?wd=%E8%BE%BD%E5%AE%81%E8%88%B0%E8%B5%B4%E8%A5%BF%E5%A4%AA%E5%B9%B3%E6%B4%8B%E5%BC%80%E5%B1%95%E5%AE%9E%E6%88%98%E5%8C%96%E6%BC%94%E7%BB%83&sa=fyb_news&rsv_dl=fyb_news', '2023-04-21 15:30:11', '2023-04-21 15:30:11', '2023-04-21 15:30:11', 2, NULL);
INSERT INTO `headline_news` VALUES ('b82aba0c04e647a6afa8c8738b26cb31', '1.6吨黄金在加拿大机场被盗', '', 'https://fyb-1.cdn.bcebos.com/fyb/de6163834f53ca92c1273fff98ac9078.jpeg', '百度', 'https://www.baidu.com/s?wd=1.6%E5%90%A8%E9%BB%84%E9%87%91%E5%9C%A8%E5%8A%A0%E6%8B%BF%E5%A4%A7%E6%9C%BA%E5%9C%BA%E8%A2%AB%E7%9B%97&sa=fyb_news&rsv_dl=fyb_news', '2023-04-21 11:32:39', '2023-04-21 11:32:39', '2023-04-21 11:32:39', 2, NULL);
INSERT INTO `headline_news` VALUES ('b84a2ac74f874b75a55844dd110430bc', '支持改善性住房需求 释放什么信号?', '', 'https://fyb-1.cdn.bcebos.com/fyb/de6163834f53ca92c1273fff98ac9078.jpeg', '百度', 'https://www.baidu.com/s?wd=%E6%94%AF%E6%8C%81%E6%94%B9%E5%96%84%E6%80%A7%E4%BD%8F%E6%88%BF%E9%9C%80%E6%B1%82+%E9%87%8A%E6%94%BE%E4%BB%80%E4%B9%88%E4%BF%A1%E5%8F%B7%3F&sa=fyb_news&rsv_dl=fyb_news', '2023-03-05 15:54:01', '2023-03-05 15:54:01', '2023-03-05 15:54:01', 2, NULL);
INSERT INTO `headline_news` VALUES ('b8b66b7278184f139b1bf1b913092042', '男子辱骂捉弄女骑手惹怒派出所所长', '近日，安徽马鞍山一名女骑手报警称：顾客故意填错地址，并恶意辱骂、威胁、差评。警方找来涉事男子，派出所所长厉声对其批评教育，并令其道歉。', 'https://fyb-2.cdn.bcebos.com/hotboard_image/1d2514226efb406aa19229e537ca41b5', '百度', 'https://www.baidu.com/s?wd=%E7%94%B7%E5%AD%90%E8%BE%B1%E9%AA%82%E6%8D%89%E5%BC%84%E5%A5%B3%E9%AA%91%E6%89%8B%E6%83%B9%E6%80%92%E6%B4%BE%E5%87%BA%E6%89%80%E6%89%80%E9%95%BF&sa=fyb_news&rsv_dl=fyb_news', '2023-04-20 00:59:06', '2023-04-20 00:59:06', '2023-04-20 00:59:06', 2, NULL);
INSERT INTO `headline_news` VALUES ('b8d9970be6854eba85dafeb3fa44ec8a', 'ChatGPT来了 元宇宙走了？', 'ChatGPT近来炙手可热，风头明显盖过了昔日顶流元宇宙。现象级产品横空出世，每当“后浪”乘风而起，“前浪”似乎都难逃退潮甚至退场的命运。', 'https://fyb-2.cdn.bcebos.com/hotboard_image/b381f154be109f4c3d20eca20434ca3c', '百度', 'https://www.baidu.com/s?wd=ChatGPT%E6%9D%A5%E4%BA%86+%E5%85%83%E5%AE%87%E5%AE%99%E8%B5%B0%E4%BA%86%EF%BC%9F&sa=fyb_news&rsv_dl=fyb_news', '2023-02-25 13:39:01', '2023-02-25 13:39:01', '2023-02-25 13:39:01', 2, NULL);
INSERT INTO `headline_news` VALUES ('b92b15b554b3408eb5dbaa945c6baeff', '苹果回应窃贼能完全掌控iPhone', '《华尔街日报》此前发布文章，披露了针对 iPhone 用户的新型盗窃活动。20日，该媒体发布报告指出窃贼能完全掌控iPhone。对此，苹果回应表示高度重视。', 'https://fyb-2.cdn.bcebos.com/hotboard_image/ea9508ad01faec617067bc4c6391f371', '百度', 'https://www.baidu.com/s?wd=%E8%8B%B9%E6%9E%9C%E5%9B%9E%E5%BA%94%E7%AA%83%E8%B4%BC%E8%83%BD%E5%AE%8C%E5%85%A8%E6%8E%8C%E6%8E%A7iPhone&sa=fyb_news&rsv_dl=fyb_news', '2023-04-20 17:59:05', '2023-04-20 17:59:05', '2023-04-20 17:59:05', 2, NULL);
INSERT INTO `headline_news` VALUES ('b95128862bf44ffba63edb029a7b1b93', '密春雷被国企追债783万元', '上海市浦东新区人民法院近日发布限制消费令，限制密春雷不得实施高消费行为。据悉，密春雷的览海控股有限公司还被国企追债783.17万元。', 'https://fyb-2.cdn.bcebos.com/hotboard_image/56d2014eeda2d48faa32acb7a0d3ad54', '百度', 'https://www.baidu.com/s?wd=%E5%AF%86%E6%98%A5%E9%9B%B7%E8%A2%AB%E5%9B%BD%E4%BC%81%E8%BF%BD%E5%80%BA783%E4%B8%87%E5%85%83&sa=fyb_news&rsv_dl=fyb_news', '2023-02-25 14:19:01', '2023-02-25 14:19:01', '2023-02-25 14:19:01', 2, NULL);
INSERT INTO `headline_news` VALUES ('b9eaddb1e86047a4b020e2d62de07b37', '张杰谢娜随行助理打路人手机', '', 'https://fyb-1.cdn.bcebos.com/fyb/de6163834f53ca92c1273fff98ac9078.jpeg', '百度', 'https://www.baidu.com/s?wd=%E5%BC%A0%E6%9D%B0%E8%B0%A2%E5%A8%9C%E9%9A%8F%E8%A1%8C%E5%8A%A9%E7%90%86%E6%89%93%E8%B7%AF%E4%BA%BA%E6%89%8B%E6%9C%BA&sa=fyb_news&rsv_dl=fyb_news', '2023-04-22 23:33:01', '2023-04-22 23:33:01', '2023-04-22 23:33:01', 2, NULL);
INSERT INTO `headline_news` VALUES ('b9f96484398346e1843bb792eed9382e', '广西一中学教师猥亵女生？官方通报', '近日，网传“灵山县某中学1名教师涉嫌猥亵女生”。 官方通报：已成立专项工作组开展调查工作；目前，涉事教师已被暂停工作，相关部门正在进行核查。', 'https://fyb-2.cdn.bcebos.com/hotboard_image/4dd164e3de05b964af227459fca6ee87', '百度', 'https://www.baidu.com/s?wd=%E5%B9%BF%E8%A5%BF%E4%B8%80%E4%B8%AD%E5%AD%A6%E6%95%99%E5%B8%88%E7%8C%A5%E4%BA%B5%E5%A5%B3%E7%94%9F%EF%BC%9F%E5%AE%98%E6%96%B9%E9%80%9A%E6%8A%A5&sa=fyb_news&rsv_dl=fyb_news', '2023-04-21 21:39:05', '2023-04-21 21:39:05', '2023-04-21 21:39:05', 2, NULL);
INSERT INTO `headline_news` VALUES ('ba13317710944f2292f4c0ada475c2ee', '外交部回应巴西总统因病推迟访华', '', 'https://fyb-1.cdn.bcebos.com/fyb/de6163834f53ca92c1273fff98ac9078.jpeg', '百度', 'https://www.baidu.com/s?wd=%E5%A4%96%E4%BA%A4%E9%83%A8%E5%9B%9E%E5%BA%94%E5%B7%B4%E8%A5%BF%E6%80%BB%E7%BB%9F%E5%9B%A0%E7%97%85%E6%8E%A8%E8%BF%9F%E8%AE%BF%E5%8D%8E&sa=fyb_news&rsv_dl=fyb_news', '2023-03-26 10:47:01', '2023-03-26 10:47:01', '2023-03-26 10:47:01', 2, NULL);
INSERT INTO `headline_news` VALUES ('bac4dd8a524c440f8881ea947add2bce', '男员工殴打女同事 致其脑震荡住院', '近日，上海邮储某网点男员工殴打女同事的视频引发关注。事后当事女子确诊为脑震荡和抑郁症，并称男子不是第一次殴打同事。目前，该男子已被停职调查。', 'https://fyb-2.cdn.bcebos.com/hotboard_image/11f957eeafb592c7e5de8091655fa28d', '百度', 'https://www.baidu.com/s?wd=%E7%94%B7%E5%91%98%E5%B7%A5%E6%AE%B4%E6%89%93%E5%A5%B3%E5%90%8C%E4%BA%8B+%E8%87%B4%E5%85%B6%E8%84%91%E9%9C%87%E8%8D%A1%E4%BD%8F%E9%99%A2&sa=fyb_news&rsv_dl=fyb_news', '2023-04-20 21:45:37', '2023-04-20 21:45:37', '2023-04-20 21:45:37', 2, NULL);
INSERT INTO `headline_news` VALUES ('bac5ff5b80014d8f92362a485884fb8d', '大学生在寝室发现巨拟叶螽', '近日，云南一女大学生在寝室梯子旁发现一只巨拟叶螽，大小和手掌差不多。网友：以为是个玩偶，结果是活的。据悉，巨拟叶螽是我国现存最大的螽斯。', 'https://fyb-2.cdn.bcebos.com/hotboard_image/88251c7f15c6923400e56e54fdaac1a5', '百度', 'https://www.baidu.com/s?wd=%E5%A4%A7%E5%AD%A6%E7%94%9F%E5%9C%A8%E5%AF%9D%E5%AE%A4%E5%8F%91%E7%8E%B0%E5%B7%A8%E6%8B%9F%E5%8F%B6%E8%9E%BD&sa=fyb_news&rsv_dl=fyb_news', '2023-04-23 09:04:10', '2023-04-23 09:04:10', '2023-04-23 09:04:10', 2, NULL);
INSERT INTO `headline_news` VALUES ('bac91bbcc71d4456a6940f0aa380f7b8', '媒体：多放几天假天塌不下来', '关于调休的争论，几乎是每年，每到法定节假日，都会掀起舆论风波，而争论往往是徘徊于，究竟是应该为了凑长假调休，还是索性该放几天就放几天算了。', 'https://fyb-2.cdn.bcebos.com/hotboard_image/2808456f06955a690cdb1550da570a6d', '百度', 'https://www.baidu.com/s?wd=%E5%AA%92%E4%BD%93%EF%BC%9A%E5%A4%9A%E6%94%BE%E5%87%A0%E5%A4%A9%E5%81%87%E5%A4%A9%E5%A1%8C%E4%B8%8D%E4%B8%8B%E6%9D%A5&sa=fyb_news&rsv_dl=fyb_news', '2023-04-23 13:52:04', '2023-04-23 13:52:04', '2023-04-23 13:52:04', 2, NULL);
INSERT INTO `headline_news` VALUES ('bb1aef1e3f69420ba73a126ec6f70089', '好种子“育出”新希望', '种子是农业的“芯片”。2023年是中国加快建设农业强国的起步之年，春播粮食产量占全年六成左右，春管粮食产量占主要口粮近四成，好种子功不可没。', 'https://fyb-2.cdn.bcebos.com/hotboard_image/3c4a1643c9d955ca571c3f76fa352273', '百度', 'https://www.baidu.com/s?wd=%E5%A5%BD%E7%A7%8D%E5%AD%90%E2%80%9C%E8%82%B2%E5%87%BA%E2%80%9D%E6%96%B0%E5%B8%8C%E6%9C%9B&sa=fyb_news&rsv_dl=fyb_news', '2023-02-23 11:13:01', '2023-02-23 11:13:01', '2023-02-23 11:13:01', 2, NULL);
INSERT INTO `headline_news` VALUES ('bb1b693026eb4848a7a7ffd296acb236', '大熊猫谊谊升谊将回国', '24日，据马来西亚国家动物园的消息，该园将在5月份把两只在马出生的大熊猫宝宝“谊谊”和“升谊”送回中国。', 'https://fyb-2.cdn.bcebos.com/hotboard_image/e77fb577a063e6a469972becadecfa56', '百度', 'https://www.baidu.com/s?wd=%E5%A4%A7%E7%86%8A%E7%8C%AB%E8%B0%8A%E8%B0%8A%E5%8D%87%E8%B0%8A%E5%B0%86%E5%9B%9E%E5%9B%BD&sa=fyb_news&rsv_dl=fyb_news', '2023-03-26 10:40:01', '2023-03-26 10:40:01', '2023-03-26 10:40:01', 2, NULL);
INSERT INTO `headline_news` VALUES ('bb57bf92ff984ca1a5c586668d91fd01', '小学副班长受贿数万？官方：不实', '', 'https://fyb-1.cdn.bcebos.com/fyb/de6163834f53ca92c1273fff98ac9078.jpeg', '百度', 'https://www.baidu.com/s?wd=%E5%B0%8F%E5%AD%A6%E5%89%AF%E7%8F%AD%E9%95%BF%E5%8F%97%E8%B4%BF%E6%95%B0%E4%B8%87%EF%BC%9F%E5%AE%98%E6%96%B9%EF%BC%9A%E4%B8%8D%E5%AE%9E&sa=fyb_news&rsv_dl=fyb_news', '2023-02-23 11:13:01', '2023-02-23 11:13:01', '2023-02-23 11:13:01', 2, NULL);
INSERT INTO `headline_news` VALUES ('bb8082818a2c4dabaae0a51b71b33b64', '《灌篮高手》热映 你为青春补票吗', '4月20日，《灌篮高手》大电影正式登陆全国院线。这部代经典动漫，引发了全国“爷青回”观影热潮，大家纷纷走进电影院，给自己的青春“补个票”。', 'https://fyb-2.cdn.bcebos.com/hotboard_image/6ed8830b191950c60f9156ff33a048b5', '百度', 'https://www.baidu.com/s?wd=%E3%80%8A%E7%81%8C%E7%AF%AE%E9%AB%98%E6%89%8B%E3%80%8B%E7%83%AD%E6%98%A0+%E4%BD%A0%E4%B8%BA%E9%9D%92%E6%98%A5%E8%A1%A5%E7%A5%A8%E5%90%97&sa=fyb_news&rsv_dl=fyb_news', '2023-04-20 22:09:02', '2023-04-20 22:09:02', '2023-04-20 22:09:02', 2, NULL);
INSERT INTO `headline_news` VALUES ('bba29e01978a48b1a8ca0037b4e4a42d', '今年中国GDP增速目标设为多少？', '2023年中国GDP增速目标设为多少？虽然谜底还有待在两会上正式揭晓，但会前已经有迹可循，2023年，世界对中国经济充满期待。', 'https://fyb-2.cdn.bcebos.com/hotboard_image/31912afa33c71f62372ba0be02c718cc', '百度', 'https://www.baidu.com/s?wd=%E4%BB%8A%E5%B9%B4%E4%B8%AD%E5%9B%BDGDP%E5%A2%9E%E9%80%9F%E7%9B%AE%E6%A0%87%E8%AE%BE%E4%B8%BA%E5%A4%9A%E5%B0%91%EF%BC%9F&sa=fyb_news&rsv_dl=fyb_news', '2023-03-04 21:54:01', '2023-03-04 21:54:01', '2023-03-04 21:54:01', 2, NULL);
INSERT INTO `headline_news` VALUES ('bbb44f17cbd7465b9a0d25305af84a22', '北京一女局长被查时撒泼耍赖', '', 'https://fyb-1.cdn.bcebos.com/fyb/de6163834f53ca92c1273fff98ac9078.jpeg', '百度', 'https://www.baidu.com/s?wd=%E5%8C%97%E4%BA%AC%E4%B8%80%E5%A5%B3%E5%B1%80%E9%95%BF%E8%A2%AB%E6%9F%A5%E6%97%B6%E6%92%92%E6%B3%BC%E8%80%8D%E8%B5%96&sa=fyb_news&rsv_dl=fyb_news', '2023-04-23 14:47:03', '2023-04-23 14:47:03', '2023-04-23 14:47:03', 2, NULL);
INSERT INTO `headline_news` VALUES ('bbf648f8d685467590e3e4d22ba968ef', '刘国梁建议让孩子接触2至3个运动', '', 'https://fyb-1.cdn.bcebos.com/fyb/de6163834f53ca92c1273fff98ac9078.jpeg', '百度', 'https://www.baidu.com/s?wd=%E5%88%98%E5%9B%BD%E6%A2%81%E5%BB%BA%E8%AE%AE%E8%AE%A9%E5%AD%A9%E5%AD%90%E6%8E%A5%E8%A7%A62%E8%87%B33%E4%B8%AA%E8%BF%90%E5%8A%A8&sa=fyb_news&rsv_dl=fyb_news', '2023-03-05 09:59:01', '2023-03-05 09:59:01', '2023-03-05 09:59:01', 2, NULL);
INSERT INTO `headline_news` VALUES ('bbfa630cd3ce4ae9a7815709e2d1a424', '日本市长候选人街头演讲遭锁喉扑倒', '据日媒报道，22日，日本岐阜县多治见市市长候选人高木贵行在当地超市停车场演讲时遭锁喉扑倒。男子被警方当场逮捕，高木随后赴医院治疗。', 'https://fyb-2.cdn.bcebos.com/hotboard_image/aa0a4c01b1d38cefb454595011c1814e', '百度', 'https://www.baidu.com/s?wd=%E6%97%A5%E6%9C%AC%E5%B8%82%E9%95%BF%E5%80%99%E9%80%89%E4%BA%BA%E8%A1%97%E5%A4%B4%E6%BC%94%E8%AE%B2%E9%81%AD%E9%94%81%E5%96%89%E6%89%91%E5%80%92&sa=fyb_news&rsv_dl=fyb_news', '2023-04-23 13:33:06', '2023-04-23 13:33:06', '2023-04-23 13:33:06', 2, NULL);
INSERT INTO `headline_news` VALUES ('bc0d72de84f142978231a3b28f947d53', '斯嘉丽说不会再演黑寡妇了', '', 'https://fyb-1.cdn.bcebos.com/fyb/de6163834f53ca92c1273fff98ac9078.jpeg', '百度', 'https://www.baidu.com/s?wd=%E6%96%AF%E5%98%89%E4%B8%BD%E8%AF%B4%E4%B8%8D%E4%BC%9A%E5%86%8D%E6%BC%94%E9%BB%91%E5%AF%A1%E5%A6%87%E4%BA%86&sa=fyb_news&rsv_dl=fyb_news', '2023-04-22 12:00:03', '2023-04-22 12:00:03', '2023-04-22 12:00:03', 2, NULL);
INSERT INTO `headline_news` VALUES ('bc13075d5e59408986a36327419d92e7', '男子擅入古墓直播摆拍 涉犯罪被诉', '', 'https://fyb-1.cdn.bcebos.com/fyb/de6163834f53ca92c1273fff98ac9078.jpeg', '百度', 'https://www.baidu.com/s?wd=%E7%94%B7%E5%AD%90%E6%93%85%E5%85%A5%E5%8F%A4%E5%A2%93%E7%9B%B4%E6%92%AD%E6%91%86%E6%8B%8D+%E6%B6%89%E7%8A%AF%E7%BD%AA%E8%A2%AB%E8%AF%89&sa=fyb_news&rsv_dl=fyb_news', '2023-02-23 14:19:01', '2023-02-23 14:19:01', '2023-02-23 14:19:01', 2, NULL);
INSERT INTO `headline_news` VALUES ('bc24880b61e848788c377f2b4be7c1e6', '第28个世界读书日', '', 'https://fyb-1.cdn.bcebos.com/fyb/de6163834f53ca92c1273fff98ac9078.jpeg', '百度', 'https://www.baidu.com/s?wd=%E7%AC%AC28%E4%B8%AA%E4%B8%96%E7%95%8C%E8%AF%BB%E4%B9%A6%E6%97%A5&sa=fyb_news&rsv_dl=fyb_news', '2023-04-23 07:53:02', '2023-04-23 07:53:02', '2023-04-23 07:53:02', 2, NULL);
INSERT INTO `headline_news` VALUES ('bc77a688ec154cf8813566826e6cdd12', '十四届全国人大一次会议开幕', '', 'https://fyb-1.cdn.bcebos.com/fyb/de6163834f53ca92c1273fff98ac9078.jpeg', '百度', 'https://www.baidu.com/s?wd=%E5%8D%81%E5%9B%9B%E5%B1%8A%E5%85%A8%E5%9B%BD%E4%BA%BA%E5%A4%A7%E4%B8%80%E6%AC%A1%E4%BC%9A%E8%AE%AE%E5%BC%80%E5%B9%95&sa=fyb_news&rsv_dl=fyb_news', '2023-03-05 09:59:01', '2023-03-05 09:59:01', '2023-03-05 09:59:01', 2, NULL);
INSERT INTO `headline_news` VALUES ('bcb9f2a98fd84f96a5e478f5515a94d9', '联合国：已失去进出苏丹通道', '联合国新闻4月18日消息，目前，武装冲突已造成联合国失去进出苏丹的通道；由于广泛蔓延的不安全因素，人道主义活动在该国多个州受阻。', 'https://fyb-2.cdn.bcebos.com/hotboard_image/4dd164e3de05b964af227459fca6ee87', '百度', 'https://www.baidu.com/s?wd=%E8%81%94%E5%90%88%E5%9B%BD%EF%BC%9A%E5%B7%B2%E5%A4%B1%E5%8E%BB%E8%BF%9B%E5%87%BA%E8%8B%8F%E4%B8%B9%E9%80%9A%E9%81%93&sa=fyb_news&rsv_dl=fyb_news', '2023-04-20 00:59:06', '2023-04-20 00:59:06', '2023-04-20 00:59:06', 2, NULL);
INSERT INTO `headline_news` VALUES ('bce44e4e97c34d15bc929401cd5c53f2', '郎平晒出与巩俐的合影', '', 'https://fyb-1.cdn.bcebos.com/fyb/de6163834f53ca92c1273fff98ac9078.jpeg', '百度', 'https://www.baidu.com/s?wd=%E9%83%8E%E5%B9%B3%E6%99%92%E5%87%BA%E4%B8%8E%E5%B7%A9%E4%BF%90%E7%9A%84%E5%90%88%E5%BD%B1&sa=fyb_news&rsv_dl=fyb_news', '2023-04-21 23:38:15', '2023-04-21 23:38:15', '2023-04-21 23:38:15', 2, NULL);
INSERT INTO `headline_news` VALUES ('bd3e6c7ed13f42668b188854514f8825', '官方辟谣菏泽亲友团闹洞房误杀新郎', '', 'https://fyb-1.cdn.bcebos.com/fyb/de6163834f53ca92c1273fff98ac9078.jpeg', '百度', 'https://www.baidu.com/s?wd=%E5%AE%98%E6%96%B9%E8%BE%9F%E8%B0%A3%E8%8F%8F%E6%B3%BD%E4%BA%B2%E5%8F%8B%E5%9B%A2%E9%97%B9%E6%B4%9E%E6%88%BF%E8%AF%AF%E6%9D%80%E6%96%B0%E9%83%8E&sa=fyb_news&rsv_dl=fyb_news', '2023-04-21 10:00:15', '2023-04-21 10:00:15', '2023-04-21 10:00:15', 2, NULL);
INSERT INTO `headline_news` VALUES ('bd6abf80cb1a4bbab096da3ecf82680a', '峨眉山猴子的好日子到头了', '近日，一条名为“峨眉山的猴子你们的好日子到头了”的网帖引发网友关注。该网帖附上了一张截图，截图中称，峨眉山将推行“人猴分离”管理。', 'https://fyb-2.cdn.bcebos.com/hotboard_image/9b1a127c2a9104b9550f2e3e797fa70a', '百度', 'https://www.baidu.com/s?wd=%E5%B3%A8%E7%9C%89%E5%B1%B1%E7%8C%B4%E5%AD%90%E7%9A%84%E5%A5%BD%E6%97%A5%E5%AD%90%E5%88%B0%E5%A4%B4%E4%BA%86&sa=fyb_news&rsv_dl=fyb_news', '2023-02-23 14:17:01', '2023-02-23 14:17:01', '2023-02-23 14:17:01', 2, NULL);
INSERT INTO `headline_news` VALUES ('bd956c9f61fd4d3da133fd74b510c991', '美驻苏丹使馆已暂停运作', '', 'https://fyb-1.cdn.bcebos.com/fyb/de6163834f53ca92c1273fff98ac9078.jpeg', '百度', 'https://www.baidu.com/s?wd=%E7%BE%8E%E9%A9%BB%E8%8B%8F%E4%B8%B9%E4%BD%BF%E9%A6%86%E5%B7%B2%E6%9A%82%E5%81%9C%E8%BF%90%E4%BD%9C&sa=fyb_news&rsv_dl=fyb_news', '2023-04-23 11:34:20', '2023-04-23 11:34:20', '2023-04-23 11:34:20', 2, NULL);
INSERT INTO `headline_news` VALUES ('be2054a795c24ae1a6c079a6009595d8', '春节期间60城因燃放烟花致重污染', '', 'https://fyb-1.cdn.bcebos.com/fyb/de6163834f53ca92c1273fff98ac9078.jpeg', '百度', 'https://www.baidu.com/s?wd=%E6%98%A5%E8%8A%82%E6%9C%9F%E9%97%B460%E5%9F%8E%E5%9B%A0%E7%87%83%E6%94%BE%E7%83%9F%E8%8A%B1%E8%87%B4%E9%87%8D%E6%B1%A1%E6%9F%93&sa=fyb_news&rsv_dl=fyb_news', '2023-02-23 15:19:01', '2023-02-23 15:19:01', '2023-02-23 15:19:01', 2, NULL);
INSERT INTO `headline_news` VALUES ('be9c33436ec04ff59c5002c270d41ed0', '男子凌晨发现一女孩赤脚睡楼梯间', '', 'https://fyb-1.cdn.bcebos.com/fyb/de6163834f53ca92c1273fff98ac9078.jpeg', '百度', 'https://www.baidu.com/s?wd=%E7%94%B7%E5%AD%90%E5%87%8C%E6%99%A8%E5%8F%91%E7%8E%B0%E4%B8%80%E5%A5%B3%E5%AD%A9%E8%B5%A4%E8%84%9A%E7%9D%A1%E6%A5%BC%E6%A2%AF%E9%97%B4&sa=fyb_news&rsv_dl=fyb_news', '2023-03-27 15:42:01', '2023-03-27 15:42:01', '2023-03-27 15:42:01', 2, NULL);
INSERT INTO `headline_news` VALUES ('c01e69e4dcd44be38de879d65a4a1b75', '泰国保险公司将为熊猫赔付1500万泰铢', '', 'https://fyb-1.cdn.bcebos.com/fyb/de6163834f53ca92c1273fff98ac9078.jpeg', '百度', 'https://www.baidu.com/s?wd=%E6%B3%B0%E5%9B%BD%E4%BF%9D%E9%99%A9%E5%85%AC%E5%8F%B8%E5%B0%86%E4%B8%BA%E7%86%8A%E7%8C%AB%E8%B5%94%E4%BB%981500%E4%B8%87%E6%B3%B0%E9%93%A2&sa=fyb_news&rsv_dl=fyb_news', '2023-04-20 07:47:44', '2023-04-20 07:47:44', '2023-04-20 07:47:44', 2, NULL);
INSERT INTO `headline_news` VALUES ('c04d699813914338a451f638c3f7f65b', '近4成青年群体接受终身租房', '', 'https://fyb-1.cdn.bcebos.com/fyb/de6163834f53ca92c1273fff98ac9078.jpeg', '百度', 'https://www.baidu.com/s?wd=%E8%BF%914%E6%88%90%E9%9D%92%E5%B9%B4%E7%BE%A4%E4%BD%93%E6%8E%A5%E5%8F%97%E7%BB%88%E8%BA%AB%E7%A7%9F%E6%88%BF&sa=fyb_news&rsv_dl=fyb_news', '2023-02-23 14:19:01', '2023-02-23 14:19:01', '2023-02-23 14:19:01', 2, NULL);
INSERT INTO `headline_news` VALUES ('c07dbccf32b842caac40b881f160acb1', '媒体：韩政府需倾听秦刚说的重话', '', 'https://fyb-1.cdn.bcebos.com/fyb/de6163834f53ca92c1273fff98ac9078.jpeg', '百度', 'https://www.baidu.com/s?wd=%E5%AA%92%E4%BD%93%EF%BC%9A%E9%9F%A9%E6%94%BF%E5%BA%9C%E9%9C%80%E5%80%BE%E5%90%AC%E7%A7%A6%E5%88%9A%E8%AF%B4%E7%9A%84%E9%87%8D%E8%AF%9D&sa=fyb_news&rsv_dl=fyb_news', '2023-04-21 23:49:06', '2023-04-21 23:49:06', '2023-04-21 23:49:06', 2, NULL);
INSERT INTO `headline_news` VALUES ('c0c460580e434d95a368273f02c4de97', '张文宏：建议脆弱人群再次接种疫苗', '在第一波新冠疫情中未感染的人在第二波感染来临时感染的风险较高。张文宏称“建议脆弱人群再次接种新冠疫苗”，50岁以下人群可自由选择。', 'https://fyb-2.cdn.bcebos.com/hotboard_image/4b32e2639cefbdafeec904e96264aa0e', '百度', 'https://www.baidu.com/s?wd=%E5%BC%A0%E6%96%87%E5%AE%8F%EF%BC%9A%E5%BB%BA%E8%AE%AE%E8%84%86%E5%BC%B1%E4%BA%BA%E7%BE%A4%E5%86%8D%E6%AC%A1%E6%8E%A5%E7%A7%8D%E7%96%AB%E8%8B%97&sa=fyb_news&rsv_dl=fyb_news', '2023-04-20 21:14:03', '2023-04-20 21:14:03', '2023-04-20 21:14:03', 2, NULL);
INSERT INTO `headline_news` VALUES ('c0dbf3ceffc4470990b546e79684a53d', '被误认冰淇淋当事人 女孩呼吁理性', '', 'https://fyb-1.cdn.bcebos.com/fyb/de6163834f53ca92c1273fff98ac9078.jpeg', '百度', 'https://www.baidu.com/s?wd=%E8%A2%AB%E8%AF%AF%E8%AE%A4%E5%86%B0%E6%B7%87%E6%B7%8B%E5%BD%93%E4%BA%8B%E4%BA%BA+%E5%A5%B3%E5%AD%A9%E5%91%BC%E5%90%81%E7%90%86%E6%80%A7&sa=fyb_news&rsv_dl=fyb_news', '2023-04-21 11:58:09', '2023-04-21 11:58:09', '2023-04-21 11:58:09', 2, NULL);
INSERT INTO `headline_news` VALUES ('c130cba7b5964c86a8fe3268b1eb3845', '大S索讨离婚后生活费 汪小菲败诉', '台湾艺人大S向前夫汪小菲索讨750万元新台币生活费一案一审结果出炉，台北地方法院27日判决汪小菲败诉，可上诉。', 'https://fyb-2.cdn.bcebos.com/hotboard_image/0b6e80f675a65ae90c70d9f7c530078b', '百度', 'https://www.baidu.com/s?wd=%E5%A4%A7S%E7%B4%A2%E8%AE%A8%E7%A6%BB%E5%A9%9A%E5%90%8E%E7%94%9F%E6%B4%BB%E8%B4%B9+%E6%B1%AA%E5%B0%8F%E8%8F%B2%E8%B4%A5%E8%AF%89&sa=fyb_news&rsv_dl=fyb_news', '2023-03-27 11:00:01', '2023-03-27 11:00:01', '2023-03-27 11:00:01', 2, NULL);
INSERT INTO `headline_news` VALUES ('c1c3425a30964a26a1729a821f1dd959', '广西通报执法人员将老人推倒', '', 'https://fyb-1.cdn.bcebos.com/fyb/de6163834f53ca92c1273fff98ac9078.jpeg', '百度', 'https://www.baidu.com/s?wd=%E5%B9%BF%E8%A5%BF%E9%80%9A%E6%8A%A5%E6%89%A7%E6%B3%95%E4%BA%BA%E5%91%98%E5%B0%86%E8%80%81%E4%BA%BA%E6%8E%A8%E5%80%92&sa=fyb_news&rsv_dl=fyb_news', '2023-02-24 14:36:01', '2023-02-24 14:36:01', '2023-02-24 14:36:01', 2, NULL);
INSERT INTO `headline_news` VALUES ('c1dcee4ef6584a0e87d7b3e383d11289', '吴青峰发文请大家别听苏打绿的歌', '', 'https://fyb-1.cdn.bcebos.com/fyb/de6163834f53ca92c1273fff98ac9078.jpeg', '百度', 'https://www.baidu.com/s?wd=%E5%90%B4%E9%9D%92%E5%B3%B0%E5%8F%91%E6%96%87%E8%AF%B7%E5%A4%A7%E5%AE%B6%E5%88%AB%E5%90%AC%E8%8B%8F%E6%89%93%E7%BB%BF%E7%9A%84%E6%AD%8C&sa=fyb_news&rsv_dl=fyb_news', '2023-03-05 16:13:01', '2023-03-05 16:13:01', '2023-03-05 16:13:01', 2, NULL);
INSERT INTO `headline_news` VALUES ('c21af720874d4e9a93a902f3057f6e9b', '也门发生踩踏事件 至少80死220伤', '', 'https://fyb-1.cdn.bcebos.com/fyb/de6163834f53ca92c1273fff98ac9078.jpeg', '百度', 'https://www.baidu.com/s?wd=%E4%B9%9F%E9%97%A8%E5%8F%91%E7%94%9F%E8%B8%A9%E8%B8%8F%E4%BA%8B%E4%BB%B6+%E8%87%B3%E5%B0%9180%E6%AD%BB220%E4%BC%A4&sa=fyb_news&rsv_dl=fyb_news', '2023-04-20 07:16:17', '2023-04-20 07:16:17', '2023-04-20 07:16:17', 2, NULL);
INSERT INTO `headline_news` VALUES ('c23f86a483334ba399452c72d0adfdf6', '谁是年度“村BA”之王？', '3月27日，贵州省首届“美丽乡村”篮球联赛总决赛迎来冠亚军角逐。黔东南队VS遵义队，谁是年度“村BA”之王？一起见证冠军诞生！', 'https://fyb-2.cdn.bcebos.com/hotboard_image/73a6d74f23e4d77a177b9590ebd94fb8', '百度', 'https://www.baidu.com/s?wd=%E8%B0%81%E6%98%AF%E5%B9%B4%E5%BA%A6%E2%80%9C%E6%9D%91BA%E2%80%9D%E4%B9%8B%E7%8E%8B%EF%BC%9F&sa=fyb_news&rsv_dl=fyb_news', '2023-03-27 15:44:01', '2023-03-27 15:44:01', '2023-03-27 15:44:01', 2, NULL);
INSERT INTO `headline_news` VALUES ('c2c3d161796a430293cac398a30af0e9', '杉杉股份：尚未确认新实际控制人', '', 'https://fyb-1.cdn.bcebos.com/fyb/de6163834f53ca92c1273fff98ac9078.jpeg', '百度', 'https://www.baidu.com/s?wd=%E6%9D%89%E6%9D%89%E8%82%A1%E4%BB%BD%EF%BC%9A%E5%B0%9A%E6%9C%AA%E7%A1%AE%E8%AE%A4%E6%96%B0%E5%AE%9E%E9%99%85%E6%8E%A7%E5%88%B6%E4%BA%BA&sa=fyb_news&rsv_dl=fyb_news', '2023-03-26 22:52:00', '2023-03-26 22:52:00', '2023-03-26 22:52:00', 2, NULL);
INSERT INTO `headline_news` VALUES ('c2e2711942764dff9b3558f169ee28fd', '南极洲深海拍到罕见冥河水母', '', 'https://fyb-1.cdn.bcebos.com/fyb/de6163834f53ca92c1273fff98ac9078.jpeg', '百度', 'https://www.baidu.com/s?wd=%E5%8D%97%E6%9E%81%E6%B4%B2%E6%B7%B1%E6%B5%B7%E6%8B%8D%E5%88%B0%E7%BD%95%E8%A7%81%E5%86%A5%E6%B2%B3%E6%B0%B4%E6%AF%8D&sa=fyb_news&rsv_dl=fyb_news', '2023-03-04 21:54:01', '2023-03-04 21:54:01', '2023-03-04 21:54:01', 2, NULL);
INSERT INTO `headline_news` VALUES ('c2ead779673f4b26b8598bb155740336', '90后女孩建3万平工厂当厂长', '', 'https://fyb-1.cdn.bcebos.com/fyb/de6163834f53ca92c1273fff98ac9078.jpeg', '百度', 'https://www.baidu.com/s?wd=90%E5%90%8E%E5%A5%B3%E5%AD%A9%E5%BB%BA3%E4%B8%87%E5%B9%B3%E5%B7%A5%E5%8E%82%E5%BD%93%E5%8E%82%E9%95%BF&sa=fyb_news&rsv_dl=fyb_news', '2023-02-23 14:13:01', '2023-02-23 14:13:01', '2023-02-23 14:13:01', 2, NULL);
INSERT INTO `headline_news` VALUES ('c30e7aa192df4df399651d59d104498e', '女子乘奔驰下乡顺走一只鸭子', '', 'https://fyb-1.cdn.bcebos.com/fyb/de6163834f53ca92c1273fff98ac9078.jpeg', '百度', 'https://www.baidu.com/s?wd=%E5%A5%B3%E5%AD%90%E4%B9%98%E5%A5%94%E9%A9%B0%E4%B8%8B%E4%B9%A1%E9%A1%BA%E8%B5%B0%E4%B8%80%E5%8F%AA%E9%B8%AD%E5%AD%90&sa=fyb_news&rsv_dl=fyb_news', '2023-04-22 17:59:03', '2023-04-22 17:59:03', '2023-04-22 17:59:03', 2, NULL);
INSERT INTO `headline_news` VALUES ('c34aa98f67ab4fafaf0607ce219a12aa', '密春雷被限制高消费', '近日，因未履行生效法律文书确定的给付义务，览海控股集团有限公司及其法定代表人密春雷被限制高消费。', 'https://fyb-2.cdn.bcebos.com/hotboard_image/23776748da225ea7116dcafc05489f06', '百度', 'https://www.baidu.com/s?wd=%E5%AF%86%E6%98%A5%E9%9B%B7%E8%A2%AB%E9%99%90%E5%88%B6%E9%AB%98%E6%B6%88%E8%B4%B9&sa=fyb_news&rsv_dl=fyb_news', '2023-02-23 14:13:01', '2023-02-23 14:13:01', '2023-02-23 14:13:01', 2, NULL);
INSERT INTO `headline_news` VALUES ('c3aa90bfb6014b4a8117721e37751649', '上海一外籍男子疑闹事骂人 警方介入', '近日，网传上海一外籍男子疑喝酒后在商场闹事，路人看不下去将外国男子围住，最终外国男子被警方带走。', 'https://fyb-2.cdn.bcebos.com/hotboard_image/7c500f3e593e5c581a16514cc4f2c9ef', '百度', 'https://www.baidu.com/s?wd=%E4%B8%8A%E6%B5%B7%E4%B8%80%E5%A4%96%E7%B1%8D%E7%94%B7%E5%AD%90%E7%96%91%E9%97%B9%E4%BA%8B%E9%AA%82%E4%BA%BA+%E8%AD%A6%E6%96%B9%E4%BB%8B%E5%85%A5&sa=fyb_news&rsv_dl=fyb_news', '2023-04-22 15:01:06', '2023-04-22 15:01:06', '2023-04-22 15:01:06', 2, NULL);
INSERT INTO `headline_news` VALUES ('c3c70376044a466b97efe487db60340e', '《亮剑》丁军长扮演者吐槽医院药贵', '近日，《亮剑》丁军长的扮演者王全有发视频吐槽药价贵，称感冒去医院开3盒药花800元，有医保也吃不消。', 'https://fyb-2.cdn.bcebos.com/hotboard_image/4bcf2d7835e8493d863352ce135ae8a5', '百度', 'https://www.baidu.com/s?wd=%E3%80%8A%E4%BA%AE%E5%89%91%E3%80%8B%E4%B8%81%E5%86%9B%E9%95%BF%E6%89%AE%E6%BC%94%E8%80%85%E5%90%90%E6%A7%BD%E5%8C%BB%E9%99%A2%E8%8D%AF%E8%B4%B5&sa=fyb_news&rsv_dl=fyb_news', '2023-02-24 13:11:01', '2023-02-24 13:11:01', '2023-02-24 13:11:01', 2, NULL);
INSERT INTO `headline_news` VALUES ('c3cbd35be16f491f83eeb4a0df5fa85d', '北方大风降温沙尘又来了', '中央气象台预计，今天至23日，受强冷空气影响，我国西北地区大部分、华北、东北等地日平均气温先后下降6～10℃，并再度带来沙尘天气。', 'https://fyb-2.cdn.bcebos.com/hotboard_image/f6ce39664dc28fe9d5ca0ac888c5583b', '百度', 'https://www.baidu.com/s?wd=%E5%8C%97%E6%96%B9%E5%A4%A7%E9%A3%8E%E9%99%8D%E6%B8%A9%E6%B2%99%E5%B0%98%E5%8F%88%E6%9D%A5%E4%BA%86&sa=fyb_news&rsv_dl=fyb_news', '2023-04-20 03:24:01', '2023-04-20 03:24:01', '2023-04-20 03:24:01', 2, NULL);
INSERT INTO `headline_news` VALUES ('c3dbe15a02104b25984901edcb936dbc', '被“驯服”的厅官沦为“烟酒老板”', '4月19日，三湘风纪披露湖南省农村信用联社原党委书记赵应云为亲属牟利和放贷牟利等问题。他曾自称沦为“烟酒店老板”，家中酒以百箱计，烟以千条计。', 'https://fyb-2.cdn.bcebos.com/hotboard_image/813305a41614dfc2cd17b6a9f6beab04', '百度', 'https://www.baidu.com/s?wd=%E8%A2%AB%E2%80%9C%E9%A9%AF%E6%9C%8D%E2%80%9D%E7%9A%84%E5%8E%85%E5%AE%98%E6%B2%A6%E4%B8%BA%E2%80%9C%E7%83%9F%E9%85%92%E8%80%81%E6%9D%BF%E2%80%9D&sa=fyb_news&rsv_dl=fyb_news', '2023-04-20 20:14:28', '2023-04-20 20:14:28', '2023-04-20 20:14:28', 2, NULL);
INSERT INTO `headline_news` VALUES ('c42208cd003f4b16842d35f65e1bdde4', '25岁韩男团成员被发现在家中死亡', '', 'https://fyb-1.cdn.bcebos.com/fyb/de6163834f53ca92c1273fff98ac9078.jpeg', '百度', 'https://www.baidu.com/s?wd=25%E5%B2%81%E9%9F%A9%E7%94%B7%E5%9B%A2%E6%88%90%E5%91%98%E8%A2%AB%E5%8F%91%E7%8E%B0%E5%9C%A8%E5%AE%B6%E4%B8%AD%E6%AD%BB%E4%BA%A1&sa=fyb_news&rsv_dl=fyb_news', '2023-04-20 07:53:08', '2023-04-20 07:53:08', '2023-04-20 07:53:08', 2, NULL);
INSERT INTO `headline_news` VALUES ('c430a4d52757411bb107a56798c18ce0', '郑渊洁称21年维权生活像吃苍蝇', '', 'https://fyb-1.cdn.bcebos.com/fyb/de6163834f53ca92c1273fff98ac9078.jpeg', '百度', 'https://www.baidu.com/s?wd=%E9%83%91%E6%B8%8A%E6%B4%81%E7%A7%B021%E5%B9%B4%E7%BB%B4%E6%9D%83%E7%94%9F%E6%B4%BB%E5%83%8F%E5%90%83%E8%8B%8D%E8%9D%87&sa=fyb_news&rsv_dl=fyb_news', '2023-04-20 11:34:05', '2023-04-20 11:34:05', '2023-04-20 11:34:05', 2, NULL);
INSERT INTO `headline_news` VALUES ('c437b3f6a9da4cfd8b6101072a8d1aac', '访华后冯德莱恩首就对华关系表态', '18日，欧盟委员会主席冯德莱恩在欧洲议会表态，“必须制定自己的对华战略和原则”。这也是她近期访华后首次就对华关系表态。', 'https://fyb-2.cdn.bcebos.com/hotboard_image/a3b6d4ebb5c5ba93fb14c2f9ae05ca9a', '百度', 'https://www.baidu.com/s?wd=%E8%AE%BF%E5%8D%8E%E5%90%8E%E5%86%AF%E5%BE%B7%E8%8E%B1%E6%81%A9%E9%A6%96%E5%B0%B1%E5%AF%B9%E5%8D%8E%E5%85%B3%E7%B3%BB%E8%A1%A8%E6%80%81&sa=fyb_news&rsv_dl=fyb_news', '2023-04-20 02:39:03', '2023-04-20 02:39:03', '2023-04-20 02:39:03', 2, NULL);
INSERT INTO `headline_news` VALUES ('c468f52bd91742afae584148e5be61c1', '赵继伟吐槽《灌篮高手》晴子造型', '', 'https://fyb-1.cdn.bcebos.com/fyb/de6163834f53ca92c1273fff98ac9078.jpeg', '百度', 'https://www.baidu.com/s?wd=%E8%B5%B5%E7%BB%A7%E4%BC%9F%E5%90%90%E6%A7%BD%E3%80%8A%E7%81%8C%E7%AF%AE%E9%AB%98%E6%89%8B%E3%80%8B%E6%99%B4%E5%AD%90%E9%80%A0%E5%9E%8B&sa=fyb_news&rsv_dl=fyb_news', '2023-04-22 18:24:07', '2023-04-22 18:24:07', '2023-04-22 18:24:07', 2, NULL);
INSERT INTO `headline_news` VALUES ('c4f081f783284bf494d03657982bdc9f', '探访长峰医院：门窗焦黑 床完全烧毁', '4月19日，有记者探访了北京长峰医院事故现场。门框、厕所、窗户都呈焦黑色。朝南的一间房间里，许多家具已无法辨认，床铺完全烧毁。', 'https://fyb-2.cdn.bcebos.com/hotboard_image/f5550847f7942b97a2d48574cd7c7e45', '百度', 'https://www.baidu.com/s?wd=%E6%8E%A2%E8%AE%BF%E9%95%BF%E5%B3%B0%E5%8C%BB%E9%99%A2%EF%BC%9A%E9%97%A8%E7%AA%97%E7%84%A6%E9%BB%91+%E5%BA%8A%E5%AE%8C%E5%85%A8%E7%83%A7%E6%AF%81&sa=fyb_news&rsv_dl=fyb_news', '2023-04-20 02:04:03', '2023-04-20 02:04:03', '2023-04-20 02:04:03', 2, NULL);
INSERT INTO `headline_news` VALUES ('c51292913f9d42a29cb74c49f64f1c11', '胡先煦回应发腮', '', 'https://fyb-1.cdn.bcebos.com/fyb/de6163834f53ca92c1273fff98ac9078.jpeg', '百度', 'https://www.baidu.com/s?wd=%E8%83%A1%E5%85%88%E7%85%A6%E5%9B%9E%E5%BA%94%E5%8F%91%E8%85%AE&sa=fyb_news&rsv_dl=fyb_news', '2023-04-22 07:37:02', '2023-04-22 07:37:02', '2023-04-22 07:37:02', 2, NULL);
INSERT INTO `headline_news` VALUES ('c51a16f148044027aab7f492d23a99bb', '“上门经济”带火家政培训市场', '', 'https://fyb-1.cdn.bcebos.com/fyb/de6163834f53ca92c1273fff98ac9078.jpeg', '百度', 'https://www.baidu.com/s?wd=%E2%80%9C%E4%B8%8A%E9%97%A8%E7%BB%8F%E6%B5%8E%E2%80%9D%E5%B8%A6%E7%81%AB%E5%AE%B6%E6%94%BF%E5%9F%B9%E8%AE%AD%E5%B8%82%E5%9C%BA&sa=fyb_news&rsv_dl=fyb_news', '2023-03-04 22:04:01', '2023-03-04 22:04:01', '2023-03-04 22:04:01', 2, NULL);
INSERT INTO `headline_news` VALUES ('c51defe0d14d4123a57d47c09c757201', '今年第1号台风“珊瑚”生成', '', 'https://fyb-1.cdn.bcebos.com/fyb/de6163834f53ca92c1273fff98ac9078.jpeg', '百度', 'https://www.baidu.com/s?wd=%E4%BB%8A%E5%B9%B4%E7%AC%AC1%E5%8F%B7%E5%8F%B0%E9%A3%8E%E2%80%9C%E7%8F%8A%E7%91%9A%E2%80%9D%E7%94%9F%E6%88%90&sa=fyb_news&rsv_dl=fyb_news', '2023-04-20 20:14:28', '2023-04-20 20:14:28', '2023-04-20 20:14:28', 2, NULL);
INSERT INTO `headline_news` VALUES ('c550efd31548412f840be5ade288b496', '2岁幼童误吞28颗磁力珠', '', 'https://fyb-1.cdn.bcebos.com/fyb/de6163834f53ca92c1273fff98ac9078.jpeg', '百度', 'https://www.baidu.com/s?wd=2%E5%B2%81%E5%B9%BC%E7%AB%A5%E8%AF%AF%E5%90%9E28%E9%A2%97%E7%A3%81%E5%8A%9B%E7%8F%A0&sa=fyb_news&rsv_dl=fyb_news', '2023-02-23 11:14:01', '2023-02-23 11:14:01', '2023-02-23 11:14:01', 2, NULL);
INSERT INTO `headline_news` VALUES ('c5b28c2b284e4273b9733233b4a4dddc', '医院在院门前请患者吃烧烤', '', 'https://fyb-1.cdn.bcebos.com/fyb/de6163834f53ca92c1273fff98ac9078.jpeg', '百度', 'https://www.baidu.com/s?wd=%E5%8C%BB%E9%99%A2%E5%9C%A8%E9%99%A2%E9%97%A8%E5%89%8D%E8%AF%B7%E6%82%A3%E8%80%85%E5%90%83%E7%83%A7%E7%83%A4&sa=fyb_news&rsv_dl=fyb_news', '2023-04-20 14:20:05', '2023-04-20 14:20:05', '2023-04-20 14:20:05', 2, NULL);
INSERT INTO `headline_news` VALUES ('c62a7ca5333e426e8aac6ab0e3909659', '今年专项债提至3.8万亿元', '', 'https://fyb-1.cdn.bcebos.com/fyb/de6163834f53ca92c1273fff98ac9078.jpeg', '百度', 'https://www.baidu.com/s?wd=%E4%BB%8A%E5%B9%B4%E4%B8%93%E9%A1%B9%E5%80%BA%E6%8F%90%E8%87%B33.8%E4%B8%87%E4%BA%BF%E5%85%83&sa=fyb_news&rsv_dl=fyb_news', '2023-03-05 11:46:01', '2023-03-05 11:46:01', '2023-03-05 11:46:01', 2, NULL);
INSERT INTO `headline_news` VALUES ('c67f5fb2c6f644d6a5d8a1c232a31381', '人民海军74岁生日快乐', '', 'https://fyb-1.cdn.bcebos.com/fyb/de6163834f53ca92c1273fff98ac9078.jpeg', '百度', 'https://www.baidu.com/s?wd=%E4%BA%BA%E6%B0%91%E6%B5%B7%E5%86%9B74%E5%B2%81%E7%94%9F%E6%97%A5%E5%BF%AB%E4%B9%90&sa=fyb_news&rsv_dl=fyb_news', '2023-04-23 07:32:03', '2023-04-23 07:32:03', '2023-04-23 07:32:03', 2, NULL);
INSERT INTO `headline_news` VALUES ('c6b3da0f4f4e4c7ea2c573b6ed70de42', '国产带状疱疹疫苗全国接种启动', '', 'https://fyb-1.cdn.bcebos.com/fyb/de6163834f53ca92c1273fff98ac9078.jpeg', '百度', 'https://www.baidu.com/s?wd=%E5%9B%BD%E4%BA%A7%E5%B8%A6%E7%8A%B6%E7%96%B1%E7%96%B9%E7%96%AB%E8%8B%97%E5%85%A8%E5%9B%BD%E6%8E%A5%E7%A7%8D%E5%90%AF%E5%8A%A8&sa=fyb_news&rsv_dl=fyb_news', '2023-04-21 10:52:03', '2023-04-21 10:52:03', '2023-04-21 10:52:03', 2, NULL);
INSERT INTO `headline_news` VALUES ('c6debb6f3d1b48bc99ce67b05f7d92f3', '在华外企以实际行动投下信心票', '', 'https://fyb-1.cdn.bcebos.com/fyb/de6163834f53ca92c1273fff98ac9078.jpeg', '百度', 'https://www.baidu.com/s?wd=%E5%9C%A8%E5%8D%8E%E5%A4%96%E4%BC%81%E4%BB%A5%E5%AE%9E%E9%99%85%E8%A1%8C%E5%8A%A8%E6%8A%95%E4%B8%8B%E4%BF%A1%E5%BF%83%E7%A5%A8&sa=fyb_news&rsv_dl=fyb_news', '2023-04-21 17:22:30', '2023-04-21 17:22:30', '2023-04-21 17:22:30', 2, NULL);
INSERT INTO `headline_news` VALUES ('c6e56861ebe548b08858d84b4a130cf0', '迈莎锐星际骑兵亮相 中国仅1台', '', 'https://fyb-1.cdn.bcebos.com/fyb/de6163834f53ca92c1273fff98ac9078.jpeg', '百度', 'https://www.baidu.com/s?wd=%E8%BF%88%E8%8E%8E%E9%94%90%E6%98%9F%E9%99%85%E9%AA%91%E5%85%B5%E4%BA%AE%E7%9B%B8+%E4%B8%AD%E5%9B%BD%E4%BB%851%E5%8F%B0&sa=fyb_news&rsv_dl=fyb_news', '2023-04-21 16:39:02', '2023-04-21 16:39:02', '2023-04-21 16:39:02', 2, NULL);
INSERT INTO `headline_news` VALUES ('c700aa853c964319ad87ed1a8e91ac74', '国家利益所至海军航迹必达', '', 'https://fyb-1.cdn.bcebos.com/fyb/de6163834f53ca92c1273fff98ac9078.jpeg', '百度', 'https://www.baidu.com/s?wd=%E5%9B%BD%E5%AE%B6%E5%88%A9%E7%9B%8A%E6%89%80%E8%87%B3%E6%B5%B7%E5%86%9B%E8%88%AA%E8%BF%B9%E5%BF%85%E8%BE%BE&sa=fyb_news&rsv_dl=fyb_news', '2023-03-05 14:59:01', '2023-03-05 14:59:01', '2023-03-05 14:59:01', 2, NULL);
INSERT INTO `headline_news` VALUES ('c714d22357f44dac8ba7471caffb8aa3', '鄂尔多斯去年人均GDP突破25万元', '', 'https://fyb-1.cdn.bcebos.com/fyb/de6163834f53ca92c1273fff98ac9078.jpeg', '百度', 'https://www.baidu.com/s?wd=%E9%84%82%E5%B0%94%E5%A4%9A%E6%96%AF%E5%8E%BB%E5%B9%B4%E4%BA%BA%E5%9D%87GDP%E7%AA%81%E7%A0%B425%E4%B8%87%E5%85%83&sa=fyb_news&rsv_dl=fyb_news', '2023-03-26 20:32:00', '2023-03-26 20:32:00', '2023-03-26 20:32:00', 2, NULL);
INSERT INTO `headline_news` VALUES ('c73684403db148b69727574e1404cb35', '中国“菜篮子”科技含量更足', '', 'https://fyb-1.cdn.bcebos.com/fyb/de6163834f53ca92c1273fff98ac9078.jpeg', '百度', 'https://www.baidu.com/s?wd=%E4%B8%AD%E5%9B%BD%E2%80%9C%E8%8F%9C%E7%AF%AE%E5%AD%90%E2%80%9D%E7%A7%91%E6%8A%80%E5%90%AB%E9%87%8F%E6%9B%B4%E8%B6%B3&sa=fyb_news&rsv_dl=fyb_news', '2023-04-21 21:36:07', '2023-04-21 21:36:07', '2023-04-21 21:36:07', 2, NULL);
INSERT INTO `headline_news` VALUES ('c79738bdaade4c468305405c097e9c9c', '《我们的日子》道歉', '', 'https://fyb-1.cdn.bcebos.com/fyb/de6163834f53ca92c1273fff98ac9078.jpeg', '百度', 'https://www.baidu.com/s?wd=%E3%80%8A%E6%88%91%E4%BB%AC%E7%9A%84%E6%97%A5%E5%AD%90%E3%80%8B%E9%81%93%E6%AD%89&sa=fyb_news&rsv_dl=fyb_news', '2023-02-24 13:11:01', '2023-02-24 13:11:01', '2023-02-24 13:11:01', 2, NULL);
INSERT INTO `headline_news` VALUES ('c7a140e1aef446f59334d15ee9bd3166', '公安部打击制售招嫖卡片源头企业', '', 'https://fyb-1.cdn.bcebos.com/fyb/de6163834f53ca92c1273fff98ac9078.jpeg', '百度', 'https://www.baidu.com/s?wd=%E5%85%AC%E5%AE%89%E9%83%A8%E6%89%93%E5%87%BB%E5%88%B6%E5%94%AE%E6%8B%9B%E5%AB%96%E5%8D%A1%E7%89%87%E6%BA%90%E5%A4%B4%E4%BC%81%E4%B8%9A&sa=fyb_news&rsv_dl=fyb_news', '2023-03-27 15:44:01', '2023-03-27 15:44:01', '2023-03-27 15:44:01', 2, NULL);
INSERT INTO `headline_news` VALUES ('c7b3956bffac40c5a4767e8cd9e852a0', '建议减少教师参与网络点赞转发工作', '', 'https://fyb-1.cdn.bcebos.com/fyb/de6163834f53ca92c1273fff98ac9078.jpeg', '百度', 'https://www.baidu.com/s?wd=%E5%BB%BA%E8%AE%AE%E5%87%8F%E5%B0%91%E6%95%99%E5%B8%88%E5%8F%82%E4%B8%8E%E7%BD%91%E7%BB%9C%E7%82%B9%E8%B5%9E%E8%BD%AC%E5%8F%91%E5%B7%A5%E4%BD%9C&sa=fyb_news&rsv_dl=fyb_news', '2023-02-25 13:24:01', '2023-02-25 13:24:01', '2023-02-25 13:24:01', 2, NULL);
INSERT INTO `headline_news` VALUES ('c7c92525dba044548b8d3e1b3f22f239', '苹果静音按钮或被按压式按钮取代', '据爆料，苹果iPhone 15 Pro和iPhone 15 Pro Max将进行一些设计更改，设备静音开关将更换为单个按钮，而不是上下段式开关。', 'https://fyb-2.cdn.bcebos.com/hotboard_image/8bd1fa10b5502b0827a76f3a5b1eccfd', '百度', 'https://www.baidu.com/s?wd=%E8%8B%B9%E6%9E%9C%E9%9D%99%E9%9F%B3%E6%8C%89%E9%92%AE%E6%88%96%E8%A2%AB%E6%8C%89%E5%8E%8B%E5%BC%8F%E6%8C%89%E9%92%AE%E5%8F%96%E4%BB%A3&sa=fyb_news&rsv_dl=fyb_news', '2023-03-04 21:59:01', '2023-03-04 21:59:01', '2023-03-04 21:59:01', 2, NULL);
INSERT INTO `headline_news` VALUES ('c81c7f0af4ef4c579b6ff6d89132309d', '专家:没必要按性别分配车厢', '', 'https://fyb-1.cdn.bcebos.com/fyb/de6163834f53ca92c1273fff98ac9078.jpeg', '百度', 'https://www.baidu.com/s?wd=%E4%B8%93%E5%AE%B6%3A%E6%B2%A1%E5%BF%85%E8%A6%81%E6%8C%89%E6%80%A7%E5%88%AB%E5%88%86%E9%85%8D%E8%BD%A6%E5%8E%A2&sa=fyb_news&rsv_dl=fyb_news', '2023-04-21 22:09:10', '2023-04-21 22:09:10', '2023-04-21 22:09:10', 2, NULL);
INSERT INTO `headline_news` VALUES ('c82275074e1b48bca84cbb65bf5e39ed', '长峰医院附近居民：医院疑私拉电线', '4月18日中午，北京长峰医院发生火灾。截至19日9时，29人不幸死亡。长峰医院附近小区居民发声：着火楼体外有多条裸露电线，疑似私拉电线。', 'https://fyb-2.cdn.bcebos.com/hotboard_image/466b66750ebc90d004b513f597f2ae28', '百度', 'https://www.baidu.com/s?wd=%E9%95%BF%E5%B3%B0%E5%8C%BB%E9%99%A2%E9%99%84%E8%BF%91%E5%B1%85%E6%B0%91%EF%BC%9A%E5%8C%BB%E9%99%A2%E7%96%91%E7%A7%81%E6%8B%89%E7%94%B5%E7%BA%BF&sa=fyb_news&rsv_dl=fyb_news', '2023-04-20 08:24:05', '2023-04-20 08:24:05', '2023-04-20 08:24:05', 2, NULL);
INSERT INTO `headline_news` VALUES ('c8325c8e015845c0bb8fa71d5d935355', '宝马回应冰淇淋事件：是误会', '', 'https://fyb-1.cdn.bcebos.com/fyb/de6163834f53ca92c1273fff98ac9078.jpeg', '百度', 'https://www.baidu.com/s?wd=%E5%AE%9D%E9%A9%AC%E5%9B%9E%E5%BA%94%E5%86%B0%E6%B7%87%E6%B7%8B%E4%BA%8B%E4%BB%B6%EF%BC%9A%E6%98%AF%E8%AF%AF%E4%BC%9A&sa=fyb_news&rsv_dl=fyb_news', '2023-04-20 12:27:23', '2023-04-20 12:27:23', '2023-04-20 12:27:23', 2, NULL);
INSERT INTO `headline_news` VALUES ('c84b3345749d4e6b8aef3403a1a3c69c', '体操世界杯刘洋吊环夺冠', '', 'https://fyb-1.cdn.bcebos.com/fyb/de6163834f53ca92c1273fff98ac9078.jpeg', '百度', 'https://www.baidu.com/s?wd=%E4%BD%93%E6%93%8D%E4%B8%96%E7%95%8C%E6%9D%AF%E5%88%98%E6%B4%8B%E5%90%8A%E7%8E%AF%E5%A4%BA%E5%86%A0&sa=fyb_news&rsv_dl=fyb_news', '2023-03-05 10:49:01', '2023-03-05 10:49:01', '2023-03-05 10:49:01', 2, NULL);
INSERT INTO `headline_news` VALUES ('c857b418a85b48fc9c3c1a6b7569af8d', '网友自驾游被查 交警认定人货混装', '近日，有网友携带大量日用品自驾游，被交警认定为“人货混装”。警方回应，载客汽车除了后备箱和行李架不得载货，但交警采取人性化执法，未进行处罚。', 'https://fyb-2.cdn.bcebos.com/hotboard_image/ec1fb0aec5361decf5619ccdfc93c2c2', '百度', 'https://www.baidu.com/s?wd=%E7%BD%91%E5%8F%8B%E8%87%AA%E9%A9%BE%E6%B8%B8%E8%A2%AB%E6%9F%A5+%E4%BA%A4%E8%AD%A6%E8%AE%A4%E5%AE%9A%E4%BA%BA%E8%B4%A7%E6%B7%B7%E8%A3%85&sa=fyb_news&rsv_dl=fyb_news', '2023-04-22 19:29:02', '2023-04-22 19:29:02', '2023-04-22 19:29:02', 2, NULL);
INSERT INTO `headline_news` VALUES ('c8b701eb09674cd6b266177d3f1cde73', '广东高院回应智障男子被当劫犯关9年', '近日，智障男子因身揣逃犯身份证坐牢9年一事引发广泛关注。22日，据广东高院，申诉人李奎星就其弟李四强犯抢劫罪申诉一案已受理，目前正在审查中。', 'https://fyb-2.cdn.bcebos.com/hotboard_image/1c81c8a01f9b554d5392dc3409fcebc8', '百度', 'https://www.baidu.com/s?wd=%E5%B9%BF%E4%B8%9C%E9%AB%98%E9%99%A2%E5%9B%9E%E5%BA%94%E6%99%BA%E9%9A%9C%E7%94%B7%E5%AD%90%E8%A2%AB%E5%BD%93%E5%8A%AB%E7%8A%AF%E5%85%B39%E5%B9%B4&sa=fyb_news&rsv_dl=fyb_news', '2023-02-23 11:13:01', '2023-02-23 11:13:01', '2023-02-23 11:13:01', 2, NULL);
INSERT INTO `headline_news` VALUES ('c8ea8b0f4bc847b88e5d50fbceb2519c', '委员建议完善在校大学生婚育服务', '两会期间，全国政协委员、中国人口与发展研究中心主任贺丹建议将大学生纳入生育保险范围，完善在校大学生婚育服务，促进教育制度与婚育政策相衔接。', 'https://fyb-2.cdn.bcebos.com/hotboard_image/716f1ecdb0c50f3d85f50b675cd5a7a5', '百度', 'https://www.baidu.com/s?wd=%E5%A7%94%E5%91%98%E5%BB%BA%E8%AE%AE%E5%AE%8C%E5%96%84%E5%9C%A8%E6%A0%A1%E5%A4%A7%E5%AD%A6%E7%94%9F%E5%A9%9A%E8%82%B2%E6%9C%8D%E5%8A%A1&sa=fyb_news&rsv_dl=fyb_news', '2023-03-05 13:13:01', '2023-03-05 13:13:01', '2023-03-05 13:13:01', 2, NULL);
INSERT INTO `headline_news` VALUES ('c913df76739e4e6fbf394d9ead464740', '台媒：台北法院判汪小菲败诉', '', 'https://fyb-1.cdn.bcebos.com/fyb/de6163834f53ca92c1273fff98ac9078.jpeg', '百度', 'https://www.baidu.com/s?wd=%E5%8F%B0%E5%AA%92%EF%BC%9A%E5%8F%B0%E5%8C%97%E6%B3%95%E9%99%A2%E5%88%A4%E6%B1%AA%E5%B0%8F%E8%8F%B2%E8%B4%A5%E8%AF%89&sa=fyb_news&rsv_dl=fyb_news', '2023-03-27 10:50:00', '2023-03-27 10:50:00', '2023-03-27 10:50:00', 2, NULL);
INSERT INTO `headline_news` VALUES ('c996a5b6217d42f5a72ea47e7629f7de', '深圳暴雨：商场秒变“水帘洞”', '3月25日，深圳宝安区和光明区出现短时强降水，深圳市气象台11时55分将宝安和光明的暴雨黄色预警信号升级为暴雨橙色。全市进入暴雨防御状态。', 'https://fyb-2.cdn.bcebos.com/hotboard_image/2f7cb4f426cf1e902fd566f02f0a6b9f', '百度', 'https://www.baidu.com/s?wd=%E6%B7%B1%E5%9C%B3%E6%9A%B4%E9%9B%A8%EF%BC%9A%E5%95%86%E5%9C%BA%E7%A7%92%E5%8F%98%E2%80%9C%E6%B0%B4%E5%B8%98%E6%B4%9E%E2%80%9D&sa=fyb_news&rsv_dl=fyb_news', '2023-03-26 11:59:01', '2023-03-26 11:59:01', '2023-03-26 11:59:01', 2, NULL);
INSERT INTO `headline_news` VALUES ('c9b2a9008821486cae35394144b6fa7f', 'Luneurs回应宝马mini冰淇淋事件', '', 'https://fyb-1.cdn.bcebos.com/fyb/de6163834f53ca92c1273fff98ac9078.jpeg', '百度', 'https://www.baidu.com/s?wd=Luneurs%E5%9B%9E%E5%BA%94%E5%AE%9D%E9%A9%ACmini%E5%86%B0%E6%B7%87%E6%B7%8B%E4%BA%8B%E4%BB%B6&sa=fyb_news&rsv_dl=fyb_news', '2023-04-20 16:45:03', '2023-04-20 16:45:03', '2023-04-20 16:45:03', 2, NULL);
INSERT INTO `headline_news` VALUES ('c9bb6934cbf74d54a8270041b5952af4', '梅西俱乐部生涯制造1000球', '', 'https://fyb-1.cdn.bcebos.com/fyb/de6163834f53ca92c1273fff98ac9078.jpeg', '百度', 'https://www.baidu.com/s?wd=%E6%A2%85%E8%A5%BF%E4%BF%B1%E4%B9%90%E9%83%A8%E7%94%9F%E6%B6%AF%E5%88%B6%E9%80%A01000%E7%90%83&sa=fyb_news&rsv_dl=fyb_news', '2023-03-05 10:19:01', '2023-03-05 10:19:01', '2023-03-05 10:19:01', 2, NULL);
INSERT INTO `headline_news` VALUES ('c9be6ee7d5064c9296aaa40a09342609', '铃芽之旅成2023引进片票房冠军', '', 'https://fyb-1.cdn.bcebos.com/fyb/de6163834f53ca92c1273fff98ac9078.jpeg', '百度', 'https://www.baidu.com/s?wd=%E9%93%83%E8%8A%BD%E4%B9%8B%E6%97%85%E6%88%902023%E5%BC%95%E8%BF%9B%E7%89%87%E7%A5%A8%E6%88%BF%E5%86%A0%E5%86%9B&sa=fyb_news&rsv_dl=fyb_news', '2023-03-27 10:44:01', '2023-03-27 10:44:01', '2023-03-27 10:44:01', 2, NULL);
INSERT INTO `headline_news` VALUES ('c9d4f6a1ca2c41e1bd5b8d1453efaf91', '村支书非法占有孤儿生活补贴五年', '', 'https://fyb-1.cdn.bcebos.com/fyb/de6163834f53ca92c1273fff98ac9078.jpeg', '百度', 'https://www.baidu.com/s?wd=%E6%9D%91%E6%94%AF%E4%B9%A6%E9%9D%9E%E6%B3%95%E5%8D%A0%E6%9C%89%E5%AD%A4%E5%84%BF%E7%94%9F%E6%B4%BB%E8%A1%A5%E8%B4%B4%E4%BA%94%E5%B9%B4&sa=fyb_news&rsv_dl=fyb_news', '2023-02-24 14:00:01', '2023-02-24 14:00:01', '2023-02-24 14:00:01', 2, NULL);
INSERT INTO `headline_news` VALUES ('ca7c721caf0a4b4d82eede297a406351', '特朗普发披萨：有人想要我吃过的吗', '', 'https://fyb-1.cdn.bcebos.com/fyb/de6163834f53ca92c1273fff98ac9078.jpeg', '百度', 'https://www.baidu.com/s?wd=%E7%89%B9%E6%9C%97%E6%99%AE%E5%8F%91%E6%8A%AB%E8%90%A8%EF%BC%9A%E6%9C%89%E4%BA%BA%E6%83%B3%E8%A6%81%E6%88%91%E5%90%83%E8%BF%87%E7%9A%84%E5%90%97&sa=fyb_news&rsv_dl=fyb_news', '2023-04-22 13:52:06', '2023-04-22 13:52:06', '2023-04-22 13:52:06', 2, NULL);
INSERT INTO `headline_news` VALUES ('cab34c9e03b54a23bc9d2847e1dfc507', '2022年国内生产总值增长3%', '3月5日，国务院总理李克强在政府工作报告中指出，2022年国内生产总值增长3%，在复杂多变的环境中基本完成全年发展主要目标任务，我国经济展现出坚强韧性。', 'https://fyb-2.cdn.bcebos.com/hotboard_image/4369b8cc305e2b47b84df37d43ff805f', '百度', 'https://www.baidu.com/s?wd=2022%E5%B9%B4%E5%9B%BD%E5%86%85%E7%94%9F%E4%BA%A7%E6%80%BB%E5%80%BC%E5%A2%9E%E9%95%BF3%25&sa=fyb_news&rsv_dl=fyb_news', '2023-03-05 10:00:01', '2023-03-05 10:00:01', '2023-03-05 10:00:01', 2, NULL);
INSERT INTO `headline_news` VALUES ('cabee71db75a43a0a1d1a08ea6328c8b', '男子直播打骂奔现女网友被刑拘', '', 'https://fyb-1.cdn.bcebos.com/fyb/de6163834f53ca92c1273fff98ac9078.jpeg', '百度', 'https://www.baidu.com/s?wd=%E7%94%B7%E5%AD%90%E7%9B%B4%E6%92%AD%E6%89%93%E9%AA%82%E5%A5%94%E7%8E%B0%E5%A5%B3%E7%BD%91%E5%8F%8B%E8%A2%AB%E5%88%91%E6%8B%98&sa=fyb_news&rsv_dl=fyb_news', '2023-04-20 09:54:03', '2023-04-20 09:54:03', '2023-04-20 09:54:03', 2, NULL);
INSERT INTO `headline_news` VALUES ('caf453cfb73a48cd8a034ab45a537445', '委员建议独生子女父母养老政府解决', '全国政协委员朱列玉提案：设置专门机构，安排专业人员，加强预研预判，切实解决实际困难，真正担负起党委、政府对独生子女家庭养老的责任和义务。', 'https://fyb-2.cdn.bcebos.com/hotboard_image/1954ff6fbe6266739e0a6450c408311e', '百度', 'https://www.baidu.com/s?wd=%E5%A7%94%E5%91%98%E5%BB%BA%E8%AE%AE%E7%8B%AC%E7%94%9F%E5%AD%90%E5%A5%B3%E7%88%B6%E6%AF%8D%E5%85%BB%E8%80%81%E6%94%BF%E5%BA%9C%E8%A7%A3%E5%86%B3&sa=fyb_news&rsv_dl=fyb_news', '2023-02-23 14:13:01', '2023-02-23 14:13:01', '2023-02-23 14:13:01', 2, NULL);
INSERT INTO `headline_news` VALUES ('cb609e0605614e7288da598ae3db3ec4', '拜登称要继续让俄罗斯付出代价', '美国总统拜登和德国总理朔尔茨承诺继续在乌克兰问题上同步一致，合作无间。两人誓言，要继续让俄罗斯为冲突付出代价。', 'https://fyb-2.cdn.bcebos.com/hotboard_image/e1fc71bed9934544ee5564e70e25e97a', '百度', 'https://www.baidu.com/s?wd=%E6%8B%9C%E7%99%BB%E7%A7%B0%E8%A6%81%E7%BB%A7%E7%BB%AD%E8%AE%A9%E4%BF%84%E7%BD%97%E6%96%AF%E4%BB%98%E5%87%BA%E4%BB%A3%E4%BB%B7&sa=fyb_news&rsv_dl=fyb_news', '2023-03-05 09:59:01', '2023-03-05 09:59:01', '2023-03-05 09:59:01', 2, NULL);
INSERT INTO `headline_news` VALUES ('cb76aaca7993468f91494875fa378809', '苏丹军方称正协调中国等4国人员撤离', '苏丹军方22日表示，正协调使用军机帮助中国、美国、英国、法国外交官和公民撤出该国，将“在未来几小时内确保撤离”。', 'https://fyb-2.cdn.bcebos.com/hotboard_image/bfbe2208c23f96f07a4a6193d7adb471', '百度', 'https://www.baidu.com/s?wd=%E8%8B%8F%E4%B8%B9%E5%86%9B%E6%96%B9%E7%A7%B0%E6%AD%A3%E5%8D%8F%E8%B0%83%E4%B8%AD%E5%9B%BD%E7%AD%894%E5%9B%BD%E4%BA%BA%E5%91%98%E6%92%A4%E7%A6%BB&sa=fyb_news&rsv_dl=fyb_news', '2023-04-22 18:49:14', '2023-04-22 18:49:14', '2023-04-22 18:49:14', 2, NULL);
INSERT INTO `headline_news` VALUES ('cb79330e77b84bb29540fa1fc4d7b9be', '广西男子新房直接毛坯入住', '', 'https://fyb-1.cdn.bcebos.com/fyb/de6163834f53ca92c1273fff98ac9078.jpeg', '百度', 'https://www.baidu.com/s?wd=%E5%B9%BF%E8%A5%BF%E7%94%B7%E5%AD%90%E6%96%B0%E6%88%BF%E7%9B%B4%E6%8E%A5%E6%AF%9B%E5%9D%AF%E5%85%A5%E4%BD%8F&sa=fyb_news&rsv_dl=fyb_news', '2023-02-24 13:11:01', '2023-02-24 13:11:01', '2023-02-24 13:11:01', 2, NULL);
INSERT INTO `headline_news` VALUES ('cbb3d8e2266946e68dbb25838daa1954', '上海回应公交车深夜冒绿光', '', 'https://fyb-1.cdn.bcebos.com/fyb/de6163834f53ca92c1273fff98ac9078.jpeg', '百度', 'https://www.baidu.com/s?wd=%E4%B8%8A%E6%B5%B7%E5%9B%9E%E5%BA%94%E5%85%AC%E4%BA%A4%E8%BD%A6%E6%B7%B1%E5%A4%9C%E5%86%92%E7%BB%BF%E5%85%89&sa=fyb_news&rsv_dl=fyb_news', '2023-04-22 08:56:01', '2023-04-22 08:56:01', '2023-04-22 08:56:01', 2, NULL);
INSERT INTO `headline_news` VALUES ('cbd48d9e17134b808518c522ccc66616', '有长峰医院火灾伤员在收治当场去世', '4月18日中午，北京长峰医院发生火灾。截至19日9时，29人不幸死亡。收治长峰医院患者的医生称，受伤者吸入过多的毒气，有几人当场去世。', 'https://fyb-2.cdn.bcebos.com/hotboard_image/c50c29ba8da0977d736d916591977dd0', '百度', 'https://www.baidu.com/s?wd=%E6%9C%89%E9%95%BF%E5%B3%B0%E5%8C%BB%E9%99%A2%E7%81%AB%E7%81%BE%E4%BC%A4%E5%91%98%E5%9C%A8%E6%94%B6%E6%B2%BB%E5%BD%93%E5%9C%BA%E5%8E%BB%E4%B8%96&sa=fyb_news&rsv_dl=fyb_news', '2023-04-20 10:29:02', '2023-04-20 10:29:02', '2023-04-20 10:29:02', 2, NULL);
INSERT INTO `headline_news` VALUES ('cbdf08cec8a14bc19ae01c17e6f02ef5', '尹锡悦称台湾问题是全球问题', '韩国总统尹锡悦称“台湾问题是全球问题”。4月20日，外交部发言人汪文斌回应尹锡悦涉台言论：解决台湾问题是中国人自己的事，不容他人置喙。', 'https://fyb-2.cdn.bcebos.com/hotboard_image/e489e872a3e56bbd3a8ead56d79bba66', '百度', 'https://www.baidu.com/s?wd=%E5%B0%B9%E9%94%A1%E6%82%A6%E7%A7%B0%E5%8F%B0%E6%B9%BE%E9%97%AE%E9%A2%98%E6%98%AF%E5%85%A8%E7%90%83%E9%97%AE%E9%A2%98&sa=fyb_news&rsv_dl=fyb_news', '2023-04-20 19:46:16', '2023-04-20 19:46:16', '2023-04-20 19:46:16', 2, NULL);
INSERT INTO `headline_news` VALUES ('cc0a53c67bcf4c5b9d73dcb160c0b8d6', '律师谈男子合成迪丽热巴亲吻视频', '', 'https://fyb-1.cdn.bcebos.com/fyb/de6163834f53ca92c1273fff98ac9078.jpeg', '百度', 'https://www.baidu.com/s?wd=%E5%BE%8B%E5%B8%88%E8%B0%88%E7%94%B7%E5%AD%90%E5%90%88%E6%88%90%E8%BF%AA%E4%B8%BD%E7%83%AD%E5%B7%B4%E4%BA%B2%E5%90%BB%E8%A7%86%E9%A2%91&sa=fyb_news&rsv_dl=fyb_news', '2023-03-27 15:44:01', '2023-03-27 15:44:01', '2023-03-27 15:44:01', 2, NULL);
INSERT INTO `headline_news` VALUES ('cc23a794e75249c59978e9331f1fd0f6', '房客酒店内被外来醉酒男无故暴打', '近日，一男子去杭州出差入住五星级酒店，却被一名非酒店住客的醉酒男子无故殴打，眼镜被打碎，眼角缝了三针。酒店称“自己也是受害者”。', 'https://fyb-2.cdn.bcebos.com/hotboard_image/98dae1a0c14899e49547e060285624ce', '百度', 'https://www.baidu.com/s?wd=%E6%88%BF%E5%AE%A2%E9%85%92%E5%BA%97%E5%86%85%E8%A2%AB%E5%A4%96%E6%9D%A5%E9%86%89%E9%85%92%E7%94%B7%E6%97%A0%E6%95%85%E6%9A%B4%E6%89%93&sa=fyb_news&rsv_dl=fyb_news', '2023-04-22 16:54:20', '2023-04-22 16:54:20', '2023-04-22 16:54:20', 2, NULL);
INSERT INTO `headline_news` VALUES ('cc57b8e2335a4ba393812a87b009f607', '苹果公司遭合作伙伴指责抄袭创意', '', 'https://fyb-1.cdn.bcebos.com/fyb/de6163834f53ca92c1273fff98ac9078.jpeg', '百度', 'https://www.baidu.com/s?wd=%E8%8B%B9%E6%9E%9C%E5%85%AC%E5%8F%B8%E9%81%AD%E5%90%88%E4%BD%9C%E4%BC%99%E4%BC%B4%E6%8C%87%E8%B4%A3%E6%8A%84%E8%A2%AD%E5%88%9B%E6%84%8F&sa=fyb_news&rsv_dl=fyb_news', '2023-04-21 13:39:10', '2023-04-21 13:39:10', '2023-04-21 13:39:10', 2, NULL);
INSERT INTO `headline_news` VALUES ('ccc0c9dde6df439d97c074b1e1834e8e', '华为被传或分拆消费电子业务部门', '', 'https://fyb-1.cdn.bcebos.com/fyb/de6163834f53ca92c1273fff98ac9078.jpeg', '百度', 'https://www.baidu.com/s?wd=%E5%8D%8E%E4%B8%BA%E8%A2%AB%E4%BC%A0%E6%88%96%E5%88%86%E6%8B%86%E6%B6%88%E8%B4%B9%E7%94%B5%E5%AD%90%E4%B8%9A%E5%8A%A1%E9%83%A8%E9%97%A8&sa=fyb_news&rsv_dl=fyb_news', '2023-03-05 10:54:01', '2023-03-05 10:54:01', '2023-03-05 10:54:01', 2, NULL);
INSERT INTO `headline_news` VALUES ('cd247018004d4227b27167fd6d613e1c', '南海部分海域预计有火箭残骸坠落', '', 'https://fyb-1.cdn.bcebos.com/fyb/de6163834f53ca92c1273fff98ac9078.jpeg', '百度', 'https://www.baidu.com/s?wd=%E5%8D%97%E6%B5%B7%E9%83%A8%E5%88%86%E6%B5%B7%E5%9F%9F%E9%A2%84%E8%AE%A1%E6%9C%89%E7%81%AB%E7%AE%AD%E6%AE%8B%E9%AA%B8%E5%9D%A0%E8%90%BD&sa=fyb_news&rsv_dl=fyb_news', '2023-03-27 15:44:01', '2023-03-27 15:44:01', '2023-03-27 15:44:01', 2, NULL);
INSERT INTO `headline_news` VALUES ('cd26c8f9d07344d6a28f224fd4da2ff2', '比周一更痛苦的是周日上班', '', 'https://fyb-1.cdn.bcebos.com/fyb/de6163834f53ca92c1273fff98ac9078.jpeg', '百度', 'https://www.baidu.com/s?wd=%E6%AF%94%E5%91%A8%E4%B8%80%E6%9B%B4%E7%97%9B%E8%8B%A6%E7%9A%84%E6%98%AF%E5%91%A8%E6%97%A5%E4%B8%8A%E7%8F%AD&sa=fyb_news&rsv_dl=fyb_news', '2023-04-23 15:21:03', '2023-04-23 15:21:03', '2023-04-23 15:21:03', 2, NULL);
INSERT INTO `headline_news` VALUES ('cd649a120def47b5ac7abcd345bb8456', '杭州宝马4S店诱导顾客到店消费被罚', '杭州一家宝马4S店设立“售后招揽”办公室，虚构客户车辆电瓶使用不稳定的信息，发送1万余条虚假骚扰短信，诱导客户到店消费，近日被监管部门处罚。', 'https://fyb-2.cdn.bcebos.com/hotboard_image/a9c47c7cc395b4b77f905a395cdfcbbc', '百度', 'https://www.baidu.com/s?wd=%E6%9D%AD%E5%B7%9E%E5%AE%9D%E9%A9%AC4S%E5%BA%97%E8%AF%B1%E5%AF%BC%E9%A1%BE%E5%AE%A2%E5%88%B0%E5%BA%97%E6%B6%88%E8%B4%B9%E8%A2%AB%E7%BD%9A&sa=fyb_news&rsv_dl=fyb_news', '2023-04-23 16:59:06', '2023-04-23 16:59:06', '2023-04-23 16:59:06', 2, NULL);
INSERT INTO `headline_news` VALUES ('cd7a9570ce99416bb34ad2114f80de20', '北京丰台副区长:向全市人民表示歉意', '4月19日，北京市召开长峰医院火灾事故情况通报会，北京丰台副区长在通报会上称，向全市人民表示歉意。', 'https://fyb-2.cdn.bcebos.com/hotboard_image/1e52233ce70a72d9611e354e744c470b', '百度', 'https://www.baidu.com/s?wd=%E5%8C%97%E4%BA%AC%E4%B8%B0%E5%8F%B0%E5%89%AF%E5%8C%BA%E9%95%BF%3A%E5%90%91%E5%85%A8%E5%B8%82%E4%BA%BA%E6%B0%91%E8%A1%A8%E7%A4%BA%E6%AD%89%E6%84%8F&sa=fyb_news&rsv_dl=fyb_news', '2023-04-20 00:59:06', '2023-04-20 00:59:06', '2023-04-20 00:59:06', 2, NULL);
INSERT INTO `headline_news` VALUES ('d0625443175a494fa3d9f4733d4af63f', '伊拉克宣布用人民币结算中国商品', '', 'https://fyb-1.cdn.bcebos.com/fyb/de6163834f53ca92c1273fff98ac9078.jpeg', '百度', 'https://www.baidu.com/s?wd=%E4%BC%8A%E6%8B%89%E5%85%8B%E5%AE%A3%E5%B8%83%E7%94%A8%E4%BA%BA%E6%B0%91%E5%B8%81%E7%BB%93%E7%AE%97%E4%B8%AD%E5%9B%BD%E5%95%86%E5%93%81&sa=fyb_news&rsv_dl=fyb_news', '2023-02-25 13:23:01', '2023-02-25 13:23:01', '2023-02-25 13:23:01', 2, NULL);
INSERT INTO `headline_news` VALUES ('d063a22d850543bbbdb7077a43547992', '男子左眼皮异常抖动有虫游走', '2月22日，河南一男子发视频称自己眼皮内疑长寄生虫，前往省内多家医院均无法治疗。当事人曾在国外工作一年，回国体检被医生告知可能有寄生虫。', 'https://fyb-2.cdn.bcebos.com/hotboard_image/65b8a535431acb51058d24aea79a1192', '百度', 'https://www.baidu.com/s?wd=%E7%94%B7%E5%AD%90%E5%B7%A6%E7%9C%BC%E7%9A%AE%E5%BC%82%E5%B8%B8%E6%8A%96%E5%8A%A8%E6%9C%89%E8%99%AB%E6%B8%B8%E8%B5%B0&sa=fyb_news&rsv_dl=fyb_news', '2023-02-24 16:44:01', '2023-02-24 16:44:01', '2023-02-24 16:44:01', 2, NULL);
INSERT INTO `headline_news` VALUES ('d0d7ae5c798c465f8891b02f9602fb3c', '长峰医院曾3年里留下23条处罚记录', '据长峰医院挂牌时披露信息统计，2014年至2016年长峰医院共留下23条行政处罚记录，其中包括在卫生、消防、广告宣传上的违法违规行为。', 'https://fyb-2.cdn.bcebos.com/hotboard_image/9151307e9fb3821b7aa4a5e2d86a55f9', '百度', 'https://www.baidu.com/s?wd=%E9%95%BF%E5%B3%B0%E5%8C%BB%E9%99%A2%E6%9B%BE3%E5%B9%B4%E9%87%8C%E7%95%99%E4%B8%8B23%E6%9D%A1%E5%A4%84%E7%BD%9A%E8%AE%B0%E5%BD%95&sa=fyb_news&rsv_dl=fyb_news', '2023-04-20 17:50:05', '2023-04-20 17:50:05', '2023-04-20 17:50:05', 2, NULL);
INSERT INTO `headline_news` VALUES ('d0eab66577024fe9ac58f9e428e69657', '偷渡客在缅北送快递 见证100种逃亡', '', 'https://fyb-1.cdn.bcebos.com/fyb/de6163834f53ca92c1273fff98ac9078.jpeg', '百度', 'https://www.baidu.com/s?wd=%E5%81%B7%E6%B8%A1%E5%AE%A2%E5%9C%A8%E7%BC%85%E5%8C%97%E9%80%81%E5%BF%AB%E9%80%92+%E8%A7%81%E8%AF%81100%E7%A7%8D%E9%80%83%E4%BA%A1&sa=fyb_news&rsv_dl=fyb_news', '2023-03-26 12:44:04', '2023-03-26 12:44:04', '2023-03-26 12:44:04', 2, NULL);
INSERT INTO `headline_news` VALUES ('d0f83e82282b4a8bbc233e6338357d07', '中国婴幼儿奶粉新国标正式实施', '', 'https://fyb-1.cdn.bcebos.com/fyb/de6163834f53ca92c1273fff98ac9078.jpeg', '百度', 'https://www.baidu.com/s?wd=%E4%B8%AD%E5%9B%BD%E5%A9%B4%E5%B9%BC%E5%84%BF%E5%A5%B6%E7%B2%89%E6%96%B0%E5%9B%BD%E6%A0%87%E6%AD%A3%E5%BC%8F%E5%AE%9E%E6%96%BD&sa=fyb_news&rsv_dl=fyb_news', '2023-02-23 11:14:01', '2023-02-23 11:14:01', '2023-02-23 11:14:01', 2, NULL);
INSERT INTO `headline_news` VALUES ('d10ac83b8f854cd79c32734fbbea2d06', '普京称嫉妒的人才说俄依赖中国', '', 'https://fyb-1.cdn.bcebos.com/fyb/de6163834f53ca92c1273fff98ac9078.jpeg', '百度', 'https://www.baidu.com/s?wd=%E6%99%AE%E4%BA%AC%E7%A7%B0%E5%AB%89%E5%A6%92%E7%9A%84%E4%BA%BA%E6%89%8D%E8%AF%B4%E4%BF%84%E4%BE%9D%E8%B5%96%E4%B8%AD%E5%9B%BD&sa=fyb_news&rsv_dl=fyb_news', '2023-03-26 20:33:00', '2023-03-26 20:33:00', '2023-03-26 20:33:00', 2, NULL);
INSERT INTO `headline_news` VALUES ('d14f998296b446c480cf51a3df9387f0', '爬树看演唱会致手臂骨折:省1千花1万', '', 'https://fyb-1.cdn.bcebos.com/fyb/de6163834f53ca92c1273fff98ac9078.jpeg', '百度', 'https://www.baidu.com/s?wd=%E7%88%AC%E6%A0%91%E7%9C%8B%E6%BC%94%E5%94%B1%E4%BC%9A%E8%87%B4%E6%89%8B%E8%87%82%E9%AA%A8%E6%8A%98%3A%E7%9C%811%E5%8D%83%E8%8A%B11%E4%B8%87&sa=fyb_news&rsv_dl=fyb_news', '2023-03-26 22:15:01', '2023-03-26 22:15:01', '2023-03-26 22:15:01', 2, NULL);
INSERT INTO `headline_news` VALUES ('d18c1203d1064ae29d7ae977b919e6e2', '秦刚将访问菲律宾', '', 'https://fyb-1.cdn.bcebos.com/fyb/de6163834f53ca92c1273fff98ac9078.jpeg', '百度', 'https://www.baidu.com/s?wd=%E7%A7%A6%E5%88%9A%E5%B0%86%E8%AE%BF%E9%97%AE%E8%8F%B2%E5%BE%8B%E5%AE%BE&sa=fyb_news&rsv_dl=fyb_news', '2023-04-21 15:27:06', '2023-04-21 15:27:06', '2023-04-21 15:27:06', 2, NULL);
INSERT INTO `headline_news` VALUES ('d1969bd40e174d04a0f1b94948aadafb', '现在一顿麻辣烫，吃饱要花70元', '近日“麻辣烫贵”“麻辣烫缺斤短两”等话题引起社会讨论，有网友表示吃麻辣烫拿的不多就要19.5块，而动辄88元、99元的麻辣烫也并不少见。', 'https://fyb-2.cdn.bcebos.com/hotboard_image/d03ee49015dc737751d61887efdb13e7', '百度', 'https://www.baidu.com/s?wd=%E7%8E%B0%E5%9C%A8%E4%B8%80%E9%A1%BF%E9%BA%BB%E8%BE%A3%E7%83%AB%EF%BC%8C%E5%90%83%E9%A5%B1%E8%A6%81%E8%8A%B170%E5%85%83&sa=fyb_news&rsv_dl=fyb_news', '2023-04-22 12:34:07', '2023-04-22 12:34:07', '2023-04-22 12:34:07', 2, NULL);
INSERT INTO `headline_news` VALUES ('d1cd2ab1ab8c4bb891c5368470d4bd15', '男子因长“国泰民安脸”被盗用照片', '近日，演员赵先生因为拥有一张“国泰民安脸”被电信诈骗分子看中，将照片P上军装并起假名字“赵胜利”进行诈骗，目前骗局已现更多受害者。', 'https://fyb-2.cdn.bcebos.com/hotboard_image/f9318782101bf8272146fab024a7b5fd', '百度', 'https://www.baidu.com/s?wd=%E7%94%B7%E5%AD%90%E5%9B%A0%E9%95%BF%E2%80%9C%E5%9B%BD%E6%B3%B0%E6%B0%91%E5%AE%89%E8%84%B8%E2%80%9D%E8%A2%AB%E7%9B%97%E7%94%A8%E7%85%A7%E7%89%87&sa=fyb_news&rsv_dl=fyb_news', '2023-02-24 13:11:01', '2023-02-24 13:11:01', '2023-02-24 13:11:01', 2, NULL);
INSERT INTO `headline_news` VALUES ('d2019b19471c4f0c9e5abd84eee3dc4b', '榴莲年进口超40亿美元碾压车厘子', '', 'https://fyb-1.cdn.bcebos.com/fyb/de6163834f53ca92c1273fff98ac9078.jpeg', '百度', 'https://www.baidu.com/s?wd=%E6%A6%B4%E8%8E%B2%E5%B9%B4%E8%BF%9B%E5%8F%A3%E8%B6%8540%E4%BA%BF%E7%BE%8E%E5%85%83%E7%A2%BE%E5%8E%8B%E8%BD%A6%E5%8E%98%E5%AD%90&sa=fyb_news&rsv_dl=fyb_news', '2023-02-23 15:34:01', '2023-02-23 15:34:01', '2023-02-23 15:34:01', 2, NULL);
INSERT INTO `headline_news` VALUES ('d232e75c37384e0189cfeab3240b0d45', '张文宏谈疫情三年体会感想', '3月4日，张文宏亮相全国两会首场“委员通道”，被问及疫情3年来最大体会，张文宏表示，防疫政策因时因势的调整是关键，同时表达了对群众支持的感谢。', 'https://fyb-2.cdn.bcebos.com/hotboard_image/0330ff2a27df4c11397207bc9167b1e3', '百度', 'https://www.baidu.com/s?wd=%E5%BC%A0%E6%96%87%E5%AE%8F%E8%B0%88%E7%96%AB%E6%83%85%E4%B8%89%E5%B9%B4%E4%BD%93%E4%BC%9A%E6%84%9F%E6%83%B3&sa=fyb_news&rsv_dl=fyb_news', '2023-03-05 12:14:01', '2023-03-05 12:14:01', '2023-03-05 12:14:01', 2, NULL);
INSERT INTO `headline_news` VALUES ('d2485aab7bf44a819511248aef1842f5', '威少快船首秀', '', 'https://fyb-1.cdn.bcebos.com/fyb/de6163834f53ca92c1273fff98ac9078.jpeg', '百度', 'https://www.baidu.com/s?wd=%E5%A8%81%E5%B0%91%E5%BF%AB%E8%88%B9%E9%A6%96%E7%A7%80&sa=fyb_news&rsv_dl=fyb_news', '2023-02-25 13:42:01', '2023-02-25 13:42:01', '2023-02-25 13:42:01', 2, NULL);
INSERT INTO `headline_news` VALUES ('d28130cc6a58496893dc4a46e0d30d64', '运20总师说我们想争一口气', '运20总师、全国政协委员唐长红表示：有国外同行问，运-20飞机的奇迹是怎么做出来的？它的密码真谛就在于自立自强、自主创新，我们想争一口气。', 'https://fyb-2.cdn.bcebos.com/hotboard_image/3cfbbd7ddbe2148c00288c58b98c0d3f', '百度', 'https://www.baidu.com/s?wd=%E8%BF%9020%E6%80%BB%E5%B8%88%E8%AF%B4%E6%88%91%E4%BB%AC%E6%83%B3%E4%BA%89%E4%B8%80%E5%8F%A3%E6%B0%94&sa=fyb_news&rsv_dl=fyb_news', '2023-03-05 10:04:01', '2023-03-05 10:04:01', '2023-03-05 10:04:01', 2, NULL);
INSERT INTO `headline_news` VALUES ('d28768d24a554f32bc758928a47a8c6c', '欧洲议会议长访乌 谈到中国和平方案', '3日，欧洲议会议长罗伯塔·梅措拉到访乌克兰，与乌最高拉达（国会）主席举行会晤。二人讨论了乌克兰入欧议程、中国提出的12点“和平方案”等议题。', 'https://fyb-2.cdn.bcebos.com/hotboard_image/92ce101aa5d020d5a3ae19904596127d', '百度', 'https://www.baidu.com/s?wd=%E6%AC%A7%E6%B4%B2%E8%AE%AE%E4%BC%9A%E8%AE%AE%E9%95%BF%E8%AE%BF%E4%B9%8C+%E8%B0%88%E5%88%B0%E4%B8%AD%E5%9B%BD%E5%92%8C%E5%B9%B3%E6%96%B9%E6%A1%88&sa=fyb_news&rsv_dl=fyb_news', '2023-03-05 09:59:01', '2023-03-05 09:59:01', '2023-03-05 09:59:01', 2, NULL);
INSERT INTO `headline_news` VALUES ('d2ad60bdbc8c48f9ae216b0bf1611a2f', '胡锡进：武力选项是台湾问题焦点', '', 'https://fyb-1.cdn.bcebos.com/fyb/de6163834f53ca92c1273fff98ac9078.jpeg', '百度', 'https://www.baidu.com/s?wd=%E8%83%A1%E9%94%A1%E8%BF%9B%EF%BC%9A%E6%AD%A6%E5%8A%9B%E9%80%89%E9%A1%B9%E6%98%AF%E5%8F%B0%E6%B9%BE%E9%97%AE%E9%A2%98%E7%84%A6%E7%82%B9&sa=fyb_news&rsv_dl=fyb_news', '2023-02-23 14:20:01', '2023-02-23 14:20:01', '2023-02-23 14:20:01', 2, NULL);
INSERT INTO `headline_news` VALUES ('d2f546a5c9f04d8f96f521baba726429', '西班牙真人秀性侵案男嘉宾获刑', '', 'https://fyb-1.cdn.bcebos.com/fyb/de6163834f53ca92c1273fff98ac9078.jpeg', '百度', 'https://www.baidu.com/s?wd=%E8%A5%BF%E7%8F%AD%E7%89%99%E7%9C%9F%E4%BA%BA%E7%A7%80%E6%80%A7%E4%BE%B5%E6%A1%88%E7%94%B7%E5%98%89%E5%AE%BE%E8%8E%B7%E5%88%91&sa=fyb_news&rsv_dl=fyb_news', '2023-04-20 00:59:05', '2023-04-20 00:59:05', '2023-04-20 00:59:05', 2, NULL);
INSERT INTO `headline_news` VALUES ('d3267f97a1294386b8710be9f81520f3', '委员建议随迁子女就地入学', '', 'https://fyb-1.cdn.bcebos.com/fyb/de6163834f53ca92c1273fff98ac9078.jpeg', '百度', 'https://www.baidu.com/s?wd=%E5%A7%94%E5%91%98%E5%BB%BA%E8%AE%AE%E9%9A%8F%E8%BF%81%E5%AD%90%E5%A5%B3%E5%B0%B1%E5%9C%B0%E5%85%A5%E5%AD%A6&sa=fyb_news&rsv_dl=fyb_news', '2023-03-05 11:47:01', '2023-03-05 11:47:01', '2023-03-05 11:47:01', 2, NULL);
INSERT INTO `headline_news` VALUES ('d3786ec5b6f24136aec88a683b0013d6', '狂飙里的猪脚面是张颂文改的', '', 'https://fyb-1.cdn.bcebos.com/fyb/de6163834f53ca92c1273fff98ac9078.jpeg', '百度', 'https://www.baidu.com/s?wd=%E7%8B%82%E9%A3%99%E9%87%8C%E7%9A%84%E7%8C%AA%E8%84%9A%E9%9D%A2%E6%98%AF%E5%BC%A0%E9%A2%82%E6%96%87%E6%94%B9%E7%9A%84&sa=fyb_news&rsv_dl=fyb_news', '2023-02-23 14:13:01', '2023-02-23 14:13:01', '2023-02-23 14:13:01', 2, NULL);
INSERT INTO `headline_news` VALUES ('d3a88d42b9d049fb8632efa6a5475ecf', '兰考政法委原副书记被悬赏事件调查', '3月上旬，兰考政法委原副书记袁德朝被悬赏事件在网上引发关注，据悉袁因涉嫌严重违法，于2023年2月6日潜逃至今。', 'https://fyb-2.cdn.bcebos.com/hotboard_image/c866865ee67a439c2f470fa4db50ccbf', '百度', 'https://www.baidu.com/s?wd=%E5%85%B0%E8%80%83%E6%94%BF%E6%B3%95%E5%A7%94%E5%8E%9F%E5%89%AF%E4%B9%A6%E8%AE%B0%E8%A2%AB%E6%82%AC%E8%B5%8F%E4%BA%8B%E4%BB%B6%E8%B0%83%E6%9F%A5&sa=fyb_news&rsv_dl=fyb_news', '2023-03-26 10:30:02', '2023-03-26 10:30:02', '2023-03-26 10:30:02', 2, NULL);
INSERT INTO `headline_news` VALUES ('d41a8541f83d4643afcd0e7430cc748f', '电影《灌篮高手》官宣定档', '2月23日，电影《灌篮高手》官宣将于4月20日在全国上映。该片由原作者井上雄彦亲自执导，并担任编剧，日本上映后连续八周周末斩获票房冠军。', 'https://fyb-2.cdn.bcebos.com/hotboard_image/f62f1167f40406b9cea808e839f43dc9', '百度', 'https://www.baidu.com/s?wd=%E7%94%B5%E5%BD%B1%E3%80%8A%E7%81%8C%E7%AF%AE%E9%AB%98%E6%89%8B%E3%80%8B%E5%AE%98%E5%AE%A3%E5%AE%9A%E6%A1%A3&sa=fyb_news&rsv_dl=fyb_news', '2023-02-24 15:14:01', '2023-02-24 15:14:01', '2023-02-24 15:14:01', 2, NULL);
INSERT INTO `headline_news` VALUES ('d462e97cca144096b95fa0c034dfb056', '陈学冬车祸后报平安', '', 'https://fyb-1.cdn.bcebos.com/fyb/de6163834f53ca92c1273fff98ac9078.jpeg', '百度', 'https://www.baidu.com/s?wd=%E9%99%88%E5%AD%A6%E5%86%AC%E8%BD%A6%E7%A5%B8%E5%90%8E%E6%8A%A5%E5%B9%B3%E5%AE%89&sa=fyb_news&rsv_dl=fyb_news', '2023-02-24 15:47:01', '2023-02-24 15:47:01', '2023-02-24 15:47:01', 2, NULL);
INSERT INTO `headline_news` VALUES ('d483ecee36244987aeafaae7cba2fe3c', '下一波疫情高峰是否已在路上', '', 'https://fyb-1.cdn.bcebos.com/fyb/de6163834f53ca92c1273fff98ac9078.jpeg', '百度', 'https://www.baidu.com/s?wd=%E4%B8%8B%E4%B8%80%E6%B3%A2%E7%96%AB%E6%83%85%E9%AB%98%E5%B3%B0%E6%98%AF%E5%90%A6%E5%B7%B2%E5%9C%A8%E8%B7%AF%E4%B8%8A&sa=fyb_news&rsv_dl=fyb_news', '2023-04-23 07:32:03', '2023-04-23 07:32:03', '2023-04-23 07:32:03', 2, NULL);
INSERT INTO `headline_news` VALUES ('d4d1718358734536afcdac36ee4d20e5', '网传有银行每天交易限额5000元', '', 'https://fyb-1.cdn.bcebos.com/fyb/de6163834f53ca92c1273fff98ac9078.jpeg', '百度', 'https://www.baidu.com/s?wd=%E7%BD%91%E4%BC%A0%E6%9C%89%E9%93%B6%E8%A1%8C%E6%AF%8F%E5%A4%A9%E4%BA%A4%E6%98%93%E9%99%90%E9%A2%9D5000%E5%85%83&sa=fyb_news&rsv_dl=fyb_news', '2023-02-24 13:12:01', '2023-02-24 13:12:01', '2023-02-24 13:12:01', 2, NULL);
INSERT INTO `headline_news` VALUES ('d5558920fa0144eeb3587d2aa76a95b4', '女子称点外卖被骑手言语骚扰', '25日，四川成都一女子称点外卖被骑手言语骚扰。平台客服回应，拉黑骑手，骑手接单率下降会扣绩效。女子认为这种方式并没有对骑手有实质性处罚。', 'https://fyb-2.cdn.bcebos.com/hotboard_image/880afc321a2d62df9b7a7feab2b100a4', '百度', 'https://www.baidu.com/s?wd=%E5%A5%B3%E5%AD%90%E7%A7%B0%E7%82%B9%E5%A4%96%E5%8D%96%E8%A2%AB%E9%AA%91%E6%89%8B%E8%A8%80%E8%AF%AD%E9%AA%9A%E6%89%B0&sa=fyb_news&rsv_dl=fyb_news', '2023-03-26 12:04:01', '2023-03-26 12:04:01', '2023-03-26 12:04:01', 2, NULL);
INSERT INTO `headline_news` VALUES ('d5a0f57b1d994b808f55578b9a69d2bb', '大妈为拍照景区抓住海鸥喂麻花', '近日，山东青岛有网友发视频称，他去景区拍摄海鸥时，看到几位大妈为了拍照直接抓住海鸥，进行喂食，海鸥不怕人，但认为这种行为有点不文明。', 'https://fyb-2.cdn.bcebos.com/hotboard_image/9a8b8349f63991ce5f3c4288ec922de9', '百度', 'https://www.baidu.com/s?wd=%E5%A4%A7%E5%A6%88%E4%B8%BA%E6%8B%8D%E7%85%A7%E6%99%AF%E5%8C%BA%E6%8A%93%E4%BD%8F%E6%B5%B7%E9%B8%A5%E5%96%82%E9%BA%BB%E8%8A%B1&sa=fyb_news&rsv_dl=fyb_news', '2023-02-23 11:13:01', '2023-02-23 11:13:01', '2023-02-23 11:13:01', 2, NULL);
INSERT INTO `headline_news` VALUES ('d5b2c8cfe0e94f8da9c79148725e4b90', '菲总统会见秦刚：恪守一个中国政策', '', 'https://fyb-1.cdn.bcebos.com/fyb/de6163834f53ca92c1273fff98ac9078.jpeg', '百度', 'https://www.baidu.com/s?wd=%E8%8F%B2%E6%80%BB%E7%BB%9F%E4%BC%9A%E8%A7%81%E7%A7%A6%E5%88%9A%EF%BC%9A%E6%81%AA%E5%AE%88%E4%B8%80%E4%B8%AA%E4%B8%AD%E5%9B%BD%E6%94%BF%E7%AD%96&sa=fyb_news&rsv_dl=fyb_news', '2023-04-23 07:52:03', '2023-04-23 07:52:03', '2023-04-23 07:52:03', 2, NULL);
INSERT INTO `headline_news` VALUES ('d62eb0de6b7c482289feef7a8e685999', '代表建议给农民工上社保', '3月4日，全国人大代表、北京建工三建公司机电安装分公司水电队队长谭双剑建议，成立相关部门或社会组织，给农民工上社保，增加他们的归属感。', 'https://fyb-2.cdn.bcebos.com/hotboard_image/ad835a3e151673187c7b49b4e8343bc1', '百度', 'https://www.baidu.com/s?wd=%E4%BB%A3%E8%A1%A8%E5%BB%BA%E8%AE%AE%E7%BB%99%E5%86%9C%E6%B0%91%E5%B7%A5%E4%B8%8A%E7%A4%BE%E4%BF%9D&sa=fyb_news&rsv_dl=fyb_news', '2023-03-05 10:04:01', '2023-03-05 10:04:01', '2023-03-05 10:04:01', 2, NULL);
INSERT INTO `headline_news` VALUES ('d667ff11de934a37a917620965ba22c0', '俄方宣布：已发现“大批部队集结”', '据俄媒24日报道，俄罗斯国防部指出，目前发现乌军在德涅斯特河沿岸摩尔达维亚共和国边界附近集结大批部队和军事装备，同时出动大批无人机飞行。', 'https://fyb-2.cdn.bcebos.com/hotboard_image/b0e54978614fde715dbe1718400e8918', '百度', 'https://www.baidu.com/s?wd=%E4%BF%84%E6%96%B9%E5%AE%A3%E5%B8%83%EF%BC%9A%E5%B7%B2%E5%8F%91%E7%8E%B0%E2%80%9C%E5%A4%A7%E6%89%B9%E9%83%A8%E9%98%9F%E9%9B%86%E7%BB%93%E2%80%9D&sa=fyb_news&rsv_dl=fyb_news', '2023-02-25 13:23:01', '2023-02-25 13:23:01', '2023-02-25 13:23:01', 2, NULL);
INSERT INTO `headline_news` VALUES ('d675b14a71204d7d8e4fdb9c97f61ae4', '李佳琦进大学招美女主播 教室爆满', '2月24日，李佳琦现身浙江传媒学院，现场宣讲招聘主播，教室爆满，有学生一路尖叫不断。', 'https://fyb-2.cdn.bcebos.com/hotboard_image/9c37f841bad471ca339a71a3bbcb2387', '百度', 'https://www.baidu.com/s?wd=%E6%9D%8E%E4%BD%B3%E7%90%A6%E8%BF%9B%E5%A4%A7%E5%AD%A6%E6%8B%9B%E7%BE%8E%E5%A5%B3%E4%B8%BB%E6%92%AD+%E6%95%99%E5%AE%A4%E7%88%86%E6%BB%A1&sa=fyb_news&rsv_dl=fyb_news', '2023-02-25 13:23:01', '2023-02-25 13:23:01', '2023-02-25 13:23:01', 2, NULL);
INSERT INTO `headline_news` VALUES ('d6b3f8430a1348c5b4bbd7c95b1b1e4a', '95号汽油或将重回“7元时代”', '', 'https://fyb-1.cdn.bcebos.com/fyb/de6163834f53ca92c1273fff98ac9078.jpeg', '百度', 'https://www.baidu.com/s?wd=95%E5%8F%B7%E6%B1%BD%E6%B2%B9%E6%88%96%E5%B0%86%E9%87%8D%E5%9B%9E%E2%80%9C7%E5%85%83%E6%97%B6%E4%BB%A3%E2%80%9D&sa=fyb_news&rsv_dl=fyb_news', '2023-03-27 10:14:01', '2023-03-27 10:14:01', '2023-03-27 10:14:01', 2, NULL);
INSERT INTO `headline_news` VALUES ('d6c0d2186e7a4a459210e7a98b8d1254', '人民网：公示“色狼”处罚合法合情', '', 'https://fyb-1.cdn.bcebos.com/fyb/de6163834f53ca92c1273fff98ac9078.jpeg', '百度', 'https://www.baidu.com/s?wd=%E4%BA%BA%E6%B0%91%E7%BD%91%EF%BC%9A%E5%85%AC%E7%A4%BA%E2%80%9C%E8%89%B2%E7%8B%BC%E2%80%9D%E5%A4%84%E7%BD%9A%E5%90%88%E6%B3%95%E5%90%88%E6%83%85&sa=fyb_news&rsv_dl=fyb_news', '2023-04-20 12:27:23', '2023-04-20 12:27:23', '2023-04-20 12:27:23', 2, NULL);
INSERT INTO `headline_news` VALUES ('d6c6545fec4348b082991b405408cad3', '信用卡业务整顿力度加大', '', 'https://fyb-1.cdn.bcebos.com/fyb/de6163834f53ca92c1273fff98ac9078.jpeg', '百度', 'https://www.baidu.com/s?wd=%E4%BF%A1%E7%94%A8%E5%8D%A1%E4%B8%9A%E5%8A%A1%E6%95%B4%E9%A1%BF%E5%8A%9B%E5%BA%A6%E5%8A%A0%E5%A4%A7&sa=fyb_news&rsv_dl=fyb_news', '2023-02-24 13:11:01', '2023-02-24 13:11:01', '2023-02-24 13:11:01', 2, NULL);
INSERT INTO `headline_news` VALUES ('d6f233fbc0854910bf136eb260b4a8d1', '城管回应不让商铺门口开灯', '近日，天津有店主吐槽，创文期间不让商铺门口开灯。街道工作人员表示：这两天有检查，过几天就能开了。', 'https://fyb-2.cdn.bcebos.com/hotboard_image/c357f78740fbb749991254ae58506e6b', '百度', 'https://www.baidu.com/s?wd=%E5%9F%8E%E7%AE%A1%E5%9B%9E%E5%BA%94%E4%B8%8D%E8%AE%A9%E5%95%86%E9%93%BA%E9%97%A8%E5%8F%A3%E5%BC%80%E7%81%AF&sa=fyb_news&rsv_dl=fyb_news', '2023-03-26 12:29:01', '2023-03-26 12:29:01', '2023-03-26 12:29:01', 2, NULL);
INSERT INTO `headline_news` VALUES ('d6fdbaccde9d4beea746ac5bb0da0953', '男女朋友可借“连心贷”购房引热议', '近日，雄安新区首个商品房面世。农业银行雄县支行针对雄安购房者的商业贷款推出了“连心贷”。据了解，“连心贷”主要以未婚男女朋友作为共同还款人。', 'https://fyb-2.cdn.bcebos.com/hotboard_image/c1add75af6fc40f4ee78d52f6e1e627f', '百度', 'https://www.baidu.com/s?wd=%E7%94%B7%E5%A5%B3%E6%9C%8B%E5%8F%8B%E5%8F%AF%E5%80%9F%E2%80%9C%E8%BF%9E%E5%BF%83%E8%B4%B7%E2%80%9D%E8%B4%AD%E6%88%BF%E5%BC%95%E7%83%AD%E8%AE%AE&sa=fyb_news&rsv_dl=fyb_news', '2023-02-23 11:14:01', '2023-02-23 11:14:01', '2023-02-23 11:14:01', 2, NULL);
INSERT INTO `headline_news` VALUES ('d71a567f56b041038b88869ceaa75974', '专家号炒到上万 医院“内鬼”被查', '一段时间以来，南京各大医院不少专家号被“号贩子”垄断，几百元的专家号卖到上万。江苏省开展医院“号贩子”专项整治，已有19名医院“内鬼”被查。', 'https://fyb-2.cdn.bcebos.com/hotboard_image/40934e890d4a6eddb583820c152c9a7d', '百度', 'https://www.baidu.com/s?wd=%E4%B8%93%E5%AE%B6%E5%8F%B7%E7%82%92%E5%88%B0%E4%B8%8A%E4%B8%87+%E5%8C%BB%E9%99%A2%E2%80%9C%E5%86%85%E9%AC%BC%E2%80%9D%E8%A2%AB%E6%9F%A5&sa=fyb_news&rsv_dl=fyb_news', '2023-02-23 14:13:01', '2023-02-23 14:13:01', '2023-02-23 14:13:01', 2, NULL);
INSERT INTO `headline_news` VALUES ('d727c0f58063417f8e6fecac70e24b4f', '卫星视角下这些地方变美了', '', 'https://fyb-1.cdn.bcebos.com/fyb/de6163834f53ca92c1273fff98ac9078.jpeg', '百度', 'https://www.baidu.com/s?wd=%E5%8D%AB%E6%98%9F%E8%A7%86%E8%A7%92%E4%B8%8B%E8%BF%99%E4%BA%9B%E5%9C%B0%E6%96%B9%E5%8F%98%E7%BE%8E%E4%BA%86&sa=fyb_news&rsv_dl=fyb_news', '2023-04-23 12:37:10', '2023-04-23 12:37:10', '2023-04-23 12:37:10', 2, NULL);
INSERT INTO `headline_news` VALUES ('d765ceeff4c5469485554dce87a73ed7', '宝马MINI称两名女生不是公司员工', '', 'https://fyb-1.cdn.bcebos.com/fyb/de6163834f53ca92c1273fff98ac9078.jpeg', '百度', 'https://www.baidu.com/s?wd=%E5%AE%9D%E9%A9%ACMINI%E7%A7%B0%E4%B8%A4%E5%90%8D%E5%A5%B3%E7%94%9F%E4%B8%8D%E6%98%AF%E5%85%AC%E5%8F%B8%E5%91%98%E5%B7%A5&sa=fyb_news&rsv_dl=fyb_news', '2023-04-21 23:08:06', '2023-04-21 23:08:06', '2023-04-21 23:08:06', 2, NULL);
INSERT INTO `headline_news` VALUES ('d76967fd117a4e1fb4039e9429412246', '少上一天班，究竟“香不香”？', '对于“四天工作制”，工人日报评论：对不同国情的国家以及不同性质的企业来说，四天工作制究竟“香不香”，短时间内恐怕还难有定论。', 'https://fyb-2.cdn.bcebos.com/hotboard_image/9658dd61c3ce9bc597b732d0eea2221d', '百度', 'https://www.baidu.com/s?wd=%E5%B0%91%E4%B8%8A%E4%B8%80%E5%A4%A9%E7%8F%AD%EF%BC%8C%E7%A9%B6%E7%AB%9F%E2%80%9C%E9%A6%99%E4%B8%8D%E9%A6%99%E2%80%9D%EF%BC%9F&sa=fyb_news&rsv_dl=fyb_news', '2023-02-24 13:11:01', '2023-02-24 13:11:01', '2023-02-24 13:11:01', 2, NULL);
INSERT INTO `headline_news` VALUES ('d79d61b1c472434482b7929b13741bf5', '警方回应公开色狼姓名：合规', '', 'https://fyb-1.cdn.bcebos.com/fyb/de6163834f53ca92c1273fff98ac9078.jpeg', '百度', 'https://www.baidu.com/s?wd=%E8%AD%A6%E6%96%B9%E5%9B%9E%E5%BA%94%E5%85%AC%E5%BC%80%E8%89%B2%E7%8B%BC%E5%A7%93%E5%90%8D%EF%BC%9A%E5%90%88%E8%A7%84&sa=fyb_news&rsv_dl=fyb_news', '2023-04-20 19:36:07', '2023-04-20 19:36:07', '2023-04-20 19:36:07', 2, NULL);
INSERT INTO `headline_news` VALUES ('d7c9a6684be64a819bf70f2abd95cf18', '今天是“星期零”', '受“五一”调休影响，4月23日虽然是周日，但是仍旧是工作日。不少在岗的工作者开玩笑说今天是星期零，接下来还要上五天班。', 'https://fyb-2.cdn.bcebos.com/hotboard_image/4445df10e870e5072deea59b1bb92a76', '百度', 'https://www.baidu.com/s?wd=%E4%BB%8A%E5%A4%A9%E6%98%AF%E2%80%9C%E6%98%9F%E6%9C%9F%E9%9B%B6%E2%80%9D&sa=fyb_news&rsv_dl=fyb_news', '2023-04-23 14:34:09', '2023-04-23 14:34:09', '2023-04-23 14:34:09', 2, NULL);
INSERT INTO `headline_news` VALUES ('d85472e88d0547b0a4005c29717659fd', '网红车手张雷被曝车祸去世', '4月18日，网红圈又有噩耗传来，玩改装车的张雷，在一场比赛中车速过快，发生意外，当场死亡。', 'https://fyb-2.cdn.bcebos.com/hotboard_image/5b35bf9d614811703c37dc94e9577994', '百度', 'https://www.baidu.com/s?wd=%E7%BD%91%E7%BA%A2%E8%BD%A6%E6%89%8B%E5%BC%A0%E9%9B%B7%E8%A2%AB%E6%9B%9D%E8%BD%A6%E7%A5%B8%E5%8E%BB%E4%B8%96&sa=fyb_news&rsv_dl=fyb_news', '2023-04-20 00:59:05', '2023-04-20 00:59:05', '2023-04-20 00:59:05', 2, NULL);
INSERT INTO `headline_news` VALUES ('d8e7a410e89741128ff1bbd0dce6f05f', '暮春时节为何出现强冷空气?专家解读', '最近，一股强冷空气让全国大部分地区的朋友们短袖换棉衣。中央气象台首席预报员孙军表示，春天是冷暖空气交汇的季节，此时出现较强冷空气过程较为常见。', 'https://fyb-2.cdn.bcebos.com/hotboard_image/14970ae3bbd5aa8819a84ee3d65d082a', '百度', 'https://www.baidu.com/s?wd=%E6%9A%AE%E6%98%A5%E6%97%B6%E8%8A%82%E4%B8%BA%E4%BD%95%E5%87%BA%E7%8E%B0%E5%BC%BA%E5%86%B7%E7%A9%BA%E6%B0%94%3F%E4%B8%93%E5%AE%B6%E8%A7%A3%E8%AF%BB&sa=fyb_news&rsv_dl=fyb_news', '2023-04-22 23:00:12', '2023-04-22 23:00:12', '2023-04-22 23:00:12', 2, NULL);
INSERT INTO `headline_news` VALUES ('d97128071f2b46aaa952ae0f5827addd', '菲外长:美军不准在菲基地存涉台武器', '', 'https://fyb-1.cdn.bcebos.com/fyb/de6163834f53ca92c1273fff98ac9078.jpeg', '百度', 'https://www.baidu.com/s?wd=%E8%8F%B2%E5%A4%96%E9%95%BF%3A%E7%BE%8E%E5%86%9B%E4%B8%8D%E5%87%86%E5%9C%A8%E8%8F%B2%E5%9F%BA%E5%9C%B0%E5%AD%98%E6%B6%89%E5%8F%B0%E6%AD%A6%E5%99%A8&sa=fyb_news&rsv_dl=fyb_news', '2023-04-20 14:34:08', '2023-04-20 14:34:08', '2023-04-20 14:34:08', 2, NULL);
INSERT INTO `headline_news` VALUES ('d9b713790d6e4afcb58f8f4dfa9a625a', '书香满中国', '', 'https://fyb-1.cdn.bcebos.com/fyb/de6163834f53ca92c1273fff98ac9078.jpeg', '百度', 'https://www.baidu.com/s?wd=%E4%B9%A6%E9%A6%99%E6%BB%A1%E4%B8%AD%E5%9B%BD&sa=fyb_news&rsv_dl=fyb_news', '2023-04-23 12:37:10', '2023-04-23 12:37:10', '2023-04-23 12:37:10', 2, NULL);
INSERT INTO `headline_news` VALUES ('d9bf82c136f94c5e89fa3a97a15372a6', '宝马回应冰淇淋只给外国人：误会', '', 'https://fyb-1.cdn.bcebos.com/fyb/de6163834f53ca92c1273fff98ac9078.jpeg', '百度', 'https://www.baidu.com/s?wd=%E5%AE%9D%E9%A9%AC%E5%9B%9E%E5%BA%94%E5%86%B0%E6%B7%87%E6%B7%8B%E5%8F%AA%E7%BB%99%E5%A4%96%E5%9B%BD%E4%BA%BA%EF%BC%9A%E8%AF%AF%E4%BC%9A&sa=fyb_news&rsv_dl=fyb_news', '2023-04-20 12:48:17', '2023-04-20 12:48:17', '2023-04-20 12:48:17', 2, NULL);
INSERT INTO `headline_news` VALUES ('da05bc0d38c14abd90e977147287f731', '中国美院老师被指抄袭10年 校方回应', '近日，网曝中国美术学院油画系教师徐某某抄袭国外艺术家作品时间长达十年。21日，中国美术学院工作回应，目前正在进行核查。', 'https://fyb-2.cdn.bcebos.com/hotboard_image/98201da53cbc8d96a5526f82a7f79743', '百度', 'https://www.baidu.com/s?wd=%E4%B8%AD%E5%9B%BD%E7%BE%8E%E9%99%A2%E8%80%81%E5%B8%88%E8%A2%AB%E6%8C%87%E6%8A%84%E8%A2%AD10%E5%B9%B4+%E6%A0%A1%E6%96%B9%E5%9B%9E%E5%BA%94&sa=fyb_news&rsv_dl=fyb_news', '2023-04-21 19:05:05', '2023-04-21 19:05:05', '2023-04-21 19:05:05', 2, NULL);
INSERT INTO `headline_news` VALUES ('da0d3021a74645148ad19f259f785ee3', '温州拟发一次性生育补贴：3孩3千元', '近日，温州发布关于征求《温州市户籍人口一次性生育补贴发放办法》意见的公告，《办法》拟发一次性生育补贴，一至三孩家庭分别补一千至三千元。', 'https://fyb-2.cdn.bcebos.com/hotboard_image/2b4975dce4bb5bd1e8c5f723d5626dbe', '百度', 'https://www.baidu.com/s?wd=%E6%B8%A9%E5%B7%9E%E6%8B%9F%E5%8F%91%E4%B8%80%E6%AC%A1%E6%80%A7%E7%94%9F%E8%82%B2%E8%A1%A5%E8%B4%B4%EF%BC%9A3%E5%AD%A93%E5%8D%83%E5%85%83&sa=fyb_news&rsv_dl=fyb_news', '2023-02-23 14:19:01', '2023-02-23 14:19:01', '2023-02-23 14:19:01', 2, NULL);
INSERT INTO `headline_news` VALUES ('da80ea4a89c24a559e6fb22b8776c719', '上海通报公交车坠河:疑司机操作不当', '26日，上海一公交车滑入高虹路近七莘路河道内，驾驶员已被救出并送医救治，车内无其他乘客。经初步调查，疑似驾驶员操作不当导致车辆滑入河道。', 'https://fyb-2.cdn.bcebos.com/hotboard_image/9145c176f498b5c82c2c59e999981a1f', '百度', 'https://www.baidu.com/s?wd=%E4%B8%8A%E6%B5%B7%E9%80%9A%E6%8A%A5%E5%85%AC%E4%BA%A4%E8%BD%A6%E5%9D%A0%E6%B2%B3%3A%E7%96%91%E5%8F%B8%E6%9C%BA%E6%93%8D%E4%BD%9C%E4%B8%8D%E5%BD%93&sa=fyb_news&rsv_dl=fyb_news', '2023-03-26 22:15:01', '2023-03-26 22:15:01', '2023-03-26 22:15:01', 2, NULL);
INSERT INTO `headline_news` VALUES ('dac188e47f3f46d8ba47aa03bd4c32f5', '老人保护孙子砍伤闹事者检方撤诉获准', '海南7旬老人杨成杰在救孙时将对方砍伤，被判犯故意伤害罪。出狱后，杨成杰一直在为此事申诉，坚持自己无罪。19日，临高县人民法院裁定准许检方撤诉。', 'https://fyb-2.cdn.bcebos.com/hotboard_image/2ffc5d4254bf24b16ebd661a000eb2c8', '百度', 'https://www.baidu.com/s?wd=%E8%80%81%E4%BA%BA%E4%BF%9D%E6%8A%A4%E5%AD%99%E5%AD%90%E7%A0%8D%E4%BC%A4%E9%97%B9%E4%BA%8B%E8%80%85%E6%A3%80%E6%96%B9%E6%92%A4%E8%AF%89%E8%8E%B7%E5%87%86&sa=fyb_news&rsv_dl=fyb_news', '2023-04-20 08:59:10', '2023-04-20 08:59:10', '2023-04-20 08:59:10', 2, NULL);
INSERT INTO `headline_news` VALUES ('db76b40cd596444a846760839e3a7b6e', '中国6G通信技术研发取得重要突破', '近日，国内完成首次太赫兹轨道角动量的实时无线传输通信实验，最大限度提升了带宽利用率，为我国6G通信技术发展提供重要保障和支撑。', 'https://fyb-2.cdn.bcebos.com/hotboard_image/7192d36c916d614e9cefa3a58d4e6fcd', '百度', 'https://www.baidu.com/s?wd=%E4%B8%AD%E5%9B%BD6G%E9%80%9A%E4%BF%A1%E6%8A%80%E6%9C%AF%E7%A0%94%E5%8F%91%E5%8F%96%E5%BE%97%E9%87%8D%E8%A6%81%E7%AA%81%E7%A0%B4&sa=fyb_news&rsv_dl=fyb_news', '2023-04-20 00:59:05', '2023-04-20 00:59:05', '2023-04-20 00:59:05', 2, NULL);
INSERT INTO `headline_news` VALUES ('db7f2d3a5bdb474392e9e070c7b4a311', '美禁止多种日本食品进入？系误导', '近日，社交平台流传某泰国媒体报道，称“美国食药监局宣布出于日本核污染的原因，禁止乳制品等日本食品进入美国。”据查，此警示于21年9月停用。', 'https://fyb-2.cdn.bcebos.com/hotboard_image/87d839a73b865c59a3f8e05247f3392a', '百度', 'https://www.baidu.com/s?wd=%E7%BE%8E%E7%A6%81%E6%AD%A2%E5%A4%9A%E7%A7%8D%E6%97%A5%E6%9C%AC%E9%A3%9F%E5%93%81%E8%BF%9B%E5%85%A5%EF%BC%9F%E7%B3%BB%E8%AF%AF%E5%AF%BC&sa=fyb_news&rsv_dl=fyb_news', '2023-03-27 11:00:01', '2023-03-27 11:00:01', '2023-03-27 11:00:01', 2, NULL);
INSERT INTO `headline_news` VALUES ('db93df55c73b4c98b192aa252a6c8092', '涉性侵县长曾表示：要有家庭担当', '日前，有报道称，江西省赣州市安远县县长李秋平因涉嫌侵犯一位女干部，已被停职。几个月前，李秋平在一所初中思政课上还表示：要有家庭担当。', 'https://fyb-2.cdn.bcebos.com/hotboard_image/a4f3718678acab5b9acad95fe673470a', '百度', 'https://www.baidu.com/s?wd=%E6%B6%89%E6%80%A7%E4%BE%B5%E5%8E%BF%E9%95%BF%E6%9B%BE%E8%A1%A8%E7%A4%BA%EF%BC%9A%E8%A6%81%E6%9C%89%E5%AE%B6%E5%BA%AD%E6%8B%85%E5%BD%93&sa=fyb_news&rsv_dl=fyb_news', '2023-02-25 14:24:01', '2023-02-25 14:24:01', '2023-02-25 14:24:01', 2, NULL);
INSERT INTO `headline_news` VALUES ('dbc7c36f28c447ffbddaab0c4231486f', '骗子为骗钱竟造一整个派出所', '', 'https://fyb-1.cdn.bcebos.com/fyb/de6163834f53ca92c1273fff98ac9078.jpeg', '百度', 'https://www.baidu.com/s?wd=%E9%AA%97%E5%AD%90%E4%B8%BA%E9%AA%97%E9%92%B1%E7%AB%9F%E9%80%A0%E4%B8%80%E6%95%B4%E4%B8%AA%E6%B4%BE%E5%87%BA%E6%89%80&sa=fyb_news&rsv_dl=fyb_news', '2023-02-23 15:12:01', '2023-02-23 15:12:01', '2023-02-23 15:12:01', 2, NULL);
INSERT INTO `headline_news` VALUES ('dc9167c5674b43809d60e2e8103035d4', '美国78岁亿万富翁开枪自杀', '', 'https://fyb-1.cdn.bcebos.com/fyb/de6163834f53ca92c1273fff98ac9078.jpeg', '百度', 'https://www.baidu.com/s?wd=%E7%BE%8E%E5%9B%BD78%E5%B2%81%E4%BA%BF%E4%B8%87%E5%AF%8C%E7%BF%81%E5%BC%80%E6%9E%AA%E8%87%AA%E6%9D%80&sa=fyb_news&rsv_dl=fyb_news', '2023-02-25 13:23:01', '2023-02-25 13:23:01', '2023-02-25 13:23:01', 2, NULL);
INSERT INTO `headline_news` VALUES ('dcc0123d0fbc459492111a80d6d2d053', '爷爷颤颤巍巍去见孙子最后一面', '', 'https://fyb-1.cdn.bcebos.com/fyb/de6163834f53ca92c1273fff98ac9078.jpeg', '百度', 'https://www.baidu.com/s?wd=%E7%88%B7%E7%88%B7%E9%A2%A4%E9%A2%A4%E5%B7%8D%E5%B7%8D%E5%8E%BB%E8%A7%81%E5%AD%99%E5%AD%90%E6%9C%80%E5%90%8E%E4%B8%80%E9%9D%A2&sa=fyb_news&rsv_dl=fyb_news', '2023-02-23 15:34:01', '2023-02-23 15:34:01', '2023-02-23 15:34:01', 2, NULL);
INSERT INTO `headline_news` VALUES ('dd53422d99e8430c9e019d5f28d904d1', '男子嫌未盛满饭暴打食堂阿姨', '', 'https://fyb-1.cdn.bcebos.com/fyb/de6163834f53ca92c1273fff98ac9078.jpeg', '百度', 'https://www.baidu.com/s?wd=%E7%94%B7%E5%AD%90%E5%AB%8C%E6%9C%AA%E7%9B%9B%E6%BB%A1%E9%A5%AD%E6%9A%B4%E6%89%93%E9%A3%9F%E5%A0%82%E9%98%BF%E5%A7%A8&sa=fyb_news&rsv_dl=fyb_news', '2023-04-21 09:02:04', '2023-04-21 09:02:04', '2023-04-21 09:02:04', 2, NULL);
INSERT INTO `headline_news` VALUES ('de1c82c340e7442fbbe94a3a566c809d', '中国经济正处于强劲复苏阶段', '', 'https://fyb-1.cdn.bcebos.com/fyb/de6163834f53ca92c1273fff98ac9078.jpeg', '百度', 'https://www.baidu.com/s?wd=%E4%B8%AD%E5%9B%BD%E7%BB%8F%E6%B5%8E%E6%AD%A3%E5%A4%84%E4%BA%8E%E5%BC%BA%E5%8A%B2%E5%A4%8D%E8%8B%8F%E9%98%B6%E6%AE%B5&sa=fyb_news&rsv_dl=fyb_news', '2023-03-27 10:36:00', '2023-03-27 10:36:00', '2023-03-27 10:36:00', 2, NULL);
INSERT INTO `headline_news` VALUES ('de65409c394d4674b4f9905043e5265b', '金正恩视察朝鲜国家宇宙开发局', '据朝鲜中央广播电台19日报道，朝鲜国务委员会委员长金正恩前一天对朝鲜国家宇宙开发局进行现场指导，并指示如期发射“军事侦察卫星1号”。', 'https://fyb-2.cdn.bcebos.com/hotboard_image/196b7ffab739d4fbc7b10bb28eb82582', '百度', 'https://www.baidu.com/s?wd=%E9%87%91%E6%AD%A3%E6%81%A9%E8%A7%86%E5%AF%9F%E6%9C%9D%E9%B2%9C%E5%9B%BD%E5%AE%B6%E5%AE%87%E5%AE%99%E5%BC%80%E5%8F%91%E5%B1%80&sa=fyb_news&rsv_dl=fyb_news', '2023-04-20 05:59:06', '2023-04-20 05:59:06', '2023-04-20 05:59:06', 2, NULL);
INSERT INTO `headline_news` VALUES ('debb531c3b8f438298d8bf76f5c39f9c', '乌总统强忍泪水：过去1年很少见家人', '2月24日，俄乌战事一周年新闻发布会上，乌克兰总统泽连斯基在谈到家人时强忍泪水。当被问及过去一年最困难的时候表示，过去一年很少见到家人。', 'https://fyb-2.cdn.bcebos.com/hotboard_image/180af7025a9664a8596735c8ee552e21', '百度', 'https://www.baidu.com/s?wd=%E4%B9%8C%E6%80%BB%E7%BB%9F%E5%BC%BA%E5%BF%8D%E6%B3%AA%E6%B0%B4%EF%BC%9A%E8%BF%87%E5%8E%BB1%E5%B9%B4%E5%BE%88%E5%B0%91%E8%A7%81%E5%AE%B6%E4%BA%BA&sa=fyb_news&rsv_dl=fyb_news', '2023-02-25 13:23:01', '2023-02-25 13:23:01', '2023-02-25 13:23:01', 2, NULL);
INSERT INTO `headline_news` VALUES ('df5701f19c6a4fb3ad67f0650d51daa5', '媒体：鼓励生育先要缓解婚姻焦虑', '低生育率正在成为影响国内人口均衡发展的主要风险，化解这样的风险，不仅需要消除年轻人的生育恐惧，而且需要减轻他们的婚姻焦虑。', 'https://fyb-2.cdn.bcebos.com/hotboard_image/5d33f370235b2124017a6a7504b9f40a', '百度', 'https://www.baidu.com/s?wd=%E5%AA%92%E4%BD%93%EF%BC%9A%E9%BC%93%E5%8A%B1%E7%94%9F%E8%82%B2%E5%85%88%E8%A6%81%E7%BC%93%E8%A7%A3%E5%A9%9A%E5%A7%BB%E7%84%A6%E8%99%91&sa=fyb_news&rsv_dl=fyb_news', '2023-02-24 14:58:01', '2023-02-24 14:58:01', '2023-02-24 14:58:01', 2, NULL);
INSERT INTO `headline_news` VALUES ('e038e8d4ee6b4400b7d885f6bef3586a', '代表建议禁止向未成年提供网游服务', '长期以来，未成年人网游问题备受外界关注。对此，今年全国两会期间，全国人大代表李燕建议全面停止向未成年人提供网络游戏服务。', 'https://fyb-2.cdn.bcebos.com/hotboard_image/7c19615773b59fa519c4949eb95bc6fe', '百度', 'https://www.baidu.com/s?wd=%E4%BB%A3%E8%A1%A8%E5%BB%BA%E8%AE%AE%E7%A6%81%E6%AD%A2%E5%90%91%E6%9C%AA%E6%88%90%E5%B9%B4%E6%8F%90%E4%BE%9B%E7%BD%91%E6%B8%B8%E6%9C%8D%E5%8A%A1&sa=fyb_news&rsv_dl=fyb_news', '2023-03-05 10:04:01', '2023-03-05 10:04:01', '2023-03-05 10:04:01', 2, NULL);
INSERT INTO `headline_news` VALUES ('e07963604c9144b88b2d23929f0c503b', '关于政治解决乌克兰危机的中国立场', '外交部发布关于政治解决乌克兰危机的中国立场：尊重各国主权、摒弃冷战思维、停火止战、启动和谈、解决人道危机、保护平民和战俘、维护核电站安全等。', 'https://fyb-2.cdn.bcebos.com/hotboard_image/7bb2426ce9e50178b3d3c8664e26f52f', '百度', 'https://www.baidu.com/s?wd=%E5%85%B3%E4%BA%8E%E6%94%BF%E6%B2%BB%E8%A7%A3%E5%86%B3%E4%B9%8C%E5%85%8B%E5%85%B0%E5%8D%B1%E6%9C%BA%E7%9A%84%E4%B8%AD%E5%9B%BD%E7%AB%8B%E5%9C%BA&sa=fyb_news&rsv_dl=fyb_news', '2023-02-24 13:11:01', '2023-02-24 13:11:01', '2023-02-24 13:11:01', 2, NULL);
INSERT INTO `headline_news` VALUES ('e0cd81ebf4994ac2ba955fe0c141e2fa', '“老默我想吃鱼了”被抢注商标', '近期，因电视剧《狂飙》爆火，剧中一句“告诉老默，我想吃鱼了”成了网络热梗。天眼查App显示，“老默我想吃鱼了”和“想吃鱼了”商标均被抢注。', 'https://fyb-2.cdn.bcebos.com/hotboard_image/2eea662b5a62731d9b2c24844e00f102', '百度', 'https://www.baidu.com/s?wd=%E2%80%9C%E8%80%81%E9%BB%98%E6%88%91%E6%83%B3%E5%90%83%E9%B1%BC%E4%BA%86%E2%80%9D%E8%A2%AB%E6%8A%A2%E6%B3%A8%E5%95%86%E6%A0%87&sa=fyb_news&rsv_dl=fyb_news', '2023-02-24 13:11:01', '2023-02-24 13:11:01', '2023-02-24 13:11:01', 2, NULL);
INSERT INTO `headline_news` VALUES ('e0d05ecf7bfa434dab9687afb44ef901', '为何今年流感比往年同期都高？', '', 'https://fyb-1.cdn.bcebos.com/fyb/de6163834f53ca92c1273fff98ac9078.jpeg', '百度', 'https://www.baidu.com/s?wd=%E4%B8%BA%E4%BD%95%E4%BB%8A%E5%B9%B4%E6%B5%81%E6%84%9F%E6%AF%94%E5%BE%80%E5%B9%B4%E5%90%8C%E6%9C%9F%E9%83%BD%E9%AB%98%EF%BC%9F&sa=fyb_news&rsv_dl=fyb_news', '2023-03-05 15:35:01', '2023-03-05 15:35:01', '2023-03-05 15:35:01', 2, NULL);
INSERT INTO `headline_news` VALUES ('e0d39e95a8f34bafa9c5a4a9ebc0e593', '委员建议推广现代逻辑教育', '', 'https://fyb-1.cdn.bcebos.com/fyb/de6163834f53ca92c1273fff98ac9078.jpeg', '百度', 'https://www.baidu.com/s?wd=%E5%A7%94%E5%91%98%E5%BB%BA%E8%AE%AE%E6%8E%A8%E5%B9%BF%E7%8E%B0%E4%BB%A3%E9%80%BB%E8%BE%91%E6%95%99%E8%82%B2&sa=fyb_news&rsv_dl=fyb_news', '2023-03-05 15:19:01', '2023-03-05 15:19:01', '2023-03-05 15:19:01', 2, NULL);
INSERT INTO `headline_news` VALUES ('e0d98658aa054b448ad92c039900dbce', '再次“破碎”的苏丹', '', 'https://fyb-1.cdn.bcebos.com/fyb/de6163834f53ca92c1273fff98ac9078.jpeg', '百度', 'https://www.baidu.com/s?wd=%E5%86%8D%E6%AC%A1%E2%80%9C%E7%A0%B4%E7%A2%8E%E2%80%9D%E7%9A%84%E8%8B%8F%E4%B8%B9&sa=fyb_news&rsv_dl=fyb_news', '2023-04-21 00:34:02', '2023-04-21 00:34:02', '2023-04-21 00:34:02', 2, NULL);
INSERT INTO `headline_news` VALUES ('e0dfb884162947e9b246dd55e5941f16', '代表建议为女员工占比高的企业减税', '', 'https://fyb-1.cdn.bcebos.com/fyb/de6163834f53ca92c1273fff98ac9078.jpeg', '百度', 'https://www.baidu.com/s?wd=%E4%BB%A3%E8%A1%A8%E5%BB%BA%E8%AE%AE%E4%B8%BA%E5%A5%B3%E5%91%98%E5%B7%A5%E5%8D%A0%E6%AF%94%E9%AB%98%E7%9A%84%E4%BC%81%E4%B8%9A%E5%87%8F%E7%A8%8E&sa=fyb_news&rsv_dl=fyb_news', '2023-03-05 13:41:01', '2023-03-05 13:41:01', '2023-03-05 13:41:01', 2, NULL);
INSERT INTO `headline_news` VALUES ('e10e57ac3cc844c8ad860152a1c0c6c0', '伦纳德面部挫伤', '', 'https://fyb-1.cdn.bcebos.com/fyb/de6163834f53ca92c1273fff98ac9078.jpeg', '百度', 'https://www.baidu.com/s?wd=%E4%BC%A6%E7%BA%B3%E5%BE%B7%E9%9D%A2%E9%83%A8%E6%8C%AB%E4%BC%A4&sa=fyb_news&rsv_dl=fyb_news', '2023-03-26 17:56:01', '2023-03-26 17:56:01', '2023-03-26 17:56:01', 2, NULL);
INSERT INTO `headline_news` VALUES ('e1115b44543640a387086f1246116249', '夫妻嫌上班赚钱慢拍淫秽视频获刑', '', 'https://fyb-1.cdn.bcebos.com/fyb/de6163834f53ca92c1273fff98ac9078.jpeg', '百度', 'https://www.baidu.com/s?wd=%E5%A4%AB%E5%A6%BB%E5%AB%8C%E4%B8%8A%E7%8F%AD%E8%B5%9A%E9%92%B1%E6%85%A2%E6%8B%8D%E6%B7%AB%E7%A7%BD%E8%A7%86%E9%A2%91%E8%8E%B7%E5%88%91&sa=fyb_news&rsv_dl=fyb_news', '2023-04-21 09:44:04', '2023-04-21 09:44:04', '2023-04-21 09:44:04', 2, NULL);
INSERT INTO `headline_news` VALUES ('e11d026287cd4364b801c61972e0c73a', '日全环食现场：观测地陷入一片黑暗', '', 'https://fyb-1.cdn.bcebos.com/fyb/de6163834f53ca92c1273fff98ac9078.jpeg', '百度', 'https://www.baidu.com/s?wd=%E6%97%A5%E5%85%A8%E7%8E%AF%E9%A3%9F%E7%8E%B0%E5%9C%BA%EF%BC%9A%E8%A7%82%E6%B5%8B%E5%9C%B0%E9%99%B7%E5%85%A5%E4%B8%80%E7%89%87%E9%BB%91%E6%9A%97&sa=fyb_news&rsv_dl=fyb_news', '2023-04-20 14:52:11', '2023-04-20 14:52:11', '2023-04-20 14:52:11', 2, NULL);
INSERT INTO `headline_news` VALUES ('e120f84bab2142d2b4558f35ee25d188', '北京成立长峰医院火灾事故调查组', '根据《中华人民共和国安全生产法》《中华人民共和国消防法》等有关规定，北京市成立“4·18”火灾事故调查组，对长峰医院火灾事故原因进行调查。', 'https://fyb-2.cdn.bcebos.com/hotboard_image/7bb2426ce9e50178b3d3c8664e26f52f', '百度', 'https://www.baidu.com/s?wd=%E5%8C%97%E4%BA%AC%E6%88%90%E7%AB%8B%E9%95%BF%E5%B3%B0%E5%8C%BB%E9%99%A2%E7%81%AB%E7%81%BE%E4%BA%8B%E6%95%85%E8%B0%83%E6%9F%A5%E7%BB%84&sa=fyb_news&rsv_dl=fyb_news', '2023-04-21 07:50:04', '2023-04-21 07:50:04', '2023-04-21 07:50:04', 2, NULL);
INSERT INTO `headline_news` VALUES ('e13c800fd94b431bae894ed589bc0925', '国家疾控局回应XBB.1.16流行情况', '由于亚洲部分国家流行XBB.1.16，我国近期输入病例中XBB.1.16占比增加。本土病例中XBB.1.16仍维持极低水平，未形成传播优势。', 'https://fyb-2.cdn.bcebos.com/hotboard_image/6b610503ad1074eb613a56c4bff996e9', '百度', 'https://www.baidu.com/s?wd=%E5%9B%BD%E5%AE%B6%E7%96%BE%E6%8E%A7%E5%B1%80%E5%9B%9E%E5%BA%94XBB.1.16%E6%B5%81%E8%A1%8C%E6%83%85%E5%86%B5&sa=fyb_news&rsv_dl=fyb_news', '2023-04-21 08:45:03', '2023-04-21 08:45:03', '2023-04-21 08:45:03', 2, NULL);
INSERT INTO `headline_news` VALUES ('e1a339abe25f42c1938921e0fb7aea64', '女孩被拐26年回家父母已双亡', '', 'https://fyb-1.cdn.bcebos.com/fyb/de6163834f53ca92c1273fff98ac9078.jpeg', '百度', 'https://www.baidu.com/s?wd=%E5%A5%B3%E5%AD%A9%E8%A2%AB%E6%8B%9026%E5%B9%B4%E5%9B%9E%E5%AE%B6%E7%88%B6%E6%AF%8D%E5%B7%B2%E5%8F%8C%E4%BA%A1&sa=fyb_news&rsv_dl=fyb_news', '2023-04-22 20:25:03', '2023-04-22 20:25:03', '2023-04-22 20:25:03', 2, NULL);
INSERT INTO `headline_news` VALUES ('e1de657805ef48d68491d48fbd748c1c', '中纪委：破除金融精英论等错误思想', '23日，中央纪委国家监委网站发表《坚决打赢反腐败斗争攻坚战持久战》一文。其中，不乏“破除‘金融精英论’‘唯金钱论’‘西方看齐论’等错误思想。', 'https://fyb-2.cdn.bcebos.com/hotboard_image/83658cb18d2ee79a1c4de546edb2bb7d', '百度', 'https://www.baidu.com/s?wd=%E4%B8%AD%E7%BA%AA%E5%A7%94%EF%BC%9A%E7%A0%B4%E9%99%A4%E9%87%91%E8%9E%8D%E7%B2%BE%E8%8B%B1%E8%AE%BA%E7%AD%89%E9%94%99%E8%AF%AF%E6%80%9D%E6%83%B3&sa=fyb_news&rsv_dl=fyb_news', '2023-02-24 13:39:01', '2023-02-24 13:39:01', '2023-02-24 13:39:01', 2, NULL);
INSERT INTO `headline_news` VALUES ('e1fb00727fd547318cdf9dd5d775234a', '福建古田深夜地震预警为误报', '4月19日凌晨，福建大量网友手机弹窗地震预警，称福建古田发生4.2级地震。19日上午，成都一研究所致歉，表示福建古田深夜地震预警为误报。', 'https://fyb-2.cdn.bcebos.com/hotboard_image/0f9ccd14e9451d3b18c5558117ee1b6a', '百度', 'https://www.baidu.com/s?wd=%E7%A6%8F%E5%BB%BA%E5%8F%A4%E7%94%B0%E6%B7%B1%E5%A4%9C%E5%9C%B0%E9%9C%87%E9%A2%84%E8%AD%A6%E4%B8%BA%E8%AF%AF%E6%8A%A5&sa=fyb_news&rsv_dl=fyb_news', '2023-04-20 02:24:11', '2023-04-20 02:24:11', '2023-04-20 02:24:11', 2, NULL);
INSERT INTO `headline_news` VALUES ('e2656d48a90746b4a7fc8895e8c2bce8', '库克恐被踢出苹果董事会', '', 'https://fyb-1.cdn.bcebos.com/fyb/de6163834f53ca92c1273fff98ac9078.jpeg', '百度', 'https://www.baidu.com/s?wd=%E5%BA%93%E5%85%8B%E6%81%90%E8%A2%AB%E8%B8%A2%E5%87%BA%E8%8B%B9%E6%9E%9C%E8%91%A3%E4%BA%8B%E4%BC%9A&sa=fyb_news&rsv_dl=fyb_news', '2023-02-25 14:14:01', '2023-02-25 14:14:01', '2023-02-25 14:14:01', 2, NULL);
INSERT INTO `headline_news` VALUES ('e290a1fe43074f3d82d36c8f3a3d3e7e', '司法部迎女性一把手 曾查办魏民洲', '据悉，全国人民代表大会常务委员会决定任免的名单，免去唐一军的司法部部长职务；任命贺荣（女）为司法部部长，曾查办魏民洲等多起违纪案件。', 'https://fyb-2.cdn.bcebos.com/hotboard_image/8b29dc80a1eadf4faa64789603be0a9d', '百度', 'https://www.baidu.com/s?wd=%E5%8F%B8%E6%B3%95%E9%83%A8%E8%BF%8E%E5%A5%B3%E6%80%A7%E4%B8%80%E6%8A%8A%E6%89%8B+%E6%9B%BE%E6%9F%A5%E5%8A%9E%E9%AD%8F%E6%B0%91%E6%B4%B2&sa=fyb_news&rsv_dl=fyb_news', '2023-02-25 13:59:02', '2023-02-25 13:59:02', '2023-02-25 13:59:02', 2, NULL);
INSERT INTO `headline_news` VALUES ('e2d3f4f6efd74f419cee1fac6faac539', '美防长称希望中国防长安排通话', '据美媒报道，当地时间23日美国防长奥斯汀接受采访时表示，自己和中国国务委员兼国防部长魏凤和数月没有通话，他对此称“希望魏部长安排通话”。', 'https://fyb-2.cdn.bcebos.com/hotboard_image/ab4ae03c5fbd33b20fb57976745d0282', '百度', 'https://www.baidu.com/s?wd=%E7%BE%8E%E9%98%B2%E9%95%BF%E7%A7%B0%E5%B8%8C%E6%9C%9B%E4%B8%AD%E5%9B%BD%E9%98%B2%E9%95%BF%E5%AE%89%E6%8E%92%E9%80%9A%E8%AF%9D&sa=fyb_news&rsv_dl=fyb_news', '2023-02-25 14:06:01', '2023-02-25 14:06:01', '2023-02-25 14:06:01', 2, NULL);
INSERT INTO `headline_news` VALUES ('e2fc6bf0964448a0961d5589a48601c1', '丫丫爬树了', '近期，旅美大熊猫丫丫的情况引发社会高度关注。记者在近日的直播中看到，“丫丫”爬树了。', 'https://fyb-2.cdn.bcebos.com/hotboard_image/362a76a3d55c9b582bd73429b9b4bd18', '百度', 'https://www.baidu.com/s?wd=%E4%B8%AB%E4%B8%AB%E7%88%AC%E6%A0%91%E4%BA%86&sa=fyb_news&rsv_dl=fyb_news', '2023-03-26 21:38:00', '2023-03-26 21:38:00', '2023-03-26 21:38:00', 2, NULL);
INSERT INTO `headline_news` VALUES ('e31bf0f4e05a4c2ba4dd06951442cf2d', '揪出网暴幕后黑手到底有多难？', '杭州“粉发女孩”遭遇网暴离世，然而网暴作为一种现象，界定取证维权皆不易。揪出网暴幕后黑手到底有多难？', 'https://fyb-2.cdn.bcebos.com/hotboard_image/e7d2eeb6cfd031118425b5a025146c13', '百度', 'https://www.baidu.com/s?wd=%E6%8F%AA%E5%87%BA%E7%BD%91%E6%9A%B4%E5%B9%95%E5%90%8E%E9%BB%91%E6%89%8B%E5%88%B0%E5%BA%95%E6%9C%89%E5%A4%9A%E9%9A%BE%EF%BC%9F&sa=fyb_news&rsv_dl=fyb_news', '2023-02-23 14:13:01', '2023-02-23 14:13:01', '2023-02-23 14:13:01', 2, NULL);
INSERT INTO `headline_news` VALUES ('e34d7024341448e8bcf6e8c5fc157ed3', '五一假期热门城市出炉', '', 'https://fyb-1.cdn.bcebos.com/fyb/de6163834f53ca92c1273fff98ac9078.jpeg', '百度', 'https://www.baidu.com/s?wd=%E4%BA%94%E4%B8%80%E5%81%87%E6%9C%9F%E7%83%AD%E9%97%A8%E5%9F%8E%E5%B8%82%E5%87%BA%E7%82%89&sa=fyb_news&rsv_dl=fyb_news', '2023-04-20 18:55:04', '2023-04-20 18:55:04', '2023-04-20 18:55:04', 2, NULL);
INSERT INTO `headline_news` VALUES ('e3b89ddeaad34b70b644427cec0461a4', '蔡雪桐第3次拿下世锦赛冠军', '', 'https://fyb-1.cdn.bcebos.com/fyb/de6163834f53ca92c1273fff98ac9078.jpeg', '百度', 'https://www.baidu.com/s?wd=%E8%94%A1%E9%9B%AA%E6%A1%90%E7%AC%AC3%E6%AC%A1%E6%8B%BF%E4%B8%8B%E4%B8%96%E9%94%A6%E8%B5%9B%E5%86%A0%E5%86%9B&sa=fyb_news&rsv_dl=fyb_news', '2023-03-04 22:15:01', '2023-03-04 22:15:01', '2023-03-04 22:15:01', 2, NULL);
INSERT INTO `headline_news` VALUES ('e4120756b3634fb0a4dbdcaca0e8810f', '王曼昱退出选拔赛', '', 'https://fyb-1.cdn.bcebos.com/fyb/de6163834f53ca92c1273fff98ac9078.jpeg', '百度', 'https://www.baidu.com/s?wd=%E7%8E%8B%E6%9B%BC%E6%98%B1%E9%80%80%E5%87%BA%E9%80%89%E6%8B%94%E8%B5%9B&sa=fyb_news&rsv_dl=fyb_news', '2023-03-26 22:15:01', '2023-03-26 22:15:01', '2023-03-26 22:15:01', 2, NULL);
INSERT INTO `headline_news` VALUES ('e4240a542fa94aefa10cc6bc63221a59', '官方披露全国已有6亿栋房屋', '据报道，由住建系统承担的房屋建筑和市政设施普查，涉及全国6.6亿栋城乡房屋建筑。其中，农村房屋量大面广，以栋数计占城乡房屋建筑总量90%以上。', 'https://fyb-2.cdn.bcebos.com/hotboard_image/de0cb96fa442aa3b080a08245bb26aa1', '百度', 'https://www.baidu.com/s?wd=%E5%AE%98%E6%96%B9%E6%8A%AB%E9%9C%B2%E5%85%A8%E5%9B%BD%E5%B7%B2%E6%9C%896%E4%BA%BF%E6%A0%8B%E6%88%BF%E5%B1%8B&sa=fyb_news&rsv_dl=fyb_news', '2023-02-24 13:11:01', '2023-02-24 13:11:01', '2023-02-24 13:11:01', 2, NULL);
INSERT INTO `headline_news` VALUES ('e42f34b86f9d498eb8d137213ef6097f', '我国5G用户超过5.75亿', '', 'https://fyb-1.cdn.bcebos.com/fyb/de6163834f53ca92c1273fff98ac9078.jpeg', '百度', 'https://www.baidu.com/s?wd=%E6%88%91%E5%9B%BD5G%E7%94%A8%E6%88%B7%E8%B6%85%E8%BF%875.75%E4%BA%BF&sa=fyb_news&rsv_dl=fyb_news', '2023-03-05 11:46:01', '2023-03-05 11:46:01', '2023-03-05 11:46:01', 2, NULL);
INSERT INTO `headline_news` VALUES ('e4596fdedef148ef86286911902e2ee3', '印度男子性骚扰韩国女游客', '', 'https://fyb-1.cdn.bcebos.com/fyb/de6163834f53ca92c1273fff98ac9078.jpeg', '百度', 'https://www.baidu.com/s?wd=%E5%8D%B0%E5%BA%A6%E7%94%B7%E5%AD%90%E6%80%A7%E9%AA%9A%E6%89%B0%E9%9F%A9%E5%9B%BD%E5%A5%B3%E6%B8%B8%E5%AE%A2&sa=fyb_news&rsv_dl=fyb_news', '2023-04-22 12:45:02', '2023-04-22 12:45:02', '2023-04-22 12:45:02', 2, NULL);
INSERT INTO `headline_news` VALUES ('e4f39e25c493481bb5e52f037e2f1ad6', '夏南屿携新歌空降好声音', '', 'https://fyb-1.cdn.bcebos.com/fyb/de6163834f53ca92c1273fff98ac9078.jpeg', '百度', 'https://www.baidu.com/s?wd=%E5%A4%8F%E5%8D%97%E5%B1%BF%E6%90%BA%E6%96%B0%E6%AD%8C%E7%A9%BA%E9%99%8D%E5%A5%BD%E5%A3%B0%E9%9F%B3&sa=fyb_news&rsv_dl=fyb_news', '2023-04-21 17:03:05', '2023-04-21 17:03:05', '2023-04-21 17:03:05', 2, NULL);
INSERT INTO `headline_news` VALUES ('e5011b02b02c4c1b80aa863c3f51d9a6', '日首相向靖国神社供奉祭品 中方回应', '', 'https://fyb-1.cdn.bcebos.com/fyb/de6163834f53ca92c1273fff98ac9078.jpeg', '百度', 'https://www.baidu.com/s?wd=%E6%97%A5%E9%A6%96%E7%9B%B8%E5%90%91%E9%9D%96%E5%9B%BD%E7%A5%9E%E7%A4%BE%E4%BE%9B%E5%A5%89%E7%A5%AD%E5%93%81+%E4%B8%AD%E6%96%B9%E5%9B%9E%E5%BA%94&sa=fyb_news&rsv_dl=fyb_news', '2023-04-21 15:51:08', '2023-04-21 15:51:08', '2023-04-21 15:51:08', 2, NULL);
INSERT INTO `headline_news` VALUES ('e50c7f895a0e46b988570e62bfaa53a6', '长峰医院火灾亲历者：消防车被卡住', '4月18日中午，北京长峰医院住院部东楼突发大火，已29人死亡。火灾亲历者描述称：“我抱着孩子爬上空调外机，消防车被一根横梁卡住了，耽误了点时间。”', 'https://fyb-2.cdn.bcebos.com/hotboard_image/e85af1cf5e6c26242e2648ea0edb4305', '百度', 'https://www.baidu.com/s?wd=%E9%95%BF%E5%B3%B0%E5%8C%BB%E9%99%A2%E7%81%AB%E7%81%BE%E4%BA%B2%E5%8E%86%E8%80%85%EF%BC%9A%E6%B6%88%E9%98%B2%E8%BD%A6%E8%A2%AB%E5%8D%A1%E4%BD%8F&sa=fyb_news&rsv_dl=fyb_news', '2023-04-20 00:59:06', '2023-04-20 00:59:06', '2023-04-20 00:59:06', 2, NULL);
INSERT INTO `headline_news` VALUES ('e50d347b407843e79553a636cda95c23', '华春莹发推：182vs13', '3月26日，中国同洪都拉斯正式建交。中国外交部部长助理华春莹随后在推特上发文称，“182vs13：这是全球民心所向，也是历史大势所趋”。', 'https://fyb-2.cdn.bcebos.com/hotboard_image/8182b355850b7a8519ce6051e44116da', '百度', 'https://www.baidu.com/s?wd=%E5%8D%8E%E6%98%A5%E8%8E%B9%E5%8F%91%E6%8E%A8%EF%BC%9A182vs13&sa=fyb_news&rsv_dl=fyb_news', '2023-03-26 17:52:01', '2023-03-26 17:52:01', '2023-03-26 17:52:01', 2, NULL);
INSERT INTO `headline_news` VALUES ('e53f0af997b748a9b437fa209f189f89', '宝马mini车展冰激凌最低35元一杯', '', 'https://fyb-1.cdn.bcebos.com/fyb/de6163834f53ca92c1273fff98ac9078.jpeg', '百度', 'https://www.baidu.com/s?wd=%E5%AE%9D%E9%A9%ACmini%E8%BD%A6%E5%B1%95%E5%86%B0%E6%BF%80%E5%87%8C%E6%9C%80%E4%BD%8E35%E5%85%83%E4%B8%80%E6%9D%AF&sa=fyb_news&rsv_dl=fyb_news', '2023-04-20 13:59:04', '2023-04-20 13:59:04', '2023-04-20 13:59:04', 2, NULL);
INSERT INTO `headline_news` VALUES ('e55f99eb8bc8485aa0bf65ea2dd5089c', '杉杉股份“豪门宫斗” 上交所发函', '3月26日，上交所向杉杉股份下发监管工作函，督促公司及相关方妥善处理有关事项、保障上市公司经营稳定和规范运作。', 'https://fyb-2.cdn.bcebos.com/hotboard_image/9c073a5e3e49a3e763c8e903a620e08c', '百度', 'https://www.baidu.com/s?wd=%E6%9D%89%E6%9D%89%E8%82%A1%E4%BB%BD%E2%80%9C%E8%B1%AA%E9%97%A8%E5%AE%AB%E6%96%97%E2%80%9D+%E4%B8%8A%E4%BA%A4%E6%89%80%E5%8F%91%E5%87%BD&sa=fyb_news&rsv_dl=fyb_news', '2023-03-26 13:41:01', '2023-03-26 13:41:01', '2023-03-26 13:41:01', 2, NULL);
INSERT INTO `headline_news` VALUES ('e5715cb093be447c9132b36d7cacd01a', '农村也出现恐婚恐育群体', '', 'https://fyb-1.cdn.bcebos.com/fyb/de6163834f53ca92c1273fff98ac9078.jpeg', '百度', 'https://www.baidu.com/s?wd=%E5%86%9C%E6%9D%91%E4%B9%9F%E5%87%BA%E7%8E%B0%E6%81%90%E5%A9%9A%E6%81%90%E8%82%B2%E7%BE%A4%E4%BD%93&sa=fyb_news&rsv_dl=fyb_news', '2023-02-24 14:30:01', '2023-02-24 14:30:01', '2023-02-24 14:30:01', 2, NULL);
INSERT INTO `headline_news` VALUES ('e5a197252d024214a9f610c3a69e0a12', '女子宝马mini展台前直播时被架走', '', 'https://fyb-1.cdn.bcebos.com/fyb/de6163834f53ca92c1273fff98ac9078.jpeg', '百度', 'https://www.baidu.com/s?wd=%E5%A5%B3%E5%AD%90%E5%AE%9D%E9%A9%ACmini%E5%B1%95%E5%8F%B0%E5%89%8D%E7%9B%B4%E6%92%AD%E6%97%B6%E8%A2%AB%E6%9E%B6%E8%B5%B0&sa=fyb_news&rsv_dl=fyb_news', '2023-04-20 18:12:13', '2023-04-20 18:12:13', '2023-04-20 18:12:13', 2, NULL);
INSERT INTO `headline_news` VALUES ('e5d115fbb8b646af9256265b165aad1e', '警方通报山科大伤人案：1死6伤', '', 'https://fyb-1.cdn.bcebos.com/fyb/de6163834f53ca92c1273fff98ac9078.jpeg', '百度', 'https://www.baidu.com/s?wd=%E8%AD%A6%E6%96%B9%E9%80%9A%E6%8A%A5%E5%B1%B1%E7%A7%91%E5%A4%A7%E4%BC%A4%E4%BA%BA%E6%A1%88%EF%BC%9A1%E6%AD%BB6%E4%BC%A4&sa=fyb_news&rsv_dl=fyb_news', '2023-04-20 00:59:05', '2023-04-20 00:59:05', '2023-04-20 00:59:05', 2, NULL);
INSERT INTO `headline_news` VALUES ('e5e35dddb78a4024a11f0f78b92f524a', '这地将用数字人民币发工资 咋回事？', '4月21日，一则常熟市在编公务员实行工资全额数字人民币发放的消息引起市场广泛关注，据记者查证为真实消息，拟5月推行。', 'https://fyb-2.cdn.bcebos.com/hotboard_image/4963d47cef78353428539a3017f79d5c', '百度', 'https://www.baidu.com/s?wd=%E8%BF%99%E5%9C%B0%E5%B0%86%E7%94%A8%E6%95%B0%E5%AD%97%E4%BA%BA%E6%B0%91%E5%B8%81%E5%8F%91%E5%B7%A5%E8%B5%84+%E5%92%8B%E5%9B%9E%E4%BA%8B%EF%BC%9F&sa=fyb_news&rsv_dl=fyb_news', '2023-04-22 16:13:20', '2023-04-22 16:13:20', '2023-04-22 16:13:20', 2, NULL);
INSERT INTO `headline_news` VALUES ('e65ece8edb2f418d9acd92c980a28f40', '梅姨案被拐儿童家长再赴广州寻子', '', 'https://fyb-1.cdn.bcebos.com/fyb/de6163834f53ca92c1273fff98ac9078.jpeg', '百度', 'https://www.baidu.com/s?wd=%E6%A2%85%E5%A7%A8%E6%A1%88%E8%A2%AB%E6%8B%90%E5%84%BF%E7%AB%A5%E5%AE%B6%E9%95%BF%E5%86%8D%E8%B5%B4%E5%B9%BF%E5%B7%9E%E5%AF%BB%E5%AD%90&sa=fyb_news&rsv_dl=fyb_news', '2023-04-22 16:03:06', '2023-04-22 16:03:06', '2023-04-22 16:03:06', 2, NULL);
INSERT INTO `headline_news` VALUES ('e6672c173ddf437baaf97a6e715e4096', '灌篮高手周边卖断货', '', 'https://fyb-1.cdn.bcebos.com/fyb/de6163834f53ca92c1273fff98ac9078.jpeg', '百度', 'https://www.baidu.com/s?wd=%E7%81%8C%E7%AF%AE%E9%AB%98%E6%89%8B%E5%91%A8%E8%BE%B9%E5%8D%96%E6%96%AD%E8%B4%A7&sa=fyb_news&rsv_dl=fyb_news', '2023-04-20 15:29:06', '2023-04-20 15:29:06', '2023-04-20 15:29:06', 2, NULL);
INSERT INTO `headline_news` VALUES ('e69809b18db04419a083a3ff50b497d2', '第8师团长坂本雄一确认死亡', '据日本媒体报道，关于4月早些时候发生的陆上自卫队直升机事故，陆上自卫队21日发布消息，当时乘坐该直升机的第8师团长坂本雄一已被确认死亡。', 'https://fyb-2.cdn.bcebos.com/hotboard_image/5d59240f30d79f8744c0bc0220e16a01', '百度', 'https://www.baidu.com/s?wd=%E7%AC%AC8%E5%B8%88%E5%9B%A2%E9%95%BF%E5%9D%82%E6%9C%AC%E9%9B%84%E4%B8%80%E7%A1%AE%E8%AE%A4%E6%AD%BB%E4%BA%A1&sa=fyb_news&rsv_dl=fyb_news', '2023-04-22 09:28:09', '2023-04-22 09:28:09', '2023-04-22 09:28:09', 2, NULL);
INSERT INTO `headline_news` VALUES ('e6b3eb2c060d409bbc6b49002fbaa738', '女子吃600颗增发药致肝损伤', '', 'https://fyb-1.cdn.bcebos.com/fyb/de6163834f53ca92c1273fff98ac9078.jpeg', '百度', 'https://www.baidu.com/s?wd=%E5%A5%B3%E5%AD%90%E5%90%83600%E9%A2%97%E5%A2%9E%E5%8F%91%E8%8D%AF%E8%87%B4%E8%82%9D%E6%8D%9F%E4%BC%A4&sa=fyb_news&rsv_dl=fyb_news', '2023-03-26 17:52:01', '2023-03-26 17:52:01', '2023-03-26 17:52:01', 2, NULL);
INSERT INTO `headline_news` VALUES ('e730dcba49634a60a85e90eadde65fb4', '超8成图书被已婚人群买走', '', 'https://fyb-1.cdn.bcebos.com/fyb/de6163834f53ca92c1273fff98ac9078.jpeg', '百度', 'https://www.baidu.com/s?wd=%E8%B6%858%E6%88%90%E5%9B%BE%E4%B9%A6%E8%A2%AB%E5%B7%B2%E5%A9%9A%E4%BA%BA%E7%BE%A4%E4%B9%B0%E8%B5%B0&sa=fyb_news&rsv_dl=fyb_news', '2023-04-23 08:57:15', '2023-04-23 08:57:15', '2023-04-23 08:57:15', 2, NULL);
INSERT INTO `headline_news` VALUES ('e756f5c6b58343618804347629649a5f', '马斯克：星舰两个月内可再发射', '美国当地时间4月21日，太空探索技术公司创始人马斯克发文称，看起来SpaceX可以在1-2个月内准备再次发射“星舰”。', 'https://fyb-2.cdn.bcebos.com/hotboard_image/7ac143f3e7c0201c43bed25796c240a3', '百度', 'https://www.baidu.com/s?wd=%E9%A9%AC%E6%96%AF%E5%85%8B%EF%BC%9A%E6%98%9F%E8%88%B0%E4%B8%A4%E4%B8%AA%E6%9C%88%E5%86%85%E5%8F%AF%E5%86%8D%E5%8F%91%E5%B0%84&sa=fyb_news&rsv_dl=fyb_news', '2023-04-22 21:20:13', '2023-04-22 21:20:13', '2023-04-22 21:20:13', 2, NULL);
INSERT INTO `headline_news` VALUES ('e7690dc162b840beb83ea4b139765f63', '全明星扣篮大赛：大学生杨浩夺冠', '3月26日，2023CBA全明星扣篮大赛决赛中，杨浩两轮共计得到100分，夺得扣篮大赛冠军。', 'https://fyb-2.cdn.bcebos.com/hotboard_image/bc3e66128325709927d84db05ac9765d', '百度', 'https://www.baidu.com/s?wd=%E5%85%A8%E6%98%8E%E6%98%9F%E6%89%A3%E7%AF%AE%E5%A4%A7%E8%B5%9B%EF%BC%9A%E5%A4%A7%E5%AD%A6%E7%94%9F%E6%9D%A8%E6%B5%A9%E5%A4%BA%E5%86%A0&sa=fyb_news&rsv_dl=fyb_news', '2023-03-27 10:49:00', '2023-03-27 10:49:00', '2023-03-27 10:49:00', 2, NULL);
INSERT INTO `headline_news` VALUES ('e778f6d49eb1462daccc9b95a0b7de3c', '泽连斯基“当面”提醒北约', '', 'https://fyb-1.cdn.bcebos.com/fyb/de6163834f53ca92c1273fff98ac9078.jpeg', '百度', 'https://www.baidu.com/s?wd=%E6%B3%BD%E8%BF%9E%E6%96%AF%E5%9F%BA%E2%80%9C%E5%BD%93%E9%9D%A2%E2%80%9D%E6%8F%90%E9%86%92%E5%8C%97%E7%BA%A6&sa=fyb_news&rsv_dl=fyb_news', '2023-04-21 07:43:09', '2023-04-21 07:43:09', '2023-04-21 07:43:09', 2, NULL);
INSERT INTO `headline_news` VALUES ('e7aefd6817b14fa5bbc70c09ee64b4ad', '高校辟谣女生被3名黑人性侵', '据媒体报道，近日，有网友发视频称，云南工商学院有女生遭3名黑人性侵。4月20日，云南工商学院一工作人员表示，此事系造谣，已经报警处理。', 'https://fyb-2.cdn.bcebos.com/hotboard_image/e09df0679af07815ca8def27cd405764', '百度', 'https://www.baidu.com/s?wd=%E9%AB%98%E6%A0%A1%E8%BE%9F%E8%B0%A3%E5%A5%B3%E7%94%9F%E8%A2%AB3%E5%90%8D%E9%BB%91%E4%BA%BA%E6%80%A7%E4%BE%B5&sa=fyb_news&rsv_dl=fyb_news', '2023-04-20 20:48:02', '2023-04-20 20:48:02', '2023-04-20 20:48:02', 2, NULL);
INSERT INTO `headline_news` VALUES ('e7f20f083d4144bab8e3c7f6952d9e7c', '五一国内游预订全线超越2019年', '', 'https://fyb-1.cdn.bcebos.com/fyb/de6163834f53ca92c1273fff98ac9078.jpeg', '百度', 'https://www.baidu.com/s?wd=%E4%BA%94%E4%B8%80%E5%9B%BD%E5%86%85%E6%B8%B8%E9%A2%84%E8%AE%A2%E5%85%A8%E7%BA%BF%E8%B6%85%E8%B6%8A2019%E5%B9%B4&sa=fyb_news&rsv_dl=fyb_news', '2023-04-21 11:43:12', '2023-04-21 11:43:12', '2023-04-21 11:43:12', 2, NULL);
INSERT INTO `headline_news` VALUES ('e827a23fbeb64c2f855d75a63c5fd404', '北大韦神出题 初二学生给出标准答案', '近日，北京大学北京国际数学研究中心推出一道数学题，获得了数学爱好者广泛关注。出题的是北京大学数学科学学院研究员韦东奕，初二学生给出标准答案。', 'https://fyb-2.cdn.bcebos.com/hotboard_image/7af22394f074d78be8aa6264ce72446f', '百度', 'https://www.baidu.com/s?wd=%E5%8C%97%E5%A4%A7%E9%9F%A6%E7%A5%9E%E5%87%BA%E9%A2%98+%E5%88%9D%E4%BA%8C%E5%AD%A6%E7%94%9F%E7%BB%99%E5%87%BA%E6%A0%87%E5%87%86%E7%AD%94%E6%A1%88&sa=fyb_news&rsv_dl=fyb_news', '2023-03-26 21:34:00', '2023-03-26 21:34:00', '2023-03-26 21:34:00', 2, NULL);
INSERT INTO `headline_news` VALUES ('e8d2df50d2c6487a8170ed2f6e40f84b', '空姐注射玻尿酸打进血管险丧命', '', 'https://fyb-1.cdn.bcebos.com/fyb/de6163834f53ca92c1273fff98ac9078.jpeg', '百度', 'https://www.baidu.com/s?wd=%E7%A9%BA%E5%A7%90%E6%B3%A8%E5%B0%84%E7%8E%BB%E5%B0%BF%E9%85%B8%E6%89%93%E8%BF%9B%E8%A1%80%E7%AE%A1%E9%99%A9%E4%B8%A7%E5%91%BD&sa=fyb_news&rsv_dl=fyb_news', '2023-03-27 10:14:01', '2023-03-27 10:14:01', '2023-03-27 10:14:01', 2, NULL);
INSERT INTO `headline_news` VALUES ('e8dc4bd832994b4ab236d997250e1712', '官方发文示警：这家银行是假的', '银保监会发布风险提示，个别网站发布“中国时间银行上市”等虚假信息，且有名为“时间银行”的移动应用程序（APP）以公益养老为名目开展投资活动。', 'https://fyb-2.cdn.bcebos.com/hotboard_image/948a8e7192db12c5118fd71336973fc5', '百度', 'https://www.baidu.com/s?wd=%E5%AE%98%E6%96%B9%E5%8F%91%E6%96%87%E7%A4%BA%E8%AD%A6%EF%BC%9A%E8%BF%99%E5%AE%B6%E9%93%B6%E8%A1%8C%E6%98%AF%E5%81%87%E7%9A%84&sa=fyb_news&rsv_dl=fyb_news', '2023-04-20 14:14:05', '2023-04-20 14:14:05', '2023-04-20 14:14:05', 2, NULL);
INSERT INTO `headline_news` VALUES ('e9078d88cfcf4674be50b5dfacc9fbe6', '女生戴假发进入男浴室偷拍?官方回应', '3月27日，有网友称，上海徐汇中学一女生戴假发进入男浴室偷拍。对此，徐汇区教育局表示，该中学无男浴室，正在调查。', 'https://fyb-2.cdn.bcebos.com/hotboard_image/f3e363a022cf3ac5754e686000e4cc67', '百度', 'https://www.baidu.com/s?wd=%E5%A5%B3%E7%94%9F%E6%88%B4%E5%81%87%E5%8F%91%E8%BF%9B%E5%85%A5%E7%94%B7%E6%B5%B4%E5%AE%A4%E5%81%B7%E6%8B%8D%3F%E5%AE%98%E6%96%B9%E5%9B%9E%E5%BA%94&sa=fyb_news&rsv_dl=fyb_news', '2023-03-27 15:42:01', '2023-03-27 15:42:01', '2023-03-27 15:42:01', 2, NULL);
INSERT INTO `headline_news` VALUES ('e9b6179a04ca41c6a6e30ceac74d064f', '四川一学校免费送新生iPhone14', '近日，四川资阳一学校发布公告，称为所有新生赠送全新iPhone14，引发关注。22日，校招生办一名工作人员回应：此事是真的，不会因此涨学费。', 'https://fyb-2.cdn.bcebos.com/hotboard_image/737d9fcbbd76f36fcbc3751ac5030d71', '百度', 'https://www.baidu.com/s?wd=%E5%9B%9B%E5%B7%9D%E4%B8%80%E5%AD%A6%E6%A0%A1%E5%85%8D%E8%B4%B9%E9%80%81%E6%96%B0%E7%94%9FiPhone14&sa=fyb_news&rsv_dl=fyb_news', '2023-02-23 15:09:01', '2023-02-23 15:09:01', '2023-02-23 15:09:01', 2, NULL);
INSERT INTO `headline_news` VALUES ('e9bbf4d3785e4ccabc08d61e5d90ae55', '演唱会票价整体上涨', '', 'https://fyb-1.cdn.bcebos.com/fyb/de6163834f53ca92c1273fff98ac9078.jpeg', '百度', 'https://www.baidu.com/s?wd=%E6%BC%94%E5%94%B1%E4%BC%9A%E7%A5%A8%E4%BB%B7%E6%95%B4%E4%BD%93%E4%B8%8A%E6%B6%A8&sa=fyb_news&rsv_dl=fyb_news', '2023-04-22 13:50:05', '2023-04-22 13:50:05', '2023-04-22 13:50:05', 2, NULL);
INSERT INTO `headline_news` VALUES ('e9cfbaeaba084dd09dd507e32db5b11b', '律师解读企业要求员工更换宝马车', '', 'https://fyb-1.cdn.bcebos.com/fyb/de6163834f53ca92c1273fff98ac9078.jpeg', '百度', 'https://www.baidu.com/s?wd=%E5%BE%8B%E5%B8%88%E8%A7%A3%E8%AF%BB%E4%BC%81%E4%B8%9A%E8%A6%81%E6%B1%82%E5%91%98%E5%B7%A5%E6%9B%B4%E6%8D%A2%E5%AE%9D%E9%A9%AC%E8%BD%A6&sa=fyb_news&rsv_dl=fyb_news', '2023-04-23 16:53:04', '2023-04-23 16:53:04', '2023-04-23 16:53:04', 2, NULL);
INSERT INTO `headline_news` VALUES ('ea0e55be1e2e46538f2e69e210d1811d', '文旅“新玩法” 消费新体验', '“五一”假期来临，各地沉浸式的文化游览项目，吸引着越来越多的游客前往。这些文旅融合的新玩法，带来魅力独特的旅游新体验，正在形成一种新趋势。', 'https://fyb-2.cdn.bcebos.com/hotboard_image/b8de64b26bce378727c980dc533ef328', '百度', 'https://www.baidu.com/s?wd=%E6%96%87%E6%97%85%E2%80%9C%E6%96%B0%E7%8E%A9%E6%B3%95%E2%80%9D+%E6%B6%88%E8%B4%B9%E6%96%B0%E4%BD%93%E9%AA%8C&sa=fyb_news&rsv_dl=fyb_news', '2023-04-22 21:04:04', '2023-04-22 21:04:04', '2023-04-22 21:04:04', 2, NULL);
INSERT INTO `headline_news` VALUES ('ea2bae0ea7b24c28a85de07db64ad758', '30岁以上大龄未婚青年非常普遍', '', 'https://fyb-1.cdn.bcebos.com/fyb/de6163834f53ca92c1273fff98ac9078.jpeg', '百度', 'https://www.baidu.com/s?wd=30%E5%B2%81%E4%BB%A5%E4%B8%8A%E5%A4%A7%E9%BE%84%E6%9C%AA%E5%A9%9A%E9%9D%92%E5%B9%B4%E9%9D%9E%E5%B8%B8%E6%99%AE%E9%81%8D&sa=fyb_news&rsv_dl=fyb_news', '2023-02-25 13:26:01', '2023-02-25 13:26:01', '2023-02-25 13:26:01', 2, NULL);
INSERT INTO `headline_news` VALUES ('ea68bafc160449018963d603439cfdec', '男网红称因合成与女星接吻视频被打', '近日，有120万粉丝的男网红洪亮宣布停更一段时间。据悉，他利用特效合成与自己与迪丽热巴亲吻的影片，引发粉丝不满，被粉丝抓伤“破相”。', 'https://fyb-2.cdn.bcebos.com/hotboard_image/a8c7f97548e667b189f8e29eff74bd94', '百度', 'https://www.baidu.com/s?wd=%E7%94%B7%E7%BD%91%E7%BA%A2%E7%A7%B0%E5%9B%A0%E5%90%88%E6%88%90%E4%B8%8E%E5%A5%B3%E6%98%9F%E6%8E%A5%E5%90%BB%E8%A7%86%E9%A2%91%E8%A2%AB%E6%89%93&sa=fyb_news&rsv_dl=fyb_news', '2023-03-27 10:14:01', '2023-03-27 10:14:01', '2023-03-27 10:14:01', 2, NULL);
INSERT INTO `headline_news` VALUES ('ea69fe8487724605a9753794b429bc6a', '职校男老师查寝指着学生问谁不服', '', 'https://fyb-1.cdn.bcebos.com/fyb/de6163834f53ca92c1273fff98ac9078.jpeg', '百度', 'https://www.baidu.com/s?wd=%E8%81%8C%E6%A0%A1%E7%94%B7%E8%80%81%E5%B8%88%E6%9F%A5%E5%AF%9D%E6%8C%87%E7%9D%80%E5%AD%A6%E7%94%9F%E9%97%AE%E8%B0%81%E4%B8%8D%E6%9C%8D&sa=fyb_news&rsv_dl=fyb_news', '2023-04-20 00:59:06', '2023-04-20 00:59:06', '2023-04-20 00:59:06', 2, NULL);
INSERT INTO `headline_news` VALUES ('ea8252ccd1ed4b7ab59960538eef83dc', '女子称催发货后被店家砸烂商品', '近日，四川一女子称自己网购宠物碗架，店家没有在承诺的期限内发货，她就点了催发货。店家随即发给她砸烂的宠物碗架照片，并留言“宁可砸了也不卖”。', 'https://fyb-2.cdn.bcebos.com/hotboard_image/8a02ccd31daef132d3705d818021485a', '百度', 'https://www.baidu.com/s?wd=%E5%A5%B3%E5%AD%90%E7%A7%B0%E5%82%AC%E5%8F%91%E8%B4%A7%E5%90%8E%E8%A2%AB%E5%BA%97%E5%AE%B6%E7%A0%B8%E7%83%82%E5%95%86%E5%93%81&sa=fyb_news&rsv_dl=fyb_news', '2023-03-26 12:14:01', '2023-03-26 12:14:01', '2023-03-26 12:14:01', 2, NULL);
INSERT INTO `headline_news` VALUES ('ea931da98e9646148e704e9196c239c6', '2023全国春播地图出炉', '春为岁首，农为先行，一年一度的春耕春播正由南到北在祖国大地上展开。2023全国春播地图已出炉，一图看春播的进度条到哪了！', 'https://fyb-2.cdn.bcebos.com/hotboard_image/192de3d3a0278d9e79714d6a6963ff94', '百度', 'https://www.baidu.com/s?wd=2023%E5%85%A8%E5%9B%BD%E6%98%A5%E6%92%AD%E5%9C%B0%E5%9B%BE%E5%87%BA%E7%82%89&sa=fyb_news&rsv_dl=fyb_news', '2023-02-25 13:23:01', '2023-02-25 13:23:01', '2023-02-25 13:23:01', 2, NULL);
INSERT INTO `headline_news` VALUES ('eba669193f124b4c8335ebacf00eb409', '直击北影节红毯名场面', '4月21日晚，第十三届北京国际电影节开幕红毯举行，二百余位中外影人嘉宾齐聚雁栖湖畔，共赴电影之约。', 'https://fyb-2.cdn.bcebos.com/hotboard_image/60c88a82b031631a92e8034efbc9e1e2', '百度', 'https://www.baidu.com/s?wd=%E7%9B%B4%E5%87%BB%E5%8C%97%E5%BD%B1%E8%8A%82%E7%BA%A2%E6%AF%AF%E5%90%8D%E5%9C%BA%E9%9D%A2&sa=fyb_news&rsv_dl=fyb_news', '2023-04-21 23:24:07', '2023-04-21 23:24:07', '2023-04-21 23:24:07', 2, NULL);
INSERT INTO `headline_news` VALUES ('ebc4e6470cda4b158cfcae0b77253e89', '月入过万是什么水平', '根据智联招聘发布的《中国企业招聘薪酬报告》，2023年第一季度中，共有20个行业的平均月薪超1万元。其中，芯片工程师的平均月薪达到2.56万元。', 'https://fyb-2.cdn.bcebos.com/hotboard_image/0288e7736c6e3833419be81776e07f1f', '百度', 'https://www.baidu.com/s?wd=%E6%9C%88%E5%85%A5%E8%BF%87%E4%B8%87%E6%98%AF%E4%BB%80%E4%B9%88%E6%B0%B4%E5%B9%B3&sa=fyb_news&rsv_dl=fyb_news', '2023-04-22 21:20:13', '2023-04-22 21:20:13', '2023-04-22 21:20:13', 2, NULL);
INSERT INTO `headline_news` VALUES ('ebe152b9bcd84e76bfc187331be259f4', '大熊猫走姿神似狂飙高启盛', '近日，云南野生动物园的大熊猫毛竹走路姿势神似电视剧《狂飙》中的高启盛，甚至比高启盛本人还会摇。网友：没想到大熊猫也有狂飙后遗症。', 'https://fyb-2.cdn.bcebos.com/hotboard_image/b0bc3798a300e7d5613aa14281d39a4c', '百度', 'https://www.baidu.com/s?wd=%E5%A4%A7%E7%86%8A%E7%8C%AB%E8%B5%B0%E5%A7%BF%E7%A5%9E%E4%BC%BC%E7%8B%82%E9%A3%99%E9%AB%98%E5%90%AF%E7%9B%9B&sa=fyb_news&rsv_dl=fyb_news', '2023-03-04 21:54:01', '2023-03-04 21:54:01', '2023-03-04 21:54:01', 2, NULL);
INSERT INTO `headline_news` VALUES ('ec0f4f6f868645d9a50a4ab1e02fe4ce', '怎么看待ChatGPT？科技部回应', '24日，科技部高新技术司司长陈家昌在谈到ChatGPT时表示：科技部将把人工智能作为战略性新兴产业，作为新增长引擎，继续给予大力支持。', 'https://fyb-2.cdn.bcebos.com/hotboard_image/cd7f7a7f25313fe1ea84c53773eac11a', '百度', 'https://www.baidu.com/s?wd=%E6%80%8E%E4%B9%88%E7%9C%8B%E5%BE%85ChatGPT%EF%BC%9F%E7%A7%91%E6%8A%80%E9%83%A8%E5%9B%9E%E5%BA%94&sa=fyb_news&rsv_dl=fyb_news', '2023-02-24 14:22:01', '2023-02-24 14:22:01', '2023-02-24 14:22:01', 2, NULL);
INSERT INTO `headline_news` VALUES ('ec35f412fd4c4bc498ed92005a0594f0', '公司通知员工卖宝马否则将开除', '', 'https://fyb-1.cdn.bcebos.com/fyb/de6163834f53ca92c1273fff98ac9078.jpeg', '百度', 'https://www.baidu.com/s?wd=%E5%85%AC%E5%8F%B8%E9%80%9A%E7%9F%A5%E5%91%98%E5%B7%A5%E5%8D%96%E5%AE%9D%E9%A9%AC%E5%90%A6%E5%88%99%E5%B0%86%E5%BC%80%E9%99%A4&sa=fyb_news&rsv_dl=fyb_news', '2023-04-22 11:48:21', '2023-04-22 11:48:21', '2023-04-22 11:48:21', 2, NULL);
INSERT INTO `headline_news` VALUES ('ec532002f15d4f5686f1ce28cfc8ff13', '大连中院驳回一涉疫案申诉', '', 'https://fyb-1.cdn.bcebos.com/fyb/de6163834f53ca92c1273fff98ac9078.jpeg', '百度', 'https://www.baidu.com/s?wd=%E5%A4%A7%E8%BF%9E%E4%B8%AD%E9%99%A2%E9%A9%B3%E5%9B%9E%E4%B8%80%E6%B6%89%E7%96%AB%E6%A1%88%E7%94%B3%E8%AF%89&sa=fyb_news&rsv_dl=fyb_news', '2023-04-21 08:38:03', '2023-04-21 08:38:03', '2023-04-21 08:38:03', 2, NULL);
INSERT INTO `headline_news` VALUES ('eca8364a9fe94d11953223716c060547', '28岁香港名媛遇害 和方媛是闺蜜', '据港媒报道，香港大埔龙尾村24日发生碎尸案，死者是早前失踪的方媛28岁的闺蜜蔡天凤，案件现场及细节曝光，蔡天凤前夫家3人被捕。', 'https://fyb-2.cdn.bcebos.com/hotboard_image/4386521637a641d22e45c8a312b776dc', '百度', 'https://www.baidu.com/s?wd=28%E5%B2%81%E9%A6%99%E6%B8%AF%E5%90%8D%E5%AA%9B%E9%81%87%E5%AE%B3+%E5%92%8C%E6%96%B9%E5%AA%9B%E6%98%AF%E9%97%BA%E8%9C%9C&sa=fyb_news&rsv_dl=fyb_news', '2023-02-25 13:23:01', '2023-02-25 13:23:01', '2023-02-25 13:23:01', 2, NULL);
INSERT INTO `headline_news` VALUES ('ed0cf83949494639b7dcc209655c4472', '岸田拒与离任中国大使会面被批无礼', '', 'https://fyb-1.cdn.bcebos.com/fyb/de6163834f53ca92c1273fff98ac9078.jpeg', '百度', 'https://www.baidu.com/s?wd=%E5%B2%B8%E7%94%B0%E6%8B%92%E4%B8%8E%E7%A6%BB%E4%BB%BB%E4%B8%AD%E5%9B%BD%E5%A4%A7%E4%BD%BF%E4%BC%9A%E9%9D%A2%E8%A2%AB%E6%89%B9%E6%97%A0%E7%A4%BC&sa=fyb_news&rsv_dl=fyb_news', '2023-03-26 12:23:00', '2023-03-26 12:23:00', '2023-03-26 12:23:00', 2, NULL);
INSERT INTO `headline_news` VALUES ('ed701ab97c64415ea6cf610c6470db24', '谷歌CEO年薪高达15亿', '', 'https://fyb-1.cdn.bcebos.com/fyb/de6163834f53ca92c1273fff98ac9078.jpeg', '百度', 'https://www.baidu.com/s?wd=%E8%B0%B7%E6%AD%8CCEO%E5%B9%B4%E8%96%AA%E9%AB%98%E8%BE%BE15%E4%BA%BF&sa=fyb_news&rsv_dl=fyb_news', '2023-04-22 14:02:08', '2023-04-22 14:02:08', '2023-04-22 14:02:08', 2, NULL);
INSERT INTO `headline_news` VALUES ('ed88c73ebf8740fc83ba7039fb69bf86', '章昊C位出道', '', 'https://fyb-1.cdn.bcebos.com/fyb/de6163834f53ca92c1273fff98ac9078.jpeg', '百度', 'https://www.baidu.com/s?wd=%E7%AB%A0%E6%98%8AC%E4%BD%8D%E5%87%BA%E9%81%93&sa=fyb_news&rsv_dl=fyb_news', '2023-04-21 06:34:08', '2023-04-21 06:34:08', '2023-04-21 06:34:08', 2, NULL);
INSERT INTO `headline_news` VALUES ('ed8ad98ddcf94cc594c40f9f412d7b38', '公积金新政成各地促楼市标配', '', 'https://fyb-1.cdn.bcebos.com/fyb/de6163834f53ca92c1273fff98ac9078.jpeg', '百度', 'https://www.baidu.com/s?wd=%E5%85%AC%E7%A7%AF%E9%87%91%E6%96%B0%E6%94%BF%E6%88%90%E5%90%84%E5%9C%B0%E4%BF%83%E6%A5%BC%E5%B8%82%E6%A0%87%E9%85%8D&sa=fyb_news&rsv_dl=fyb_news', '2023-03-26 13:29:00', '2023-03-26 13:29:00', '2023-03-26 13:29:00', 2, NULL);
INSERT INTO `headline_news` VALUES ('eea8b836a9254208b3d8cb43247623d1', '大爷买包子付196956元', '', 'https://fyb-1.cdn.bcebos.com/fyb/de6163834f53ca92c1273fff98ac9078.jpeg', '百度', 'https://www.baidu.com/s?wd=%E5%A4%A7%E7%88%B7%E4%B9%B0%E5%8C%85%E5%AD%90%E4%BB%98196956%E5%85%83&sa=fyb_news&rsv_dl=fyb_news', '2023-04-20 19:36:07', '2023-04-20 19:36:07', '2023-04-20 19:36:07', 2, NULL);
INSERT INTO `headline_news` VALUES ('eeb257c2327b4a9cbd435aaef9ce0ccf', '大熊猫福禄疑淋雨 成都基地回应', '20日，大熊猫“福禄”淋雨事件引起热议。对此，成都大熊猫基地回应称经调取现场监控视频核实后，中间存在时间差，并不存在故意不收回的情况。', 'https://fyb-2.cdn.bcebos.com/hotboard_image/9ea8613eaca68094928377c1eb9dbd2b', '百度', 'https://www.baidu.com/s?wd=%E5%A4%A7%E7%86%8A%E7%8C%AB%E7%A6%8F%E7%A6%84%E7%96%91%E6%B7%8B%E9%9B%A8+%E6%88%90%E9%83%BD%E5%9F%BA%E5%9C%B0%E5%9B%9E%E5%BA%94&sa=fyb_news&rsv_dl=fyb_news', '2023-04-22 10:21:13', '2023-04-22 10:21:13', '2023-04-22 10:21:13', 2, NULL);
INSERT INTO `headline_news` VALUES ('eeb2e5d5ae8841d78517ad0c2581d129', '女子分手要求从男友亲人墓碑上除名', '', 'https://fyb-1.cdn.bcebos.com/fyb/de6163834f53ca92c1273fff98ac9078.jpeg', '百度', 'https://www.baidu.com/s?wd=%E5%A5%B3%E5%AD%90%E5%88%86%E6%89%8B%E8%A6%81%E6%B1%82%E4%BB%8E%E7%94%B7%E5%8F%8B%E4%BA%B2%E4%BA%BA%E5%A2%93%E7%A2%91%E4%B8%8A%E9%99%A4%E5%90%8D&sa=fyb_news&rsv_dl=fyb_news', '2023-04-23 16:48:03', '2023-04-23 16:48:03', '2023-04-23 16:48:03', 2, NULL);
INSERT INTO `headline_news` VALUES ('eec474c12de64bfa96faf5310c33ddcd', '透析中心里的年轻人', '在医院的血液透析中心，有一群不到40岁的尿毒症患者，不得不定期接受“人工肾”的“清洗”。当往日不可追时，年轻的透析患者要如何度过接下来的人生？', 'https://fyb-2.cdn.bcebos.com/hotboard_image/4e98bbc131fd5bdc39694437387c0fb6', '百度', 'https://www.baidu.com/s?wd=%E9%80%8F%E6%9E%90%E4%B8%AD%E5%BF%83%E9%87%8C%E7%9A%84%E5%B9%B4%E8%BD%BB%E4%BA%BA&sa=fyb_news&rsv_dl=fyb_news', '2023-03-27 10:14:01', '2023-03-27 10:14:01', '2023-03-27 10:14:01', 2, NULL);
INSERT INTO `headline_news` VALUES ('eedbae7e431b4597aea8cb6f1506bfd9', '特斯拉召回3470辆美国汽车', '', 'https://fyb-1.cdn.bcebos.com/fyb/de6163834f53ca92c1273fff98ac9078.jpeg', '百度', 'https://www.baidu.com/s?wd=%E7%89%B9%E6%96%AF%E6%8B%89%E5%8F%AC%E5%9B%9E3470%E8%BE%86%E7%BE%8E%E5%9B%BD%E6%B1%BD%E8%BD%A6&sa=fyb_news&rsv_dl=fyb_news', '2023-03-05 10:14:01', '2023-03-05 10:14:01', '2023-03-05 10:14:01', 2, NULL);
INSERT INTO `headline_news` VALUES ('ef667d98da1f43aead592a23e523de83', '刘慈欣在联合国被“催更”', '', 'https://fyb-1.cdn.bcebos.com/fyb/de6163834f53ca92c1273fff98ac9078.jpeg', '百度', 'https://www.baidu.com/s?wd=%E5%88%98%E6%85%88%E6%AC%A3%E5%9C%A8%E8%81%94%E5%90%88%E5%9B%BD%E8%A2%AB%E2%80%9C%E5%82%AC%E6%9B%B4%E2%80%9D&sa=fyb_news&rsv_dl=fyb_news', '2023-04-21 15:29:01', '2023-04-21 15:29:01', '2023-04-21 15:29:01', 2, NULL);
INSERT INTO `headline_news` VALUES ('ef755c2f770e4fa6a8c8e7030ac019dc', '美将限制对华关键领域投资?中方回应', '4月21日，关于“拜登将签行政令限制美企对华关键领域投资”一事，外交部发言人回应称，中方将密切关注有关动向，坚决维护自身权益。', 'https://fyb-2.cdn.bcebos.com/hotboard_image/30f8a7ec08a68094f6917bc78f378365', '百度', 'https://www.baidu.com/s?wd=%E7%BE%8E%E5%B0%86%E9%99%90%E5%88%B6%E5%AF%B9%E5%8D%8E%E5%85%B3%E9%94%AE%E9%A2%86%E5%9F%9F%E6%8A%95%E8%B5%84%3F%E4%B8%AD%E6%96%B9%E5%9B%9E%E5%BA%94&sa=fyb_news&rsv_dl=fyb_news', '2023-04-21 17:55:07', '2023-04-21 17:55:07', '2023-04-21 17:55:07', 2, NULL);
INSERT INTO `headline_news` VALUES ('ef94871514d946248cbc6c37ba13f3a8', '淄博将对“五一”前后客房控价', '', 'https://fyb-1.cdn.bcebos.com/fyb/de6163834f53ca92c1273fff98ac9078.jpeg', '百度', 'https://www.baidu.com/s?wd=%E6%B7%84%E5%8D%9A%E5%B0%86%E5%AF%B9%E2%80%9C%E4%BA%94%E4%B8%80%E2%80%9D%E5%89%8D%E5%90%8E%E5%AE%A2%E6%88%BF%E6%8E%A7%E4%BB%B7&sa=fyb_news&rsv_dl=fyb_news', '2023-04-23 13:34:02', '2023-04-23 13:34:02', '2023-04-23 13:34:02', 2, NULL);
INSERT INTO `headline_news` VALUES ('ef9662d6eb7f497d9f7d486f57f82582', '以色列爆发大规模抗议 63万民众上街', '据今日俄罗斯通讯社报道，当地时间25日，以色列爆发大规模抗议活动，63万人走上街头对政府推动司法改革表示不满，抗议涉及多个城市。', 'https://fyb-2.cdn.bcebos.com/hotboard_image/aa1137f2ac37f5923a61acc994212634', '百度', 'https://www.baidu.com/s?wd=%E4%BB%A5%E8%89%B2%E5%88%97%E7%88%86%E5%8F%91%E5%A4%A7%E8%A7%84%E6%A8%A1%E6%8A%97%E8%AE%AE+63%E4%B8%87%E6%B0%91%E4%BC%97%E4%B8%8A%E8%A1%97&sa=fyb_news&rsv_dl=fyb_news', '2023-03-27 10:14:01', '2023-03-27 10:14:01', '2023-03-27 10:14:01', 2, NULL);
INSERT INTO `headline_news` VALUES ('ef9d1b3f156a4d63b27bb543bbd66778', '法国示威者在高速路上搅水泥砌墙', '', 'https://fyb-1.cdn.bcebos.com/fyb/de6163834f53ca92c1273fff98ac9078.jpeg', '百度', 'https://www.baidu.com/s?wd=%E6%B3%95%E5%9B%BD%E7%A4%BA%E5%A8%81%E8%80%85%E5%9C%A8%E9%AB%98%E9%80%9F%E8%B7%AF%E4%B8%8A%E6%90%85%E6%B0%B4%E6%B3%A5%E7%A0%8C%E5%A2%99&sa=fyb_news&rsv_dl=fyb_news', '2023-04-23 16:08:03', '2023-04-23 16:08:03', '2023-04-23 16:08:03', 2, NULL);
INSERT INTO `headline_news` VALUES ('f00d483aa8ec4300a75bfc8838427823', '马斯克要送8万名地球人去火星', '', 'https://fyb-1.cdn.bcebos.com/fyb/de6163834f53ca92c1273fff98ac9078.jpeg', '百度', 'https://www.baidu.com/s?wd=%E9%A9%AC%E6%96%AF%E5%85%8B%E8%A6%81%E9%80%818%E4%B8%87%E5%90%8D%E5%9C%B0%E7%90%83%E4%BA%BA%E5%8E%BB%E7%81%AB%E6%98%9F&sa=fyb_news&rsv_dl=fyb_news', '2023-04-23 10:43:01', '2023-04-23 10:43:01', '2023-04-23 10:43:01', 2, NULL);
INSERT INTO `headline_news` VALUES ('f04f39cf94d1433bb4212d5bf320c651', '85岁老人想娶60岁女友遭子女反对', '', 'https://fyb-1.cdn.bcebos.com/fyb/de6163834f53ca92c1273fff98ac9078.jpeg', '百度', 'https://www.baidu.com/s?wd=85%E5%B2%81%E8%80%81%E4%BA%BA%E6%83%B3%E5%A8%B660%E5%B2%81%E5%A5%B3%E5%8F%8B%E9%81%AD%E5%AD%90%E5%A5%B3%E5%8F%8D%E5%AF%B9&sa=fyb_news&rsv_dl=fyb_news', '2023-02-25 14:13:01', '2023-02-25 14:13:01', '2023-02-25 14:13:01', 2, NULL);
INSERT INTO `headline_news` VALUES ('f070c3618bfa4cc1ba2fe487ea5e6309', '匈牙利总理：不能将俄罗斯逼到墙角', '据外媒23日报道，匈牙利总理欧尔班称，在乌克兰发生的军事冲突中没有赢家，俄罗斯是核大国，不能将其“逼到墙角”，否则可能引发核战争。', 'https://fyb-2.cdn.bcebos.com/hotboard_image/69c10c4fbc9608d08fdb0f60638009df', '百度', 'https://www.baidu.com/s?wd=%E5%8C%88%E7%89%99%E5%88%A9%E6%80%BB%E7%90%86%EF%BC%9A%E4%B8%8D%E8%83%BD%E5%B0%86%E4%BF%84%E7%BD%97%E6%96%AF%E9%80%BC%E5%88%B0%E5%A2%99%E8%A7%92&sa=fyb_news&rsv_dl=fyb_news', '2023-02-25 13:49:16', '2023-02-25 13:49:16', '2023-02-25 13:49:16', 2, NULL);
INSERT INTO `headline_news` VALUES ('f0d3b7bccf69453da114614788a56e5a', '男孩7次举手后离世 学校被判担责20%', '', 'https://fyb-1.cdn.bcebos.com/fyb/de6163834f53ca92c1273fff98ac9078.jpeg', '百度', 'https://www.baidu.com/s?wd=%E7%94%B7%E5%AD%A97%E6%AC%A1%E4%B8%BE%E6%89%8B%E5%90%8E%E7%A6%BB%E4%B8%96+%E5%AD%A6%E6%A0%A1%E8%A2%AB%E5%88%A4%E6%8B%85%E8%B4%A320%25&sa=fyb_news&rsv_dl=fyb_news', '2023-02-24 15:15:02', '2023-02-24 15:15:02', '2023-02-24 15:15:02', 2, NULL);
INSERT INTO `headline_news` VALUES ('f10b8fc8906443c3b4b06879d19c4d65', '王濛被经纪公司起诉：严重违约', '', 'https://fyb-1.cdn.bcebos.com/fyb/de6163834f53ca92c1273fff98ac9078.jpeg', '百度', 'https://www.baidu.com/s?wd=%E7%8E%8B%E6%BF%9B%E8%A2%AB%E7%BB%8F%E7%BA%AA%E5%85%AC%E5%8F%B8%E8%B5%B7%E8%AF%89%EF%BC%9A%E4%B8%A5%E9%87%8D%E8%BF%9D%E7%BA%A6&sa=fyb_news&rsv_dl=fyb_news', '2023-02-23 14:38:01', '2023-02-23 14:38:01', '2023-02-23 14:38:01', 2, NULL);
INSERT INTO `headline_news` VALUES ('f14cd4f976404bec9117d83eb4144315', '老人推倒摩托车继承人未履行判决', '', 'https://fyb-1.cdn.bcebos.com/fyb/de6163834f53ca92c1273fff98ac9078.jpeg', '百度', 'https://www.baidu.com/s?wd=%E8%80%81%E4%BA%BA%E6%8E%A8%E5%80%92%E6%91%A9%E6%89%98%E8%BD%A6%E7%BB%A7%E6%89%BF%E4%BA%BA%E6%9C%AA%E5%B1%A5%E8%A1%8C%E5%88%A4%E5%86%B3&sa=fyb_news&rsv_dl=fyb_news', '2023-04-23 14:53:06', '2023-04-23 14:53:06', '2023-04-23 14:53:06', 2, NULL);
INSERT INTO `headline_news` VALUES ('f14f86e208734c6fa440d0b16c41a5d3', '人大代表带道具科普大熊猫新生幼崽', '3月5日，全国人大代表、成都大熊猫繁育研究基地副主任侯蓉带来一个新生大熊猫仿真模型，并介绍多年从事大熊猫保护的心得。', 'https://fyb-2.cdn.bcebos.com/hotboard_image/4b26c561c70419a38dc710db10a05d38', '百度', 'https://www.baidu.com/s?wd=%E4%BA%BA%E5%A4%A7%E4%BB%A3%E8%A1%A8%E5%B8%A6%E9%81%93%E5%85%B7%E7%A7%91%E6%99%AE%E5%A4%A7%E7%86%8A%E7%8C%AB%E6%96%B0%E7%94%9F%E5%B9%BC%E5%B4%BD&sa=fyb_news&rsv_dl=fyb_news', '2023-03-05 10:34:01', '2023-03-05 10:34:01', '2023-03-05 10:34:01', 2, NULL);
INSERT INTO `headline_news` VALUES ('f1595754f9b046b995299880804d8adb', '当事人回应摆摊日入9000质疑', '', 'https://fyb-1.cdn.bcebos.com/fyb/de6163834f53ca92c1273fff98ac9078.jpeg', '百度', 'https://www.baidu.com/s?wd=%E5%BD%93%E4%BA%8B%E4%BA%BA%E5%9B%9E%E5%BA%94%E6%91%86%E6%91%8A%E6%97%A5%E5%85%A59000%E8%B4%A8%E7%96%91&sa=fyb_news&rsv_dl=fyb_news', '2023-03-26 22:47:00', '2023-03-26 22:47:00', '2023-03-26 22:47:00', 2, NULL);
INSERT INTO `headline_news` VALUES ('f17966ceb5894b028baec7edefc7e662', '上海一银行男职工殴打女职工被停职', '近日，上海邮储某网点男员工殴打女员工的视频引发关注。事后当事女子确诊为脑震荡和抑郁症，并称男子不是第一次殴打同事。目前，该男子已被停职调查。', 'https://fyb-2.cdn.bcebos.com/hotboard_image/11f957eeafb592c7e5de8091655fa28d', '百度', 'https://www.baidu.com/s?wd=%E4%B8%8A%E6%B5%B7%E4%B8%80%E9%93%B6%E8%A1%8C%E7%94%B7%E8%81%8C%E5%B7%A5%E6%AE%B4%E6%89%93%E5%A5%B3%E8%81%8C%E5%B7%A5%E8%A2%AB%E5%81%9C%E8%81%8C&sa=fyb_news&rsv_dl=fyb_news', '2023-04-20 17:12:09', '2023-04-20 17:12:09', '2023-04-20 17:12:09', 2, NULL);
INSERT INTO `headline_news` VALUES ('f18db8737e164e79ac52246a3c62ff8f', '蔚来员工曝加班近500小时进急诊3次', '', 'https://fyb-1.cdn.bcebos.com/fyb/de6163834f53ca92c1273fff98ac9078.jpeg', '百度', 'https://www.baidu.com/s?wd=%E8%94%9A%E6%9D%A5%E5%91%98%E5%B7%A5%E6%9B%9D%E5%8A%A0%E7%8F%AD%E8%BF%91500%E5%B0%8F%E6%97%B6%E8%BF%9B%E6%80%A5%E8%AF%8A3%E6%AC%A1&sa=fyb_news&rsv_dl=fyb_news', '2023-04-22 16:48:04', '2023-04-22 16:48:04', '2023-04-22 16:48:04', 2, NULL);
INSERT INTO `headline_news` VALUES ('f255538b78f140b8be5f178f1b5f6923', '用好解决民生问题的“总钥匙”', '', 'https://fyb-1.cdn.bcebos.com/fyb/de6163834f53ca92c1273fff98ac9078.jpeg', '百度', 'https://www.baidu.com/s?wd=%E7%94%A8%E5%A5%BD%E8%A7%A3%E5%86%B3%E6%B0%91%E7%94%9F%E9%97%AE%E9%A2%98%E7%9A%84%E2%80%9C%E6%80%BB%E9%92%A5%E5%8C%99%E2%80%9D&sa=fyb_news&rsv_dl=fyb_news', '2023-04-21 11:43:12', '2023-04-21 11:43:12', '2023-04-21 11:43:12', 2, NULL);
INSERT INTO `headline_news` VALUES ('f2865a57fd90453e87c8d0b65cc6359a', '巴奴火锅致歉', '', 'https://fyb-1.cdn.bcebos.com/fyb/de6163834f53ca92c1273fff98ac9078.jpeg', '百度', 'https://www.baidu.com/s?wd=%E5%B7%B4%E5%A5%B4%E7%81%AB%E9%94%85%E8%87%B4%E6%AD%89&sa=fyb_news&rsv_dl=fyb_news', '2023-02-24 14:04:01', '2023-02-24 14:04:01', '2023-02-24 14:04:01', 2, NULL);
INSERT INTO `headline_news` VALUES ('f313d3f6109c4980938d06267ceb577b', '76人后卫梅尔顿谈末节独砍15分', '', 'https://fyb-1.cdn.bcebos.com/fyb/de6163834f53ca92c1273fff98ac9078.jpeg', '百度', 'https://www.baidu.com/s?wd=76%E4%BA%BA%E5%90%8E%E5%8D%AB%E6%A2%85%E5%B0%94%E9%A1%BF%E8%B0%88%E6%9C%AB%E8%8A%82%E7%8B%AC%E7%A0%8D15%E5%88%86&sa=fyb_news&rsv_dl=fyb_news', '2023-04-23 11:32:09', '2023-04-23 11:32:09', '2023-04-23 11:32:09', 2, NULL);
INSERT INTO `headline_news` VALUES ('f367a2a5934b4bc499721d805641b94e', '安以轩老公陈荣炼被判14年', '', 'https://fyb-1.cdn.bcebos.com/fyb/de6163834f53ca92c1273fff98ac9078.jpeg', '百度', 'https://www.baidu.com/s?wd=%E5%AE%89%E4%BB%A5%E8%BD%A9%E8%80%81%E5%85%AC%E9%99%88%E8%8D%A3%E7%82%BC%E8%A2%AB%E5%88%A414%E5%B9%B4&sa=fyb_news&rsv_dl=fyb_news', '2023-04-21 11:58:09', '2023-04-21 11:58:09', '2023-04-21 11:58:09', 2, NULL);
INSERT INTO `headline_news` VALUES ('f38b16a3f9354dcbb8e52f39c1670c03', '商丘公交员工称5个月没发工资', '2月23日上午，商丘市公共交通有限公司发布停运通告后删除。商丘市公交公司工作人员告诉记者，全体职工已经五个月没有发工资。', 'https://fyb-2.cdn.bcebos.com/hotboard_image/f829ace945b58e5eb3d1962fae210f02', '百度', 'https://www.baidu.com/s?wd=%E5%95%86%E4%B8%98%E5%85%AC%E4%BA%A4%E5%91%98%E5%B7%A5%E7%A7%B05%E4%B8%AA%E6%9C%88%E6%B2%A1%E5%8F%91%E5%B7%A5%E8%B5%84&sa=fyb_news&rsv_dl=fyb_news', '2023-02-23 14:13:01', '2023-02-23 14:13:01', '2023-02-23 14:13:01', 2, NULL);
INSERT INTO `headline_news` VALUES ('f3bab6d5d3864b59be28712d238564f6', '媒体评民宿退单：别让消费者骂娘！', '随着五一临近，有关旅游预订的投诉日渐增多，很多消费者遇到店家以各种奇葩理由逼游客退单。媒体：珍惜消费者的信任，别让消费者骂娘！', 'https://fyb-2.cdn.bcebos.com/hotboard_image/ff83b565e89c5f86e43c72d5c47b1aa8', '百度', 'https://www.baidu.com/s?wd=%E5%AA%92%E4%BD%93%E8%AF%84%E6%B0%91%E5%AE%BF%E9%80%80%E5%8D%95%EF%BC%9A%E5%88%AB%E8%AE%A9%E6%B6%88%E8%B4%B9%E8%80%85%E9%AA%82%E5%A8%98%EF%BC%81&sa=fyb_news&rsv_dl=fyb_news', '2023-04-21 11:50:15', '2023-04-21 11:50:15', '2023-04-21 11:50:15', 2, NULL);
INSERT INTO `headline_news` VALUES ('f4199a5ce69b4cf3a55aca32d24cd89c', '张文宏：离走出“新冠”已为期不远', '25日，国家传染病医学中心主任、复旦大学附属华山医院感染科主任张文宏表示，我们离走出‘新冠’这起公共卫生突发事件的时间节点已为期不远。', 'https://fyb-2.cdn.bcebos.com/hotboard_image/05b5bd7966eadb9f284de8911dc4a231', '百度', 'https://www.baidu.com/s?wd=%E5%BC%A0%E6%96%87%E5%AE%8F%EF%BC%9A%E7%A6%BB%E8%B5%B0%E5%87%BA%E2%80%9C%E6%96%B0%E5%86%A0%E2%80%9D%E5%B7%B2%E4%B8%BA%E6%9C%9F%E4%B8%8D%E8%BF%9C&sa=fyb_news&rsv_dl=fyb_news', '2023-03-26 13:49:00', '2023-03-26 13:49:00', '2023-03-26 13:49:00', 2, NULL);
INSERT INTO `headline_news` VALUES ('f4c2848c34ac4b49ae583fe4083f45bb', '英国哈里王子承认吸毒', '', 'https://fyb-1.cdn.bcebos.com/fyb/de6163834f53ca92c1273fff98ac9078.jpeg', '百度', 'https://www.baidu.com/s?wd=%E8%8B%B1%E5%9B%BD%E5%93%88%E9%87%8C%E7%8E%8B%E5%AD%90%E6%89%BF%E8%AE%A4%E5%90%B8%E6%AF%92&sa=fyb_news&rsv_dl=fyb_news', '2023-03-05 11:04:01', '2023-03-05 11:04:01', '2023-03-05 11:04:01', 2, NULL);
INSERT INTO `headline_news` VALUES ('f4cc5673384c4cc095050e11d670ec3b', '海南临高13岁被霸凌女孩曾被打多次', '近期，海南临高县“13岁女孩被霸凌”一事牵动着无数网友的心。在接受采访时女孩表示“以前她们几个就以各种理由打过我几次”。', 'https://fyb-2.cdn.bcebos.com/hotboard_image/c819992a06666700a132afd0116584c0', '百度', 'https://www.baidu.com/s?wd=%E6%B5%B7%E5%8D%97%E4%B8%B4%E9%AB%9813%E5%B2%81%E8%A2%AB%E9%9C%B8%E5%87%8C%E5%A5%B3%E5%AD%A9%E6%9B%BE%E8%A2%AB%E6%89%93%E5%A4%9A%E6%AC%A1&sa=fyb_news&rsv_dl=fyb_news', '2023-03-26 17:52:01', '2023-03-26 17:52:01', '2023-03-26 17:52:01', 2, NULL);
INSERT INTO `headline_news` VALUES ('f50ba062c620401fa6e85b39b0fffec1', '曼城3-0谢菲尔德联晋级足总杯决赛', '', 'https://fyb-1.cdn.bcebos.com/fyb/de6163834f53ca92c1273fff98ac9078.jpeg', '百度', 'https://www.baidu.com/s?wd=%E6%9B%BC%E5%9F%8E3-0%E8%B0%A2%E8%8F%B2%E5%B0%94%E5%BE%B7%E8%81%94%E6%99%8B%E7%BA%A7%E8%B6%B3%E6%80%BB%E6%9D%AF%E5%86%B3%E8%B5%9B&sa=fyb_news&rsv_dl=fyb_news', '2023-04-23 11:10:18', '2023-04-23 11:10:18', '2023-04-23 11:10:18', 2, NULL);
INSERT INTO `headline_news` VALUES ('f51568aeef52411598b6e691f0d71166', '冰淇淋只给外国人？宝马mini道歉', '', 'https://fyb-1.cdn.bcebos.com/fyb/de6163834f53ca92c1273fff98ac9078.jpeg', '百度', 'https://www.baidu.com/s?wd=%E5%86%B0%E6%B7%87%E6%B7%8B%E5%8F%AA%E7%BB%99%E5%A4%96%E5%9B%BD%E4%BA%BA%EF%BC%9F%E5%AE%9D%E9%A9%ACmini%E9%81%93%E6%AD%89&sa=fyb_news&rsv_dl=fyb_news', '2023-04-20 15:06:10', '2023-04-20 15:06:10', '2023-04-20 15:06:10', 2, NULL);
INSERT INTO `headline_news` VALUES ('f55d0a8064ad4b5282c8b142d272a137', '上天入地的太空种子这样炼成', '23日，中国载人航天工程办公室一则公开征集航天育种实验搭载项目的消息引发关注。“上天入地”的“太空种子”是如何炼成的的，我们来一探究竟。', 'https://fyb-2.cdn.bcebos.com/hotboard_image/fdaecdac661cb745fdd3a1f28d917a8d', '百度', 'https://www.baidu.com/s?wd=%E4%B8%8A%E5%A4%A9%E5%85%A5%E5%9C%B0%E7%9A%84%E5%A4%AA%E7%A9%BA%E7%A7%8D%E5%AD%90%E8%BF%99%E6%A0%B7%E7%82%BC%E6%88%90&sa=fyb_news&rsv_dl=fyb_news', '2023-03-26 11:41:01', '2023-03-26 11:41:01', '2023-03-26 11:41:01', 2, NULL);
INSERT INTO `headline_news` VALUES ('f5637075430d414daa50e6aac5d19ab6', '男子酒后车内睡觉被罚不服 交警败诉', '', 'https://fyb-1.cdn.bcebos.com/fyb/de6163834f53ca92c1273fff98ac9078.jpeg', '百度', 'https://www.baidu.com/s?wd=%E7%94%B7%E5%AD%90%E9%85%92%E5%90%8E%E8%BD%A6%E5%86%85%E7%9D%A1%E8%A7%89%E8%A2%AB%E7%BD%9A%E4%B8%8D%E6%9C%8D+%E4%BA%A4%E8%AD%A6%E8%B4%A5%E8%AF%89&sa=fyb_news&rsv_dl=fyb_news', '2023-04-20 16:19:10', '2023-04-20 16:19:10', '2023-04-20 16:19:10', 2, NULL);
INSERT INTO `headline_news` VALUES ('f5646b1ecd904c0586b2eb6cc851c07b', '扬科维奇：球员体脂率超10%不能上场', '', 'https://fyb-1.cdn.bcebos.com/fyb/de6163834f53ca92c1273fff98ac9078.jpeg', '百度', 'https://www.baidu.com/s?wd=%E6%89%AC%E7%A7%91%E7%BB%B4%E5%A5%87%EF%BC%9A%E7%90%83%E5%91%98%E4%BD%93%E8%84%82%E7%8E%87%E8%B6%8510%25%E4%B8%8D%E8%83%BD%E4%B8%8A%E5%9C%BA&sa=fyb_news&rsv_dl=fyb_news', '2023-02-25 13:29:01', '2023-02-25 13:29:01', '2023-02-25 13:29:01', 2, NULL);
INSERT INTO `headline_news` VALUES ('f5817ce3f10a419e8ac8b18fc1ee4798', '儿子省考面试前父亲默默为其刷皮鞋', '近日，山西太原一网友发视频称，当了一辈子工人的父亲，没法指导自己省考面试，只能默默给自己擦皮鞋。虽然结果不是很理想，但很感动。', 'https://fyb-2.cdn.bcebos.com/hotboard_image/a295c5aef2692e80449f7cfcf4d39d5e', '百度', 'https://www.baidu.com/s?wd=%E5%84%BF%E5%AD%90%E7%9C%81%E8%80%83%E9%9D%A2%E8%AF%95%E5%89%8D%E7%88%B6%E4%BA%B2%E9%BB%98%E9%BB%98%E4%B8%BA%E5%85%B6%E5%88%B7%E7%9A%AE%E9%9E%8B&sa=fyb_news&rsv_dl=fyb_news', '2023-04-20 00:59:06', '2023-04-20 00:59:06', '2023-04-20 00:59:06', 2, NULL);
INSERT INTO `headline_news` VALUES ('f5a4d7dd1ecb47408cbbfe46babdff94', '太阳本场获得46次罚球', '', 'https://fyb-1.cdn.bcebos.com/fyb/de6163834f53ca92c1273fff98ac9078.jpeg', '百度', 'https://www.baidu.com/s?wd=%E5%A4%AA%E9%98%B3%E6%9C%AC%E5%9C%BA%E8%8E%B7%E5%BE%9746%E6%AC%A1%E7%BD%9A%E7%90%83&sa=fyb_news&rsv_dl=fyb_news', '2023-04-21 21:19:09', '2023-04-21 21:19:09', '2023-04-21 21:19:09', 2, NULL);
INSERT INTO `headline_news` VALUES ('f5d355922d3141ce9f3f01248bc6336d', '男子抗拒离婚带刀和盐酸进法院', '', 'https://fyb-1.cdn.bcebos.com/fyb/de6163834f53ca92c1273fff98ac9078.jpeg', '百度', 'https://www.baidu.com/s?wd=%E7%94%B7%E5%AD%90%E6%8A%97%E6%8B%92%E7%A6%BB%E5%A9%9A%E5%B8%A6%E5%88%80%E5%92%8C%E7%9B%90%E9%85%B8%E8%BF%9B%E6%B3%95%E9%99%A2&sa=fyb_news&rsv_dl=fyb_news', '2023-03-26 12:20:01', '2023-03-26 12:20:01', '2023-03-26 12:20:01', 2, NULL);
INSERT INTO `headline_news` VALUES ('f5f62351f6aa4f88b85243483be40122', '贵州一家被空坟“堵”门10年', '', 'https://fyb-1.cdn.bcebos.com/fyb/de6163834f53ca92c1273fff98ac9078.jpeg', '百度', 'https://www.baidu.com/s?wd=%E8%B4%B5%E5%B7%9E%E4%B8%80%E5%AE%B6%E8%A2%AB%E7%A9%BA%E5%9D%9F%E2%80%9C%E5%A0%B5%E2%80%9D%E9%97%A810%E5%B9%B4&sa=fyb_news&rsv_dl=fyb_news', '2023-04-22 15:39:06', '2023-04-22 15:39:06', '2023-04-22 15:39:06', 2, NULL);
INSERT INTO `headline_news` VALUES ('f61a167c8400435087e60bea406692c3', '贝弗利做捏鼻子动作嘲讽湖人', '', 'https://fyb-1.cdn.bcebos.com/fyb/de6163834f53ca92c1273fff98ac9078.jpeg', '百度', 'https://www.baidu.com/s?wd=%E8%B4%9D%E5%BC%97%E5%88%A9%E5%81%9A%E6%8D%8F%E9%BC%BB%E5%AD%90%E5%8A%A8%E4%BD%9C%E5%98%B2%E8%AE%BD%E6%B9%96%E4%BA%BA&sa=fyb_news&rsv_dl=fyb_news', '2023-03-27 10:21:01', '2023-03-27 10:21:01', '2023-03-27 10:21:01', 2, NULL);
INSERT INTO `headline_news` VALUES ('f63332702f804fcda94701d544e80bb1', 'HYBE三国语言公告没有中文', '', 'https://fyb-1.cdn.bcebos.com/fyb/de6163834f53ca92c1273fff98ac9078.jpeg', '百度', 'https://www.baidu.com/s?wd=HYBE%E4%B8%89%E5%9B%BD%E8%AF%AD%E8%A8%80%E5%85%AC%E5%91%8A%E6%B2%A1%E6%9C%89%E4%B8%AD%E6%96%87&sa=fyb_news&rsv_dl=fyb_news', '2023-02-23 11:23:01', '2023-02-23 11:23:01', '2023-02-23 11:23:01', 2, NULL);
INSERT INTO `headline_news` VALUES ('f65d95adecfc445c9349aef37446a4bc', '原市委副秘书长坠亡 两处细节存疑', '4月20日，“深圳一退休官员坠楼身亡”一事引发网络热议。疑点是什么？其一，死者身份特殊。其二，坠楼原因成谜。其三，两处细节存疑。', 'https://fyb-2.cdn.bcebos.com/hotboard_image/4dd164e3de05b964af227459fca6ee87', '百度', 'https://www.baidu.com/s?wd=%E5%8E%9F%E5%B8%82%E5%A7%94%E5%89%AF%E7%A7%98%E4%B9%A6%E9%95%BF%E5%9D%A0%E4%BA%A1+%E4%B8%A4%E5%A4%84%E7%BB%86%E8%8A%82%E5%AD%98%E7%96%91&sa=fyb_news&rsv_dl=fyb_news', '2023-04-21 18:47:04', '2023-04-21 18:47:04', '2023-04-21 18:47:04', 2, NULL);
INSERT INTO `headline_news` VALUES ('f66fede9103048fbaee6319b4587ccc9', '美暗示台湾有事将袭解放军 中方驳斥', '2月22日，针对“美司令暗示‘台湾有事’将部署无人机攻击解放军”说法，国台办回应：充分表明美国反华势力出于自身利益纵容支持“台独”。', 'https://fyb-2.cdn.bcebos.com/hotboard_image/c43e2d3435a73f508d67feb5fa474bd9', '百度', 'https://www.baidu.com/s?wd=%E7%BE%8E%E6%9A%97%E7%A4%BA%E5%8F%B0%E6%B9%BE%E6%9C%89%E4%BA%8B%E5%B0%86%E8%A2%AD%E8%A7%A3%E6%94%BE%E5%86%9B+%E4%B8%AD%E6%96%B9%E9%A9%B3%E6%96%A5&sa=fyb_news&rsv_dl=fyb_news', '2023-02-23 15:19:01', '2023-02-23 15:19:01', '2023-02-23 15:19:01', 2, NULL);
INSERT INTO `headline_news` VALUES ('f7363b81372342a89afbb1aa1a8e4b56', '高学历低龄老人线上求职碰壁', '22日，记者调查发现，高学历老人在求职过程中屡屡碰壁，甚至遭遇无企业问津的情况，其中58岁的清华毕业老人甚至找不到超5000元的工作。', 'https://fyb-2.cdn.bcebos.com/hotboard_image/8cd83c003932a24438f2283a8fb34df8', '百度', 'https://www.baidu.com/s?wd=%E9%AB%98%E5%AD%A6%E5%8E%86%E4%BD%8E%E9%BE%84%E8%80%81%E4%BA%BA%E7%BA%BF%E4%B8%8A%E6%B1%82%E8%81%8C%E7%A2%B0%E5%A3%81&sa=fyb_news&rsv_dl=fyb_news', '2023-02-23 11:13:01', '2023-02-23 11:13:01', '2023-02-23 11:13:01', 2, NULL);
INSERT INTO `headline_news` VALUES ('f742fd4ac38347829a9ceec8c952d62c', '四川一道观招募道士限35岁以下', '近日，四川一道观发布招募道士公告，没有任何所谓“工资报酬”，限制18岁以上35岁以下未婚男女青年，引发关注。有网友调侃：年纪大影响悟性？n', 'https://fyb-2.cdn.bcebos.com/hotboard_image/5f302b08bdc4ccbc5a9a82dbf4393f6f', '百度', 'https://www.baidu.com/s?wd=%E5%9B%9B%E5%B7%9D%E4%B8%80%E9%81%93%E8%A7%82%E6%8B%9B%E5%8B%9F%E9%81%93%E5%A3%AB%E9%99%9035%E5%B2%81%E4%BB%A5%E4%B8%8B&sa=fyb_news&rsv_dl=fyb_news', '2023-03-26 22:39:01', '2023-03-26 22:39:01', '2023-03-26 22:39:01', 2, NULL);
INSERT INTO `headline_news` VALUES ('f7bebc39f0644aad9f23be27f38bd0d5', '代表呼吁全国普及电子身份证', '', 'https://fyb-1.cdn.bcebos.com/fyb/de6163834f53ca92c1273fff98ac9078.jpeg', '百度', 'https://www.baidu.com/s?wd=%E4%BB%A3%E8%A1%A8%E5%91%BC%E5%90%81%E5%85%A8%E5%9B%BD%E6%99%AE%E5%8F%8A%E7%94%B5%E5%AD%90%E8%BA%AB%E4%BB%BD%E8%AF%81&sa=fyb_news&rsv_dl=fyb_news', '2023-03-04 22:19:01', '2023-03-04 22:19:01', '2023-03-04 22:19:01', 2, NULL);
INSERT INTO `headline_news` VALUES ('f7dbab26810548308da0944ef353ed95', '日本自卫队遭遇“史上最难征兵”', '', 'https://fyb-1.cdn.bcebos.com/fyb/de6163834f53ca92c1273fff98ac9078.jpeg', '百度', 'https://www.baidu.com/s?wd=%E6%97%A5%E6%9C%AC%E8%87%AA%E5%8D%AB%E9%98%9F%E9%81%AD%E9%81%87%E2%80%9C%E5%8F%B2%E4%B8%8A%E6%9C%80%E9%9A%BE%E5%BE%81%E5%85%B5%E2%80%9D&sa=fyb_news&rsv_dl=fyb_news', '2023-04-21 07:51:14', '2023-04-21 07:51:14', '2023-04-21 07:51:14', 2, NULL);
INSERT INTO `headline_news` VALUES ('f813213af3104cd79370844bd3a07903', '官员落马细节：脚垫丢失要求出警', '', 'https://fyb-1.cdn.bcebos.com/fyb/de6163834f53ca92c1273fff98ac9078.jpeg', '百度', 'https://www.baidu.com/s?wd=%E5%AE%98%E5%91%98%E8%90%BD%E9%A9%AC%E7%BB%86%E8%8A%82%EF%BC%9A%E8%84%9A%E5%9E%AB%E4%B8%A2%E5%A4%B1%E8%A6%81%E6%B1%82%E5%87%BA%E8%AD%A6&sa=fyb_news&rsv_dl=fyb_news', '2023-04-20 10:35:17', '2023-04-20 10:35:17', '2023-04-20 10:35:17', 2, NULL);
INSERT INTO `headline_news` VALUES ('f828132be54f4e4791a7719da8e844b9', '贵州遭暴雨袭击：正睡觉房子被吹飞', '', 'https://fyb-1.cdn.bcebos.com/fyb/de6163834f53ca92c1273fff98ac9078.jpeg', '百度', 'https://www.baidu.com/s?wd=%E8%B4%B5%E5%B7%9E%E9%81%AD%E6%9A%B4%E9%9B%A8%E8%A2%AD%E5%87%BB%EF%BC%9A%E6%AD%A3%E7%9D%A1%E8%A7%89%E6%88%BF%E5%AD%90%E8%A2%AB%E5%90%B9%E9%A3%9E&sa=fyb_news&rsv_dl=fyb_news', '2023-04-21 12:34:04', '2023-04-21 12:34:04', '2023-04-21 12:34:04', 2, NULL);
INSERT INTO `headline_news` VALUES ('f83746540f3e445e9ebc9e9e8233c447', '女孩升职被同事造黄谣抑郁后裸辞', '', 'https://fyb-1.cdn.bcebos.com/fyb/de6163834f53ca92c1273fff98ac9078.jpeg', '百度', 'https://www.baidu.com/s?wd=%E5%A5%B3%E5%AD%A9%E5%8D%87%E8%81%8C%E8%A2%AB%E5%90%8C%E4%BA%8B%E9%80%A0%E9%BB%84%E8%B0%A3%E6%8A%91%E9%83%81%E5%90%8E%E8%A3%B8%E8%BE%9E&sa=fyb_news&rsv_dl=fyb_news', '2023-04-21 08:09:13', '2023-04-21 08:09:13', '2023-04-21 08:09:13', 2, NULL);
INSERT INTO `headline_news` VALUES ('f8507ffb7ae54c4c93a116a18a2bfb11', '洪都拉斯宣布与台湾“断交”', '当地时间3月25日，洪都拉斯外交部发表声明，正式宣布与中国台湾断绝“外交关系”。', 'https://fyb-2.cdn.bcebos.com/hotboard_image/d95288ef553b26bedaed5aac012af7cc', '百度', 'https://www.baidu.com/s?wd=%E6%B4%AA%E9%83%BD%E6%8B%89%E6%96%AF%E5%AE%A3%E5%B8%83%E4%B8%8E%E5%8F%B0%E6%B9%BE%E2%80%9C%E6%96%AD%E4%BA%A4%E2%80%9D&sa=fyb_news&rsv_dl=fyb_news', '2023-03-26 10:30:01', '2023-03-26 10:30:01', '2023-03-26 10:30:01', 2, NULL);
INSERT INTO `headline_news` VALUES ('f85cec0dcca247b180655c79038eb5c0', '女儿牵着父亲的手上领奖台', '3月3日，云南大关复兴中学学校颁奖典礼现场，一名高三女同学牵手父亲上台领奖，父亲在台上忍不住悄悄抹眼泪。', 'https://fyb-2.cdn.bcebos.com/hotboard_image/f614ebe8ddc978245b732fb5879e7a8c', '百度', 'https://www.baidu.com/s?wd=%E5%A5%B3%E5%84%BF%E7%89%B5%E7%9D%80%E7%88%B6%E4%BA%B2%E7%9A%84%E6%89%8B%E4%B8%8A%E9%A2%86%E5%A5%96%E5%8F%B0&sa=fyb_news&rsv_dl=fyb_news', '2023-03-04 21:54:01', '2023-03-04 21:54:01', '2023-03-04 21:54:01', 2, NULL);
INSERT INTO `headline_news` VALUES ('f87748f149ab4fcd83f5d3863d7ee8e5', '长峰曾豪言5年内医院数量达100家', '因为发生火灾事故被聚焦的北京长峰医院，背后的新三板挂牌公司早有安全隐患。2018年该公司曾设立目标，“力争在5年内全集团医院数量达到100家”。', 'https://fyb-2.cdn.bcebos.com/hotboard_image/0ed337c0caa953cf228f12f7f14e199f', '百度', 'https://www.baidu.com/s?wd=%E9%95%BF%E5%B3%B0%E6%9B%BE%E8%B1%AA%E8%A8%805%E5%B9%B4%E5%86%85%E5%8C%BB%E9%99%A2%E6%95%B0%E9%87%8F%E8%BE%BE100%E5%AE%B6&sa=fyb_news&rsv_dl=fyb_news', '2023-04-20 01:50:02', '2023-04-20 01:50:02', '2023-04-20 01:50:02', 2, NULL);
INSERT INTO `headline_news` VALUES ('f92a8cabaab84ccab7a146d1981caa30', '男篮世界杯分档公布 中国列第六档', '', 'https://fyb-1.cdn.bcebos.com/fyb/de6163834f53ca92c1273fff98ac9078.jpeg', '百度', 'https://www.baidu.com/s?wd=%E7%94%B7%E7%AF%AE%E4%B8%96%E7%95%8C%E6%9D%AF%E5%88%86%E6%A1%A3%E5%85%AC%E5%B8%83+%E4%B8%AD%E5%9B%BD%E5%88%97%E7%AC%AC%E5%85%AD%E6%A1%A3&sa=fyb_news&rsv_dl=fyb_news', '2023-04-22 08:15:04', '2023-04-22 08:15:04', '2023-04-22 08:15:04', 2, NULL);
INSERT INTO `headline_news` VALUES ('f93fe157cf7f44df9b7dfd5eab3a088a', '姆巴佩成为巴黎队史射手王', '', 'https://fyb-1.cdn.bcebos.com/fyb/de6163834f53ca92c1273fff98ac9078.jpeg', '百度', 'https://www.baidu.com/s?wd=%E5%A7%86%E5%B7%B4%E4%BD%A9%E6%88%90%E4%B8%BA%E5%B7%B4%E9%BB%8E%E9%98%9F%E5%8F%B2%E5%B0%84%E6%89%8B%E7%8E%8B&sa=fyb_news&rsv_dl=fyb_news', '2023-03-05 11:39:01', '2023-03-05 11:39:01', '2023-03-05 11:39:01', 2, NULL);
INSERT INTO `headline_news` VALUES ('f950509a04ad4daeb5d073faa8dd93f4', '岸田文雄向靖国神社供奉祭品', '据日本共同社消息，日本首相岸田文雄21日配合靖国神社开始的春季例行大祭，以“内阁总理大臣岸田文雄”的名义供奉了被称为“真榊”的祭品。', 'https://fyb-2.cdn.bcebos.com/hotboard_image/3780341b6ae4a89ae4cf83685d7f3cf1', '百度', 'https://www.baidu.com/s?wd=%E5%B2%B8%E7%94%B0%E6%96%87%E9%9B%84%E5%90%91%E9%9D%96%E5%9B%BD%E7%A5%9E%E7%A4%BE%E4%BE%9B%E5%A5%89%E7%A5%AD%E5%93%81&sa=fyb_news&rsv_dl=fyb_news', '2023-04-21 10:44:03', '2023-04-21 10:44:03', '2023-04-21 10:44:03', 2, NULL);
INSERT INTO `headline_news` VALUES ('f953eed036d34061b889b6b49090f26d', '大爷银行取钱频遭插队 1小时没排上', '', 'https://fyb-1.cdn.bcebos.com/fyb/de6163834f53ca92c1273fff98ac9078.jpeg', '百度', 'https://www.baidu.com/s?wd=%E5%A4%A7%E7%88%B7%E9%93%B6%E8%A1%8C%E5%8F%96%E9%92%B1%E9%A2%91%E9%81%AD%E6%8F%92%E9%98%9F+1%E5%B0%8F%E6%97%B6%E6%B2%A1%E6%8E%92%E4%B8%8A&sa=fyb_news&rsv_dl=fyb_news', '2023-02-23 15:38:01', '2023-02-23 15:38:01', '2023-02-23 15:38:01', 2, NULL);
INSERT INTO `headline_news` VALUES ('f976337be66a490799ef387d20289b58', '超级火流星划过北京夜空被拍下', '', 'https://fyb-1.cdn.bcebos.com/fyb/de6163834f53ca92c1273fff98ac9078.jpeg', '百度', 'https://www.baidu.com/s?wd=%E8%B6%85%E7%BA%A7%E7%81%AB%E6%B5%81%E6%98%9F%E5%88%92%E8%BF%87%E5%8C%97%E4%BA%AC%E5%A4%9C%E7%A9%BA%E8%A2%AB%E6%8B%8D%E4%B8%8B&sa=fyb_news&rsv_dl=fyb_news', '2023-03-27 11:29:00', '2023-03-27 11:29:00', '2023-03-27 11:29:00', 2, NULL);
INSERT INTO `headline_news` VALUES ('f97bd8d0516544d1856a83b482ceb9e0', 'SpaceX星舰发射失败', '', 'https://fyb-1.cdn.bcebos.com/fyb/de6163834f53ca92c1273fff98ac9078.jpeg', '百度', 'https://www.baidu.com/s?wd=SpaceX%E6%98%9F%E8%88%B0%E5%8F%91%E5%B0%84%E5%A4%B1%E8%B4%A5&sa=fyb_news&rsv_dl=fyb_news', '2023-04-20 21:47:20', '2023-04-20 21:47:20', '2023-04-20 21:47:20', 2, NULL);
INSERT INTO `headline_news` VALUES ('f989374be68b46f7bdd659de99e24b3c', '女子称应聘教师笔试第二被拒', '', 'https://fyb-1.cdn.bcebos.com/fyb/de6163834f53ca92c1273fff98ac9078.jpeg', '百度', 'https://www.baidu.com/s?wd=%E5%A5%B3%E5%AD%90%E7%A7%B0%E5%BA%94%E8%81%98%E6%95%99%E5%B8%88%E7%AC%94%E8%AF%95%E7%AC%AC%E4%BA%8C%E8%A2%AB%E6%8B%92&sa=fyb_news&rsv_dl=fyb_news', '2023-04-22 15:36:02', '2023-04-22 15:36:02', '2023-04-22 15:36:02', 2, NULL);
INSERT INTO `headline_news` VALUES ('f9a5f34c3b854499938d4e5e4733ca9c', '铁路曾试行“女性包厢”却匆匆退市', '', 'https://fyb-1.cdn.bcebos.com/fyb/de6163834f53ca92c1273fff98ac9078.jpeg', '百度', 'https://www.baidu.com/s?wd=%E9%93%81%E8%B7%AF%E6%9B%BE%E8%AF%95%E8%A1%8C%E2%80%9C%E5%A5%B3%E6%80%A7%E5%8C%85%E5%8E%A2%E2%80%9D%E5%8D%B4%E5%8C%86%E5%8C%86%E9%80%80%E5%B8%82&sa=fyb_news&rsv_dl=fyb_news', '2023-04-22 15:33:05', '2023-04-22 15:33:05', '2023-04-22 15:33:05', 2, NULL);
INSERT INTO `headline_news` VALUES ('fa4ff18609e7410d867cc44650f4b0bf', '河南一小学停办或涉非法集资', '近日，河南一私立小学突然停办。据悉，该小学家长所缴“助学金”超过400万。律师表示：学校以办学为名，向家长集资是涉嫌违法犯罪的。', 'https://fyb-2.cdn.bcebos.com/hotboard_image/70b27753117e97c0cc3f61e9e2e49c68', '百度', 'https://www.baidu.com/s?wd=%E6%B2%B3%E5%8D%97%E4%B8%80%E5%B0%8F%E5%AD%A6%E5%81%9C%E5%8A%9E%E6%88%96%E6%B6%89%E9%9D%9E%E6%B3%95%E9%9B%86%E8%B5%84&sa=fyb_news&rsv_dl=fyb_news', '2023-03-26 13:44:01', '2023-03-26 13:44:01', '2023-03-26 13:44:01', 2, NULL);
INSERT INTO `headline_news` VALUES ('fa8b165ff72f49b1a1647e73371be187', '香港12人因参与暴动被判监禁', '3月25日，香港特区区域法院宣判，2019年在特区政府总部外参与暴动的12名被告分别入狱48至63个月。', 'https://fyb-2.cdn.bcebos.com/hotboard_image/4dd164e3de05b964af227459fca6ee87', '百度', 'https://www.baidu.com/s?wd=%E9%A6%99%E6%B8%AF12%E4%BA%BA%E5%9B%A0%E5%8F%82%E4%B8%8E%E6%9A%B4%E5%8A%A8%E8%A2%AB%E5%88%A4%E7%9B%91%E7%A6%81&sa=fyb_news&rsv_dl=fyb_news', '2023-03-26 11:41:01', '2023-03-26 11:41:01', '2023-03-26 11:41:01', 2, NULL);
INSERT INTO `headline_news` VALUES ('faf484028a154840aab3996097a39036', '女子称多次被教师丈夫家暴', '', 'https://fyb-1.cdn.bcebos.com/fyb/de6163834f53ca92c1273fff98ac9078.jpeg', '百度', 'https://www.baidu.com/s?wd=%E5%A5%B3%E5%AD%90%E7%A7%B0%E5%A4%9A%E6%AC%A1%E8%A2%AB%E6%95%99%E5%B8%88%E4%B8%88%E5%A4%AB%E5%AE%B6%E6%9A%B4&sa=fyb_news&rsv_dl=fyb_news', '2023-02-23 11:24:01', '2023-02-23 11:24:01', '2023-02-23 11:24:01', 2, NULL);
INSERT INTO `headline_news` VALUES ('fb024e6fc21e40debe120d0b9dd176fd', '商丘公交发通告表示确保不停运', '近日，商丘市公交停运引发关注。23日公交公司发公告表示将克服困难，确保不停运。随后，市政府发说明称，市财政一直予以补贴，目前市政府工作组已进驻。', 'https://fyb-2.cdn.bcebos.com/hotboard_image/b5fad9feee57afcecd1ec4220ffdbc03', '百度', 'https://www.baidu.com/s?wd=%E5%95%86%E4%B8%98%E5%85%AC%E4%BA%A4%E5%8F%91%E9%80%9A%E5%91%8A%E8%A1%A8%E7%A4%BA%E7%A1%AE%E4%BF%9D%E4%B8%8D%E5%81%9C%E8%BF%90&sa=fyb_news&rsv_dl=fyb_news', '2023-02-23 15:09:01', '2023-02-23 15:09:01', '2023-02-23 15:09:01', 2, NULL);
INSERT INTO `headline_news` VALUES ('fb22eb881c284445bcffb35476827e00', '山西省人大常委会原主任卢功勋逝世', '山西省人大常委会原主任卢功勋同志，因病于2023年2月28日在太原逝世，享年90岁。', 'https://fyb-2.cdn.bcebos.com/hotboard_image/c795fc7febc781a20a7e80c02fdbaeb7', '百度', 'https://www.baidu.com/s?wd=%E5%B1%B1%E8%A5%BF%E7%9C%81%E4%BA%BA%E5%A4%A7%E5%B8%B8%E5%A7%94%E4%BC%9A%E5%8E%9F%E4%B8%BB%E4%BB%BB%E5%8D%A2%E5%8A%9F%E5%8B%8B%E9%80%9D%E4%B8%96&sa=fyb_news&rsv_dl=fyb_news', '2023-03-26 12:09:01', '2023-03-26 12:09:01', '2023-03-26 12:09:01', 2, NULL);
INSERT INTO `headline_news` VALUES ('fb924dd9ec8a4cafabfe94eb0057f553', '女子吐槽软卧车厢分配3男1女', '', 'https://fyb-1.cdn.bcebos.com/fyb/de6163834f53ca92c1273fff98ac9078.jpeg', '百度', 'https://www.baidu.com/s?wd=%E5%A5%B3%E5%AD%90%E5%90%90%E6%A7%BD%E8%BD%AF%E5%8D%A7%E8%BD%A6%E5%8E%A2%E5%88%86%E9%85%8D3%E7%94%B71%E5%A5%B3&sa=fyb_news&rsv_dl=fyb_news', '2023-04-21 13:54:10', '2023-04-21 13:54:10', '2023-04-21 13:54:10', 2, NULL);
INSERT INTO `headline_news` VALUES ('fc6093716af04c9dbbb9e708ee9a6357', '男子嫌命不好到书店偷周易被行拘', '', 'https://fyb-1.cdn.bcebos.com/fyb/de6163834f53ca92c1273fff98ac9078.jpeg', '百度', 'https://www.baidu.com/s?wd=%E7%94%B7%E5%AD%90%E5%AB%8C%E5%91%BD%E4%B8%8D%E5%A5%BD%E5%88%B0%E4%B9%A6%E5%BA%97%E5%81%B7%E5%91%A8%E6%98%93%E8%A2%AB%E8%A1%8C%E6%8B%98&sa=fyb_news&rsv_dl=fyb_news', '2023-03-26 18:34:01', '2023-03-26 18:34:01', '2023-03-26 18:34:01', 2, NULL);
INSERT INTO `headline_news` VALUES ('fcb3e5b149d249879b3556265e589e00', '男童隔窗将饭店剩汤泼顾客全身', '', 'https://fyb-1.cdn.bcebos.com/fyb/de6163834f53ca92c1273fff98ac9078.jpeg', '百度', 'https://www.baidu.com/s?wd=%E7%94%B7%E7%AB%A5%E9%9A%94%E7%AA%97%E5%B0%86%E9%A5%AD%E5%BA%97%E5%89%A9%E6%B1%A4%E6%B3%BC%E9%A1%BE%E5%AE%A2%E5%85%A8%E8%BA%AB&sa=fyb_news&rsv_dl=fyb_news', '2023-04-20 08:45:14', '2023-04-20 08:45:14', '2023-04-20 08:45:14', 2, NULL);
INSERT INTO `headline_news` VALUES ('fcc7df71555d48e4aa7854803619e387', '把恢复和扩大消费摆在优先位置', '', 'https://fyb-1.cdn.bcebos.com/fyb/de6163834f53ca92c1273fff98ac9078.jpeg', '百度', 'https://www.baidu.com/s?wd=%E6%8A%8A%E6%81%A2%E5%A4%8D%E5%92%8C%E6%89%A9%E5%A4%A7%E6%B6%88%E8%B4%B9%E6%91%86%E5%9C%A8%E4%BC%98%E5%85%88%E4%BD%8D%E7%BD%AE&sa=fyb_news&rsv_dl=fyb_news', '2023-03-05 11:06:01', '2023-03-05 11:06:01', '2023-03-05 11:06:01', 2, NULL);
INSERT INTO `headline_news` VALUES ('fd251fba953f40ee911f75d50362719e', '女子酒后当街撕扯男子上衣', '', 'https://fyb-1.cdn.bcebos.com/fyb/de6163834f53ca92c1273fff98ac9078.jpeg', '百度', 'https://www.baidu.com/s?wd=%E5%A5%B3%E5%AD%90%E9%85%92%E5%90%8E%E5%BD%93%E8%A1%97%E6%92%95%E6%89%AF%E7%94%B7%E5%AD%90%E4%B8%8A%E8%A1%A3&sa=fyb_news&rsv_dl=fyb_news', '2023-04-22 16:02:05', '2023-04-22 16:02:05', '2023-04-22 16:02:05', 2, NULL);
INSERT INTO `headline_news` VALUES ('fd31fd0ffe2545d38d699b5b95f0eee1', '嫖客被抓反告民警并胜诉', '武汉一嫖客被抓，被处以行政拘留十日的行政处罚。该嫖客对结果不服反告民警，法院认定抓嫖时正式民警少于两人，撤销对该嫖客的判决。', 'https://fyb-2.cdn.bcebos.com/hotboard_image/25d0cfb55b629bc7b51b5bdda1d9fd3b', '百度', 'https://www.baidu.com/s?wd=%E5%AB%96%E5%AE%A2%E8%A2%AB%E6%8A%93%E5%8F%8D%E5%91%8A%E6%B0%91%E8%AD%A6%E5%B9%B6%E8%83%9C%E8%AF%89&sa=fyb_news&rsv_dl=fyb_news', '2023-04-23 08:35:16', '2023-04-23 08:35:16', '2023-04-23 08:35:16', 2, NULL);
INSERT INTO `headline_news` VALUES ('fd3a86138f1a46c4a899964b15f095c0', '李克强：当前发展面临诸多困难挑战', '', 'https://fyb-1.cdn.bcebos.com/fyb/de6163834f53ca92c1273fff98ac9078.jpeg', '百度', 'https://www.baidu.com/s?wd=%E6%9D%8E%E5%85%8B%E5%BC%BA%EF%BC%9A%E5%BD%93%E5%89%8D%E5%8F%91%E5%B1%95%E9%9D%A2%E4%B8%B4%E8%AF%B8%E5%A4%9A%E5%9B%B0%E9%9A%BE%E6%8C%91%E6%88%98&sa=fyb_news&rsv_dl=fyb_news', '2023-03-05 10:10:01', '2023-03-05 10:10:01', '2023-03-05 10:10:01', 2, NULL);
INSERT INTO `headline_news` VALUES ('fdac8e0208d44e57aa8149883a4de964', '针对中国 美国要搞个“90天冲刺”', '美国政客为了自身利益炒作“中国威胁论”花样百出。21日，美国国土安全部长在演讲中大肆渲染“中国威胁”，还宣称要为此展开“90天冲刺”。', 'https://fyb-2.cdn.bcebos.com/hotboard_image/e63c6dcabcc1aac06e534887ae2734af', '百度', 'https://www.baidu.com/s?wd=%E9%92%88%E5%AF%B9%E4%B8%AD%E5%9B%BD+%E7%BE%8E%E5%9B%BD%E8%A6%81%E6%90%9E%E4%B8%AA%E2%80%9C90%E5%A4%A9%E5%86%B2%E5%88%BA%E2%80%9D&sa=fyb_news&rsv_dl=fyb_news', '2023-04-22 18:22:07', '2023-04-22 18:22:07', '2023-04-22 18:22:07', 2, NULL);
INSERT INTO `headline_news` VALUES ('fdde4d86a5f64b7580fccf43699f97ab', '普京为何此时答应白俄罗斯要求？', '当地时间25日，普京表示，俄罗斯与白俄罗斯已同意将在白俄领土上部署战术核武器。缘何此时宣布？普京表示，此举系对英国计划向乌提供贫铀弹的回应。', 'https://fyb-2.cdn.bcebos.com/hotboard_image/a3a0217f7e2ee0469a126ba66ab8d158', '百度', 'https://www.baidu.com/s?wd=%E6%99%AE%E4%BA%AC%E4%B8%BA%E4%BD%95%E6%AD%A4%E6%97%B6%E7%AD%94%E5%BA%94%E7%99%BD%E4%BF%84%E7%BD%97%E6%96%AF%E8%A6%81%E6%B1%82%EF%BC%9F&sa=fyb_news&rsv_dl=fyb_news', '2023-03-27 10:14:01', '2023-03-27 10:14:01', '2023-03-27 10:14:01', 2, NULL);
INSERT INTO `headline_news` VALUES ('fdfefb2dcb1e4def9197868bc5a895e9', '前往土耳其搜救犬乘商务舱回国', '', 'https://fyb-1.cdn.bcebos.com/fyb/de6163834f53ca92c1273fff98ac9078.jpeg', '百度', 'https://www.baidu.com/s?wd=%E5%89%8D%E5%BE%80%E5%9C%9F%E8%80%B3%E5%85%B6%E6%90%9C%E6%95%91%E7%8A%AC%E4%B9%98%E5%95%86%E5%8A%A1%E8%88%B1%E5%9B%9E%E5%9B%BD&sa=fyb_news&rsv_dl=fyb_news', '2023-03-05 13:39:01', '2023-03-05 13:39:01', '2023-03-05 13:39:01', 2, NULL);
INSERT INTO `headline_news` VALUES ('fe427e01993d408d821a3dc6c3b4b740', '国台办回应洪都拉斯与台湾“断交”', '当地时间3月25日，洪都拉斯宣布与台湾断绝所谓“外交关系”。3月27日，国台办发言人马晓光表示：洪都拉斯同中国建交，是顺应大势的正确选择。', 'https://fyb-2.cdn.bcebos.com/hotboard_image/936f3735b248566de0863d7d56162c17', '百度', 'https://www.baidu.com/s?wd=%E5%9B%BD%E5%8F%B0%E5%8A%9E%E5%9B%9E%E5%BA%94%E6%B4%AA%E9%83%BD%E6%8B%89%E6%96%AF%E4%B8%8E%E5%8F%B0%E6%B9%BE%E2%80%9C%E6%96%AD%E4%BA%A4%E2%80%9D&sa=fyb_news&rsv_dl=fyb_news', '2023-03-27 15:42:01', '2023-03-27 15:42:01', '2023-03-27 15:42:01', 2, NULL);
INSERT INTO `headline_news` VALUES ('fe7b551a55d047d39906126f319bd10c', '女子给猴子喂食被掌掴 景区回应', '3月26日，江苏一位网友发视频表示，朋友在公园喂食猴子，不料遭到猴子掌掴。27日，景区工作人员回应，如受伤打疫苗可以向保险公司理赔。', 'https://fyb-2.cdn.bcebos.com/hotboard_image/c187ed726289a244ee9ade2b07f0fbee', '百度', 'https://www.baidu.com/s?wd=%E5%A5%B3%E5%AD%90%E7%BB%99%E7%8C%B4%E5%AD%90%E5%96%82%E9%A3%9F%E8%A2%AB%E6%8E%8C%E6%8E%B4+%E6%99%AF%E5%8C%BA%E5%9B%9E%E5%BA%94&sa=fyb_news&rsv_dl=fyb_news', '2023-03-27 10:14:01', '2023-03-27 10:14:01', '2023-03-27 10:14:01', 2, NULL);
INSERT INTO `headline_news` VALUES ('fee7fc3447c94bb58759eb5d20ebe3a5', '广东湛江疑地陷数幢楼倾斜', '2月22日，广东省湛江市疑似出现地陷，几幢楼发生倾斜，现场拉起警戒线，附近居民紧急撤离。目前，封控区群众已经全部完成撤离，没有人员伤亡。', 'https://fyb-2.cdn.bcebos.com/hotboard_image/c57febb850c2adbc978decd769d7042b', '百度', 'https://www.baidu.com/s?wd=%E5%B9%BF%E4%B8%9C%E6%B9%9B%E6%B1%9F%E7%96%91%E5%9C%B0%E9%99%B7%E6%95%B0%E5%B9%A2%E6%A5%BC%E5%80%BE%E6%96%9C&sa=fyb_news&rsv_dl=fyb_news', '2023-02-23 14:29:01', '2023-02-23 14:29:01', '2023-02-23 14:29:01', 2, NULL);
INSERT INTO `headline_news` VALUES ('fef1bc5834894bb49d1146e5c49f8cef', '强冷空气来袭 局地气温降幅可超20℃', '近日，我国中东部大部暖热不断升级。但一场强冷空气会打断这场超前暖热。4月20日起，激烈的冷暖逆转正式开始， 局地气温降幅可超20℃。', 'https://fyb-2.cdn.bcebos.com/hotboard_image/65459d63087dcd5a98ce96a7ea94f0ad', '百度', 'https://www.baidu.com/s?wd=%E5%BC%BA%E5%86%B7%E7%A9%BA%E6%B0%94%E6%9D%A5%E8%A2%AD+%E5%B1%80%E5%9C%B0%E6%B0%94%E6%B8%A9%E9%99%8D%E5%B9%85%E5%8F%AF%E8%B6%8520%E2%84%83&sa=fyb_news&rsv_dl=fyb_news', '2023-04-20 00:59:06', '2023-04-20 00:59:06', '2023-04-20 00:59:06', 2, NULL);
INSERT INTO `headline_news` VALUES ('ff0313206a3645f2af3c28e4102e64cd', '委员：中国护照的含金量越来越高', '3月4日下午，全国政协委员戴斌表示：目前，中国已与150个国家签署互免签证协议，中国护照的含金量越来越高，说走就走的目的地越来越多。', 'https://fyb-2.cdn.bcebos.com/hotboard_image/c0bfd5563f486b0c33fda80fde2ef893', '百度', 'https://www.baidu.com/s?wd=%E5%A7%94%E5%91%98%EF%BC%9A%E4%B8%AD%E5%9B%BD%E6%8A%A4%E7%85%A7%E7%9A%84%E5%90%AB%E9%87%91%E9%87%8F%E8%B6%8A%E6%9D%A5%E8%B6%8A%E9%AB%98&sa=fyb_news&rsv_dl=fyb_news', '2023-03-05 10:54:01', '2023-03-05 10:54:01', '2023-03-05 10:54:01', 2, NULL);
INSERT INTO `headline_news` VALUES ('ff55ee7aa2d144289062e0f35ad71ec8', '宝马mini展台不发冰淇淋改发钥匙扣', '近日，宝马MINI上海车展冰激凌事件持续发酵，宝马欧股市值蒸发21亿欧元。目前，宝马MINI展台不发冰淇淋，而改发钥匙扣。', 'https://fyb-2.cdn.bcebos.com/hotboard_image/5ae2bcdf198566220b175c45ee9aee5f', '百度', 'https://www.baidu.com/s?wd=%E5%AE%9D%E9%A9%ACmini%E5%B1%95%E5%8F%B0%E4%B8%8D%E5%8F%91%E5%86%B0%E6%B7%87%E6%B7%8B%E6%94%B9%E5%8F%91%E9%92%A5%E5%8C%99%E6%89%A3&sa=fyb_news&rsv_dl=fyb_news', '2023-04-21 14:25:07', '2023-04-21 14:25:07', '2023-04-21 14:25:07', 2, NULL);
INSERT INTO `headline_news` VALUES ('ff7b54ca609549cd9b8c9f069fa80481', '市委书记会见施一公坐姿引争议', '', 'https://fyb-1.cdn.bcebos.com/fyb/de6163834f53ca92c1273fff98ac9078.jpeg', '百度', 'https://www.baidu.com/s?wd=%E5%B8%82%E5%A7%94%E4%B9%A6%E8%AE%B0%E4%BC%9A%E8%A7%81%E6%96%BD%E4%B8%80%E5%85%AC%E5%9D%90%E5%A7%BF%E5%BC%95%E4%BA%89%E8%AE%AE&sa=fyb_news&rsv_dl=fyb_news', '2023-04-20 13:47:02', '2023-04-20 13:47:02', '2023-04-20 13:47:02', 2, NULL);
INSERT INTO `headline_news` VALUES ('ff8c2871d9e94e04900101e961258123', '台湾“邦交国”仅剩13个', '当地时间3月25日，洪都拉斯外交部发表声明，正式宣布与中国台湾断绝“外交关系”。至此台湾所谓“邦交国”仅剩13个。', 'https://fyb-2.cdn.bcebos.com/hotboard_image/4dd164e3de05b964af227459fca6ee87', '百度', 'https://www.baidu.com/s?wd=%E5%8F%B0%E6%B9%BE%E2%80%9C%E9%82%A6%E4%BA%A4%E5%9B%BD%E2%80%9D%E4%BB%85%E5%89%A913%E4%B8%AA&sa=fyb_news&rsv_dl=fyb_news', '2023-03-26 10:30:01', '2023-03-26 10:30:01', '2023-03-26 10:30:01', 2, NULL);
INSERT INTO `headline_news` VALUES ('ff9f3999b3bd430dbe8a42d6427b9224', '美国俄亥俄州再发生列车脱轨事故', '', 'https://fyb-1.cdn.bcebos.com/fyb/de6163834f53ca92c1273fff98ac9078.jpeg', '百度', 'https://www.baidu.com/s?wd=%E7%BE%8E%E5%9B%BD%E4%BF%84%E4%BA%A5%E4%BF%84%E5%B7%9E%E5%86%8D%E5%8F%91%E7%94%9F%E5%88%97%E8%BD%A6%E8%84%B1%E8%BD%A8%E4%BA%8B%E6%95%85&sa=fyb_news&rsv_dl=fyb_news', '2023-03-05 16:13:01', '2023-03-05 16:13:01', '2023-03-05 16:13:01', 2, NULL);
INSERT INTO `headline_news` VALUES ('ffeaaab2c4214a8ebd5dea77a42f6a10', '23岁小伙起红疹被误诊6年查出癌症', '近日，广东深圳23岁的小关从12岁起红疹掉皮屑，被当皮肤病治6年。后经医生诊断，确诊为蕈（xùn）样霉菌。蕈样霉菌是一种T细胞淋巴瘤，小关已到晚期。', 'https://fyb-2.cdn.bcebos.com/hotboard_image/5106f3110411dc93baadacfbc86b6ed3', '百度', 'https://www.baidu.com/s?wd=23%E5%B2%81%E5%B0%8F%E4%BC%99%E8%B5%B7%E7%BA%A2%E7%96%B9%E8%A2%AB%E8%AF%AF%E8%AF%8A6%E5%B9%B4%E6%9F%A5%E5%87%BA%E7%99%8C%E7%97%87&sa=fyb_news&rsv_dl=fyb_news', '2023-02-23 11:58:01', '2023-02-23 11:58:01', '2023-02-23 11:58:01', 2, NULL);
INSERT INTO `headline_news` VALUES ('GTMHHO1H0544HB98', '南昌一座跨江大桥——洪州大桥开工，造型设计图出来南昌人笑了', '最近有新闻报道，南昌将会有一座新的跨江大桥工程正式开工，开工', 'http://dingyue.ws.126.net/2022/0114/d4e2f6a4j00r5ozou000id000bt008vp.jpg', '号外江西', 'https://3g.163.com/news/article/GTMHHO1H0544HB98.html', '2022-01-14 17:02:13', '2023-03-26 17:59:49', '2023-03-26 17:59:49', 1, '江西');
INSERT INTO `headline_news` VALUES ('GTMJ1MU60544HB98', '江西各地有趣的新年习俗，有些都快失传了，你的家乡还有吗？', '春节，是中国最隆重、最喜庆的节日。它代表了团圆、幸福，象征着', 'http://dingyue.ws.126.net/2022/0114/4b11ae39j00r5p0z90018d000ft00bvp.jpg', '号外江西', 'https://3g.163.com/news/article/GTMJ1MU60544HB98.html', '2022-01-14 17:28:25', '2023-03-26 17:59:49', '2023-03-26 17:59:49', 1, '江西');
INSERT INTO `headline_news` VALUES ('GTTJ6D5A0544HB98', '2021年南昌解锁了哪些城市“关键词”，你还记得吗？', '过去的一年里，南昌这座城市又发生了喜人的成长和变化。南昌解锁', 'http://dingyue.ws.126.net/2022/0117/d2d15332j00r5u28x000sd000c20092p.jpg', '号外江西', 'https://3g.163.com/news/article/GTTJ6D5A0544HB98.html', '2022-01-17 10:45:40', '2023-03-26 17:59:49', '2023-03-26 17:59:49', 1, '江西');
INSERT INTO `headline_news` VALUES ('GU0JFJ6O0544HB98', '最新！最全！江西春节返乡疫情防控政策公布！', '下周一，春运正式开启身处省外的你是不是想知道春节返赣政策？低', 'http://dingyue.ws.126.net/2022/0118/e933576fj00r5w87t000kd000ce009bp.jpg', '号外江西', 'https://3g.163.com/news/article/GU0JFJ6O0544HB98.html', '2022-01-18 14:48:23', '2023-03-26 17:59:49', '2023-03-26 17:59:49', 1, '江西');
INSERT INTO `headline_news` VALUES ('GU5LMD4C0544HB98', '这些南昌冬季的暖胃美食，还不速速收藏起来，带你爱的人去吃', '最近一周，南昌的天气可谓是冷上加冷，室内比室外冷，冷的瑟瑟发', 'http://dingyue.ws.126.net/2022/0120/9ef37bedj00r5zvgu001sd000gg00ccp.jpg', '号外江西', 'https://3g.163.com/news/article/GU5LMD4C0544HB98.html', '2022-01-20 14:03:17', '2023-03-26 17:59:49', '2023-03-26 17:59:49', 1, '江西');
INSERT INTO `headline_news` VALUES ('GUFMKI610544HB98', '这些南昌美食组CP，你看上了哪一对？拌粉瓦罐汤都不算什么！', '2021年，大家总是用“红色、绿色、古色、金色”来形容南昌，', 'http://dingyue.ws.126.net/2022/0124/6774a8d6j00r6734t000zd000b4008cp.jpg', '号外江西', 'https://3g.163.com/news/article/GUFMKI610544HB98.html', '2022-01-24 11:32:10', '2023-03-26 17:59:49', '2023-03-26 17:59:49', 1, '江西');
INSERT INTO `headline_news` VALUES ('GUIO4HNT0544HB98', '南昌未来发展着力点在哪里？南昌县“撤县划区”进度会加快吗？', '经常有人说，南昌发展不突出，南昌不够大。这个“大”，既是空间', 'http://dingyue.ws.126.net/2022/0125/4ca97521j00r699zq003od000u000f0p.jpg', '号外江西', 'https://3g.163.com/news/article/GUIO4HNT0544HB98.html', '2022-01-25 15:56:05', '2023-03-26 17:59:49', '2023-03-26 17:59:49', 1, '江西');
INSERT INTO `headline_news` VALUES ('HQI82OSB0514R9P4', '司法部部长唐一军当选新一届江西省政协委员', '据微信公众号“江西政协”1月8日消息，1月7日，省政协十二届', 'http://bjnewsrec-cv.ws.126.net/little389842cad9ej00ro5b6a0010c000rs00fnc.jpg', '澎湃新闻', '', '2023-01-08 10:35:00', '2023-03-26 17:59:49', '2023-03-26 17:59:49', 1, '江西');
INSERT INTO `headline_news` VALUES ('HQI9A8TP053469LG', '伤者讲述车祸：半挂车从后方冲入送葬队伍，撞上百米外灵车才停下', '极目新闻记者张万军视频剪辑胡祉祺1月8日0时49分，江西南昌', 'http://dingyue.ws.126.net/2023/0108/7b1588d8j00ro5bta0018c000xc00gpg.jpg', '极目新闻', '', '2023-01-08 10:56:33', '2023-03-26 17:59:49', '2023-03-26 17:59:49', 1, '江西');
INSERT INTO `headline_news` VALUES ('HQIHVIVQ0534A4SC', '江西南昌县重大交通事故已造成19人死亡20人受伤', '南昌县委宣传部消息，南昌县1月8日发生的重大交通事故目前已造', 'http://cms-bucket.ws.126.net/2023/0108/e6718f8ej00ro5jgr001kc000s600e3c.jpg', '界面新闻', '', '2023-01-08 13:28:01', '2023-03-26 17:59:49', '2023-03-26 17:59:49', 1, '江西');

-- ----------------------------
-- Table structure for lost_found_item
-- ----------------------------
DROP TABLE IF EXISTS `lost_found_item`;
CREATE TABLE `lost_found_item`  (
  `uuid` varchar(36) CHARACTER SET utf8mb4 COLLATE utf8mb4_unicode_ci NOT NULL COMMENT 'uuid',
  `name` varchar(16) CHARACTER SET utf8mb4 COLLATE utf8mb4_unicode_ci NOT NULL COMMENT '物品名称',
  `location` varchar(36) CHARACTER SET utf8mb4 COLLATE utf8mb4_unicode_ci NOT NULL COMMENT '丢失或拾取地点',
  `description` text CHARACTER SET utf8mb4 COLLATE utf8mb4_unicode_ci NOT NULL COMMENT '物品描述',
  `publish_user_uuid` varchar(36) CHARACTER SET utf8mb4 COLLATE utf8mb4_unicode_ci NOT NULL COMMENT '发布人uuid',
  `publish_school_uuid` varchar(36) CHARACTER SET utf8mb4 COLLATE utf8mb4_unicode_ci NOT NULL COMMENT '发布学校uuid',
  `back_reason` text CHARACTER SET utf8mb4 COLLATE utf8mb4_unicode_ci NULL COMMENT '退回原因',
  `type` tinyint(1) NOT NULL COMMENT '物品类型 1表示拾取 2表示丢失',
  `status` tinyint(1) NOT NULL COMMENT '物品状态 1表示待审核 2未通过 3表示未认领 4表示已认领 5表示未找到 6表示已找到 7表示已撤回',
  `contact_way` varchar(36) CHARACTER SET utf8mb4 COLLATE utf8mb4_unicode_ci NOT NULL COMMENT '联系方式',
  `deleted` tinyint(1) NOT NULL DEFAULT 0 COMMENT '是否删除 1表示删除 0表示未删除',
  `view_number` int(10) NOT NULL DEFAULT 0 COMMENT '浏览量',
  `category_uuid` varchar(36) CHARACTER SET utf8mb4 COLLATE utf8mb4_unicode_ci NOT NULL COMMENT '分类uuid',
  `plate_uuid` varchar(36) CHARACTER SET utf8mb4 COLLATE utf8mb4_unicode_ci NOT NULL COMMENT '板块uuid',
  `create_time` datetime NOT NULL COMMENT '创建时间',
  `update_time` datetime NOT NULL COMMENT '更新时间',
  `examine_count` int(1) NOT NULL DEFAULT 0 COMMENT '审核次数，最多审核五次',
  `is_admin_revoke` bit(1) NOT NULL DEFAULT b'0' COMMENT '是否是管理员撤回',
  `is_sync_liberty_square` bit(1) NOT NULL DEFAULT b'0' COMMENT '是否同步到自由广场',
  PRIMARY KEY (`uuid`) USING BTREE
) ENGINE = InnoDB CHARACTER SET = utf8mb4 COLLATE = utf8mb4_unicode_ci COMMENT = '失物招领物品' ROW_FORMAT = DYNAMIC;

-- ----------------------------
-- Records of lost_found_item
-- ----------------------------
INSERT INTO `lost_found_item` VALUES ('262906871d194386a7dbf260599d23b8', '校园卡', '萍乡学院图书馆', '萍乡学院校园卡', '5e3a78a7bf834b0da6973d0a02d5a8a1', '24e20cb8e8f44f80a7a93c2b5a567f07', NULL, 2, 5, '2658377721', 0, 1, '56fc4d52048146f69cd117d36fc60cf0', 'fede952c63ba447e81464ea327413f71', '2023-02-24 21:18:42', '2023-04-22 02:00:00', 1, b'0', b'1');
INSERT INTO `lost_found_item` VALUES ('697c9902604046d4a2afdece257f6cff', '书包丢了', '萍乡学院12栋宿舍', '一个黑色的书包', '09f0e54045714e27a305ead5feb1e211', '24e20cb8e8f44f80a7a93c2b5a567f07', NULL, 2, 1, '15393561389', 0, 0, '56fc4d52048146f69cd117d36fc60cf0', 'fede952c63ba447e81464ea327413f71', '2023-04-21 14:55:40', '2023-04-21 14:55:40', 0, b'0', b'1');
INSERT INTO `lost_found_item` VALUES ('6a6b0f7dd9774809a2bfecb9a0f9d6db', '白夜行', '图书馆', '在图书馆内捡到', '722e2db58fc94e64b13798a4a3acd108', '24e20cb8e8f44f80a7a93c2b5a567f07', NULL, 1, 1, '18870704048', 0, 0, '2ac47bfbc932432383fbb8a8d9403544', 'fede952c63ba447e81464ea327413f71', '2023-04-21 16:25:07', '2023-04-21 16:25:07', 0, b'0', b'1');
INSERT INTO `lost_found_item` VALUES ('e343bf91a8394a94bcd45dd6053dad3a', '钱包', '二食堂', '在二食堂捡到的钱包，如有丢失者可与我联系。', 'b71cdc054bdf42a481242e3eb404f0e7', '24e20cb8e8f44f80a7a93c2b5a567f07', NULL, 1, 3, '18870704048', 0, 3, '56fc4d52048146f69cd117d36fc60cf0', 'fede952c63ba447e81464ea327413f71', '2023-03-05 13:36:25', '2023-04-22 02:00:00', 1, b'0', b'1');

-- ----------------------------
-- Table structure for lost_found_item_comment
-- ----------------------------
DROP TABLE IF EXISTS `lost_found_item_comment`;
CREATE TABLE `lost_found_item_comment`  (
  `uuid` varchar(36) CHARACTER SET utf8mb4 COLLATE utf8mb4_unicode_ci NOT NULL COMMENT 'uuid',
  `parent_uuid` varchar(36) CHARACTER SET utf8mb4 COLLATE utf8mb4_unicode_ci NOT NULL DEFAULT '0' COMMENT '评论父级uuid',
  `lost_found_item_uuid` varchar(36) CHARACTER SET utf8mb4 COLLATE utf8mb4_unicode_ci NOT NULL COMMENT '物品uuid',
  `comment_user_uuid` varchar(36) CHARACTER SET utf8mb4 COLLATE utf8mb4_unicode_ci NOT NULL COMMENT '评论用户uuid',
  `reply_user_uuid` varchar(36) CHARACTER SET utf8mb4 COLLATE utf8mb4_unicode_ci NOT NULL COMMENT '回复用户uuid',
  `content` text CHARACTER SET utf8mb4 COLLATE utf8mb4_unicode_ci NOT NULL COMMENT '评论内容',
  `create_time` datetime NOT NULL COMMENT '创建时间',
  `update_time` datetime NOT NULL COMMENT '更新时间',
  PRIMARY KEY (`uuid`) USING BTREE
) ENGINE = InnoDB CHARACTER SET = utf8mb4 COLLATE = utf8mb4_unicode_ci COMMENT = '失物招领物品评论表' ROW_FORMAT = DYNAMIC;

-- ----------------------------
-- Records of lost_found_item_comment
-- ----------------------------
INSERT INTO `lost_found_item_comment` VALUES ('1389f99402fb4f6483b176d39716f68c', '0', '262906871d194386a7dbf260599d23b8', '722e2db58fc94e64b13798a4a3acd108', '5e3a78a7bf834b0da6973d0a02d5a8a1', '同学，你好，我室友的校园卡也掉了，稍后会来联系你', '2023-03-26 11:44:20', '2023-03-26 11:44:20');
INSERT INTO `lost_found_item_comment` VALUES ('6204a4ef1c6d43c5bf0035d02f4b8cc2', '0', 'e343bf91a8394a94bcd45dd6053dad3a', 'ea4a4033f0da4e54b37c36a01419b5d1', 'b71cdc054bdf42a481242e3eb404f0e7', '这好像是我的钱包', '2023-04-20 21:44:56', '2023-04-20 21:44:56');
INSERT INTO `lost_found_item_comment` VALUES ('a9f4c3fc85804a1baa60f01b133f4ec8', '0', 'e343bf91a8394a94bcd45dd6053dad3a', 'ea4a4033f0da4e54b37c36a01419b5d1', 'b71cdc054bdf42a481242e3eb404f0e7', '我的吧', '2023-04-20 21:45:18', '2023-04-20 21:45:18');
INSERT INTO `lost_found_item_comment` VALUES ('e98d0fc489e34c389c49370f962d5716', '0', '262906871d194386a7dbf260599d23b8', '722e2db58fc94e64b13798a4a3acd108', '5e3a78a7bf834b0da6973d0a02d5a8a1', '真好看', '2023-03-27 10:55:50', '2023-03-27 10:55:50');

-- ----------------------------
-- Table structure for lost_found_item_examine_record
-- ----------------------------
DROP TABLE IF EXISTS `lost_found_item_examine_record`;
CREATE TABLE `lost_found_item_examine_record`  (
  `uuid` varchar(36) CHARACTER SET utf8mb4 COLLATE utf8mb4_unicode_ci NOT NULL COMMENT 'uuid',
  `lost_found_item_uuid` varchar(36) CHARACTER SET utf8mb4 COLLATE utf8mb4_unicode_ci NOT NULL COMMENT '失物招领uuid',
  `is_pass` bit(1) NOT NULL COMMENT '是否通过',
  `no_pass_reason` varchar(64) CHARACTER SET utf8mb4 COLLATE utf8mb4_unicode_ci NOT NULL DEFAULT '' COMMENT '未通过原因',
  `examine_admin_uuid` varchar(36) CHARACTER SET utf8mb4 COLLATE utf8mb4_unicode_ci NOT NULL COMMENT '审核管理员uuid',
  `create_time` datetime NOT NULL COMMENT '创建时间',
  `update_time` datetime NOT NULL COMMENT '更新时间',
  PRIMARY KEY (`uuid`) USING BTREE
) ENGINE = InnoDB CHARACTER SET = utf8mb4 COLLATE = utf8mb4_unicode_ci COMMENT = '失物招领审核记录' ROW_FORMAT = DYNAMIC;

-- ----------------------------
-- Records of lost_found_item_examine_record
-- ----------------------------
INSERT INTO `lost_found_item_examine_record` VALUES ('2ec4129818874217b76b36c2a7e0f431', 'e343bf91a8394a94bcd45dd6053dad3a', b'1', '', 'e5d642b9dfbc46d29f1d73eba62b693b', '2023-03-05 13:37:11', '2023-03-05 13:37:11');
INSERT INTO `lost_found_item_examine_record` VALUES ('36a8c9f858e3407fb445112112c0250d', '262906871d194386a7dbf260599d23b8', b'0', '图片不符合', 'e5d642b9dfbc46d29f1d73eba62b693b', '2023-02-25 16:23:01', '2023-02-25 16:23:01');
INSERT INTO `lost_found_item_examine_record` VALUES ('e926449efc8841f3a6ed498ee1a92ba2', '262906871d194386a7dbf260599d23b8', b'1', '', 'e5d642b9dfbc46d29f1d73eba62b693b', '2023-02-25 16:25:44', '2023-02-25 16:25:44');

-- ----------------------------
-- Table structure for lost_found_item_image
-- ----------------------------
DROP TABLE IF EXISTS `lost_found_item_image`;
CREATE TABLE `lost_found_item_image`  (
  `uuid` varchar(36) CHARACTER SET utf8mb4 COLLATE utf8mb4_unicode_ci NOT NULL COMMENT 'uuid',
  `lost_found_item_uuid` varchar(36) CHARACTER SET utf8mb4 COLLATE utf8mb4_unicode_ci NOT NULL COMMENT '失物招领物品uuid',
  `image_url` varchar(128) CHARACTER SET utf8mb4 COLLATE utf8mb4_unicode_ci NOT NULL COMMENT '图片地址',
  `create_time` datetime NOT NULL COMMENT '创建时间',
  `update_time` datetime NOT NULL COMMENT '更新时间',
  PRIMARY KEY (`uuid`) USING BTREE
) ENGINE = InnoDB CHARACTER SET = utf8mb4 COLLATE = utf8mb4_unicode_ci COMMENT = '失物招领物品图片' ROW_FORMAT = DYNAMIC;

-- ----------------------------
-- Records of lost_found_item_image
-- ----------------------------
INSERT INTO `lost_found_item_image` VALUES ('27a94a560e974e1db0789aec558993de', '262906871d194386a7dbf260599d23b8', 'https://smart-campus-1300450814.cos.ap-chengdu.myqcloud.com/2023/02/24/54281677244710049.JPG', '2023-02-24 21:18:42', '2023-02-24 21:18:42');
INSERT INTO `lost_found_item_image` VALUES ('2cfe47762e85465f95a3e0c33ca09e83', '697c9902604046d4a2afdece257f6cff', 'https://smart-campus-1314790014.cos.ap-nanjing.myqcloud.com/2023/04/21/46141682060136618.jpg', '2023-04-21 14:55:40', '2023-04-21 14:55:40');
INSERT INTO `lost_found_item_image` VALUES ('6822d8e0fcaa44cd989dfc26670a8044', 'e343bf91a8394a94bcd45dd6053dad3a', 'https://smart-campus-1314790014.cos.ap-nanjing.myqcloud.com/2023/03/05/10661677994580984.png', '2023-03-05 13:36:25', '2023-03-05 13:36:25');
INSERT INTO `lost_found_item_image` VALUES ('a59a596177b642b7947295fbab699531', '6a6b0f7dd9774809a2bfecb9a0f9d6db', 'https://smart-campus-1314790014.cos.ap-nanjing.myqcloud.com/2023/04/21/51091682065504283.jpeg', '2023-04-21 16:25:07', '2023-04-21 16:25:07');

-- ----------------------------
-- Table structure for menu
-- ----------------------------
DROP TABLE IF EXISTS `menu`;
CREATE TABLE `menu`  (
  `uuid` varchar(36) CHARACTER SET utf8 COLLATE utf8_general_ci NOT NULL COMMENT 'uuid',
  `parent_uuid` varchar(36) CHARACTER SET utf8 COLLATE utf8_general_ci NOT NULL DEFAULT '0' COMMENT '父级uuid',
  `name` varchar(16) CHARACTER SET utf8 COLLATE utf8_general_ci NOT NULL COMMENT '菜单名称',
  `path` varchar(32) CHARACTER SET utf8 COLLATE utf8_general_ci NOT NULL COMMENT '路径',
  `component_name` varchar(64) CHARACTER SET utf8 COLLATE utf8_general_ci NOT NULL COMMENT '组件名称',
  `is_menu` bit(1) NOT NULL COMMENT '是否是菜单，否则是按钮',
  `is_router` bit(1) NOT NULL COMMENT '是否是路由',
  `icon` varchar(36) CHARACTER SET utf8 COLLATE utf8_general_ci NOT NULL COMMENT '图标',
  `is_hidden` bit(1) NOT NULL COMMENT '是否隐藏',
  `create_time` datetime NOT NULL COMMENT '创建时间',
  `update_time` datetime NOT NULL COMMENT '更新时间',
  `sort` int(2) NOT NULL DEFAULT 1 COMMENT '排序',
  PRIMARY KEY (`uuid`) USING BTREE
) ENGINE = InnoDB CHARACTER SET = utf8 COLLATE = utf8_general_ci COMMENT = '菜单' ROW_FORMAT = DYNAMIC;

-- ----------------------------
-- Records of menu
-- ----------------------------
INSERT INTO `menu` VALUES ('0016105399334e769f85e9fd1df89de4', '4927ba71c0ab48b3b91f71a420c4dd5f', '评论举报审核', '/commentReport/examine', 'commentReportExamine', b'0', b'1', 'commentReportExamine', b'1', '2023-02-09 01:38:14', '2023-02-09 01:38:14', 3);
INSERT INTO `menu` VALUES ('04d30e17cc7b4038bdd192b96be59dde', '0', '表白墙', '/confessionalWall', 'confessionalWall', b'1', b'0', '#icon-biaobaiqiang', b'0', '1970-01-01 00:00:00', '2023-02-15 17:08:24', 4);
INSERT INTO `menu` VALUES ('05c0015caf3a4b6a8babd67e220c1382', '0', '用户管理', '/user', 'user', b'1', b'0', '#icon-yonghu', b'0', '2023-02-08 11:39:59', '2023-02-23 12:04:48', 3);
INSERT INTO `menu` VALUES ('0709976da3ad4eaf87e82b6d0fcf4c22', '4927ba71c0ab48b3b91f71a420c4dd5f', '评论举报详情', '/commentReport/detail', 'commentReportDetail', b'0', b'1', 'commentReportDetail', b'1', '2023-02-09 01:49:39', '2023-02-09 01:49:39', 4);
INSERT INTO `menu` VALUES ('0a348e98a3b3472887ff855dc0757bad', '516f53eca8864b559fb22e6bab022b6a', '动态详情', '/treeHole/dynamic/detail', 'treeHoleDynamicDetail', b'0', b'1', 'treeHoleDyanmicDetail', b'1', '2023-02-09 01:29:44', '2023-02-15 17:14:06', 5);
INSERT INTO `menu` VALUES ('0cc21b41b2254cc18216bbaf8358bd1d', '04d30e17cc7b4038bdd192b96be59dde', '表白墙详情', '/confessionalWall/detail', 'confessionalWallDetail', b'0', b'1', 'confessionalWallDetail', b'1', '2023-02-15 17:12:19', '2023-02-15 17:12:19', 2);
INSERT INTO `menu` VALUES ('0f8bb016efca4fc88ba5a132eb1313e1', '516f53eca8864b559fb22e6bab022b6a', '圈子详情', '/treeHole/circle/detail', 'treeHoleCircleDetail', b'0', b'1', 'treeHoleCircleDetail', b'1', '2023-02-09 01:27:41', '2023-02-09 01:27:41', 2);
INSERT INTO `menu` VALUES ('12af86a37c5441d39523c08bad57f077', '0', '系统管理', '/system', 'system', b'1', b'0', '#icon-xitongguanli', b'0', '1970-01-01 00:00:00', '1970-01-01 00:00:00', 2);
INSERT INTO `menu` VALUES ('1a53d02c23ff4d52909d16726075acd8', '0', '学校列表', '/school', 'school', b'1', b'1', '#icon-xuexiao', b'0', '1970-01-01 00:00:00', '2023-02-08 11:40:16', 5);
INSERT INTO `menu` VALUES ('3de9dd158bbb42efb066ccc160c3af0c', '76c70905446c4eca9ef433b09629052e', '添加菜单', '/system/menu/add', 'menuAdd', b'0', b'0', 'index', b'0', '1970-01-01 00:00:00', '1970-01-01 00:00:00', 1);
INSERT INTO `menu` VALUES ('41530001836849368762eeddc0923607', '0', '闲置商品', '/commodity', 'commodity', b'1', b'1', '#icon-shangpin', b'0', '1970-01-01 00:00:00', '2023-02-08 11:40:14', 6);
INSERT INTO `menu` VALUES ('4673f6ac41bc44ef969d683a636ba379', '96685f7a4ba6417eb6c3d48a0047895a', '反馈记录', '/feedbackRecord', 'feedbackRecord', b'1', b'1', '#icon-jilu', b'0', '2023-02-09 01:52:37', '2023-02-09 01:52:37', 2);
INSERT INTO `menu` VALUES ('4927ba71c0ab48b3b91f71a420c4dd5f', '0', '评论举报', '/commentReport', '', b'1', b'0', '#icon-jubao', b'0', '2023-02-09 01:35:14', '2023-02-09 01:35:14', 11);
INSERT INTO `menu` VALUES ('516f53eca8864b559fb22e6bab022b6a', '0', '树洞管理', '/treeHole', '', b'1', b'0', 'el-icon-reading', b'0', '2023-02-08 12:01:52', '2023-02-08 12:01:52', 10);
INSERT INTO `menu` VALUES ('625c793fceec4c5d8259c8799c832520', '05c0015caf3a4b6a8babd67e220c1382', '修改信息', '/user/edit', 'editUser', b'0', b'1', 'userEdit', b'1', '2023-02-23 12:06:38', '2023-02-23 12:06:38', 2);
INSERT INTO `menu` VALUES ('67aa8034d23446cd96b997b7331d86b9', '41530001836849368762eeddc0923607', '商品详情', '/commodity/detail', 'commodityDetail', b'0', b'1', '#icon-bankuaimokuai', b'1', '1970-01-01 00:00:00', '1970-01-01 00:00:00', 3);
INSERT INTO `menu` VALUES ('76c70905446c4eca9ef433b09629052e', '12af86a37c5441d39523c08bad57f077', '菜单列表', '/system/menu', 'menu', b'1', b'1', '#icon-fenlei', b'0', '1970-01-01 00:00:00', '1970-01-01 00:00:00', 3);
INSERT INTO `menu` VALUES ('776ab7de2e6441b6b253bdd5b043d436', 'aa4152fa3bf94f97baa59ee36d3b5d2e', '失物招领详情', '/lostFoundItem/detail', 'lostFoundItemDetail', b'1', b'1', 'lostFoundItem', b'1', '2023-02-07 13:06:56', '2023-02-08 11:45:20', 1);
INSERT INTO `menu` VALUES ('7b60f805bb3b47008596b3e5a56c8211', '4927ba71c0ab48b3b91f71a420c4dd5f', '举报类型', '/commentReport/type', 'commentReportType', b'1', b'1', '#icon-iconzhengli-', b'0', '2023-02-09 01:36:16', '2023-02-09 01:36:16', 1);
INSERT INTO `menu` VALUES ('7c56785e10114b588b33dc9ab91516e2', '41530001836849368762eeddc0923607', '商品列表', '/commodity/list', 'commodity', b'1', b'1', '#icon-shangpin', b'0', '1970-01-01 00:00:00', '2023-02-07 12:57:41', 1);
INSERT INTO `menu` VALUES ('8161b488dca84b789e105f8a5f93f013', '516f53eca8864b559fb22e6bab022b6a', '动态列表', '/treeHole/dynamic', 'treeHoleDynamic', b'1', b'1', '#icon-dongtai', b'0', '2023-02-09 01:28:52', '2023-02-09 01:28:52', 3);
INSERT INTO `menu` VALUES ('848146b8da9146d7b03d063513c06c50', '0', '分类列表', '/category', 'category', b'1', b'1', '#icon-fenlei', b'0', '1970-01-01 00:00:00', '2023-02-08 11:40:13', 7);
INSERT INTO `menu` VALUES ('872537bbd52448cb9041120be1afc3ee', '05c0015caf3a4b6a8babd67e220c1382', '用户列表', '/user/list', 'user', b'1', b'1', '#icon-yonghu', b'0', '2023-02-23 12:05:28', '2023-02-23 12:05:28', 1);
INSERT INTO `menu` VALUES ('8b03e66848264a1c8f38cf6258bc36cd', '4927ba71c0ab48b3b91f71a420c4dd5f', '评论举报列表', '/commentReport/list', 'commentReportList', b'1', b'1', '#icon-pinglun', b'0', '2023-02-09 01:37:47', '2023-02-09 01:37:47', 2);
INSERT INTO `menu` VALUES ('96685f7a4ba6417eb6c3d48a0047895a', '0', '用户反馈', '/feedback', '', b'1', b'0', '#icon-yijianfankui', b'0', '2023-02-09 01:51:48', '2023-02-09 01:51:48', 12);
INSERT INTO `menu` VALUES ('987a4a5437ee40f484e307cfd11744d3', '516f53eca8864b559fb22e6bab022b6a', '圈子列表', '/treeHole/circle', 'treeHoleCircle', b'1', b'1', '#icon-quanzi', b'0', '2023-02-08 12:02:52', '2023-02-08 12:02:52', 1);
INSERT INTO `menu` VALUES ('99e1835089ab4f05b888089c5e8c1f60', 'aa4152fa3bf94f97baa59ee36d3b5d2e', '失物招领列表', '/lostFoundItem/list', 'lostFoundItem', b'1', b'1', '#icon-shiwuzhaoling', b'0', '2023-02-07 13:08:15', '2023-02-08 11:45:29', 2);
INSERT INTO `menu` VALUES ('9c98fd67ed7343cbabd12aa46c70b6ae', '96685f7a4ba6417eb6c3d48a0047895a', '反馈记录类型', '/feedbackRecordType', 'feedbackRecordType', b'1', b'1', '#icon-leixing', b'0', '2023-02-09 01:52:11', '2023-02-09 01:52:11', 1);
INSERT INTO `menu` VALUES ('a556d487d82545e5a079eda39d03ed84', '12af86a37c5441d39523c08bad57f077', '角色列表', '/system/role', 'role', b'1', b'1', '#icon-jiaoseguanli', b'0', '1970-01-01 00:00:00', '1970-01-01 00:00:00', 2);
INSERT INTO `menu` VALUES ('aa4152fa3bf94f97baa59ee36d3b5d2e', '0', '失物招领', '/lostFoundItem', 'lostFoundItem', b'1', b'0', '#icon-shiwuzhaoling', b'0', '1970-01-01 00:00:00', '2023-02-08 12:03:07', 8);
INSERT INTO `menu` VALUES ('b640f0e7fbed40d69d1977cd8e094026', '0', '板块列表', '/plate', 'plate', b'1', b'1', '#icon-_caidan', b'0', '1970-01-01 00:00:00', '2023-02-08 11:40:09', 9);
INSERT INTO `menu` VALUES ('c035827026ab43f7b7deeb2d9dd1b20a', '04d30e17cc7b4038bdd192b96be59dde', '表白墙列表', '/comfessionalWall/list', 'confessionalWall', b'1', b'1', '#icon-biaobaiqiang', b'0', '2023-02-15 17:09:18', '2023-02-15 17:11:18', 1);
INSERT INTO `menu` VALUES ('cfa34edeac45469e9aeaf4a888831ea2', '41530001836849368762eeddc0923607', '商品审核', '/commodity/examine', 'commodityExamine', b'0', b'1', '#icon-guanliyuan', b'1', '1970-01-01 00:00:00', '1970-01-01 00:00:00', 2);
INSERT INTO `menu` VALUES ('cfb5ede7a5c64ac7bb7ccebb734cccae', '12af86a37c5441d39523c08bad57f077', '管理员列表', '/system/admin', 'admin', b'1', b'1', '#icon-guanliyuan', b'0', '1970-01-01 00:00:00', '2023-02-15 17:15:31', 1);
INSERT INTO `menu` VALUES ('e392844b83744f9690a277bf8c2fe338', '516f53eca8864b559fb22e6bab022b6a', '动态审核', '/treeHole/dynamic/examine', 'treeHoleDynamicExamine', b'0', b'1', 'treeHoleDynamicExamine', b'1', '2023-02-09 01:29:18', '2023-02-09 01:29:18', 4);
INSERT INTO `menu` VALUES ('f1d2dda355e748e5bd3661ddfbf51c4a', '0', '首页', '/index', 'index', b'1', b'1', '#icon-shouye', b'0', '1970-01-01 00:00:00', '2023-02-07 12:59:06', 1);

-- ----------------------------
-- Table structure for plate
-- ----------------------------
DROP TABLE IF EXISTS `plate`;
CREATE TABLE `plate`  (
  `uuid` varchar(36) CHARACTER SET utf8mb4 COLLATE utf8mb4_unicode_ci NOT NULL COMMENT 'uuid',
  `name` varchar(16) CHARACTER SET utf8mb4 COLLATE utf8mb4_unicode_ci NOT NULL COMMENT '名称',
  `code` varchar(16) CHARACTER SET utf8mb4 COLLATE utf8mb4_unicode_ci NOT NULL COMMENT '板块编码',
  `remark` varchar(64) CHARACTER SET utf8mb4 COLLATE utf8mb4_unicode_ci NOT NULL COMMENT '备注',
  `create_time` datetime NOT NULL COMMENT '创建时间',
  `update_time` datetime NOT NULL COMMENT '更新时间',
  PRIMARY KEY (`uuid`) USING BTREE,
  UNIQUE INDEX `actable_uni_code`(`code`) USING BTREE
) ENGINE = InnoDB CHARACTER SET = utf8mb4 COLLATE = utf8mb4_unicode_ci COMMENT = '板块' ROW_FORMAT = DYNAMIC;

-- ----------------------------
-- Records of plate
-- ----------------------------
INSERT INTO `plate` VALUES ('8d3fa9b958ef492ab91e59fe7d59e492', '树洞', 'treeHole', '发布自己的心事', '2023-02-24 13:19:29', '2023-02-24 13:19:29');
INSERT INTO `plate` VALUES ('c109cec2f876425cba8f3ff3fa975b3a', '闲置商品', 'commodity', '商品相关模块', '2023-02-24 13:21:02', '2023-02-24 13:21:02');
INSERT INTO `plate` VALUES ('e9abd043743149b2a8c39ab7820f874e', '表白墙', 'confessionWall', '表白模块', '2023-02-24 13:20:32', '2023-02-24 13:20:32');
INSERT INTO `plate` VALUES ('f87410947be54a4f8e1c5cf0cc232750', '头条新闻', 'headNews', '最新新闻信息', '2023-02-24 13:19:11', '2023-02-24 13:19:11');
INSERT INTO `plate` VALUES ('fede952c63ba447e81464ea327413f71', '失物招领', 'lostFoundItem', '寻找丢失的物品', '2023-02-24 13:20:09', '2023-02-24 20:41:53');

-- ----------------------------
-- Table structure for role
-- ----------------------------
DROP TABLE IF EXISTS `role`;
CREATE TABLE `role`  (
  `uuid` varchar(36) CHARACTER SET utf8 COLLATE utf8_general_ci NOT NULL COMMENT 'uuid',
  `name` varchar(16) CHARACTER SET utf8 COLLATE utf8_general_ci NOT NULL COMMENT '角色名称',
  `encode` varchar(64) CHARACTER SET utf8 COLLATE utf8_general_ci NOT NULL COMMENT '角色编码',
  `remark` varchar(64) CHARACTER SET utf8 COLLATE utf8_general_ci NOT NULL COMMENT '角色备注',
  `create_time` datetime NOT NULL COMMENT '创建时间',
  `update_time` datetime NOT NULL COMMENT '更新时间',
  PRIMARY KEY (`uuid`) USING BTREE
) ENGINE = InnoDB CHARACTER SET = utf8 COLLATE = utf8_general_ci COMMENT = '角色' ROW_FORMAT = DYNAMIC;

-- ----------------------------
-- Records of role
-- ----------------------------
INSERT INTO `role` VALUES ('6fdea02242b44006983454664b9fd8df', '客服管理员', 'customerAdmin', '主要处理用户联系管理员提出的问题回答', '2023-01-13 01:49:13', '2023-01-15 02:32:58');
INSERT INTO `role` VALUES ('9f3e92697c564696a8d059914123c602', '超级管理员', 'superAdmin', '拥有全部权限', '2023-01-13 00:41:40', '2023-01-13 01:41:21');
INSERT INTO `role` VALUES ('b5f58c5dde03496fbb0e04445622f632', '失物招领管理员', 'lostFoundItemAdmin', '失物招领全部权限', '2023-01-13 00:46:21', '2023-01-15 02:34:04');
INSERT INTO `role` VALUES ('bb67effab1a54d45b13fb4d053bf8f44', '树洞管理员', 'treeHoleAdmin', '树洞全部权限', '2023-01-13 00:46:45', '2023-01-13 00:46:45');
INSERT INTO `role` VALUES ('e0b044b5dcd8485ea376a6b701655b20', '闲置商品管理员', 'commodityAdmin', '闲置商品全部权限', '2023-01-13 00:44:55', '2023-01-13 00:44:55');

-- ----------------------------
-- Table structure for role_menu
-- ----------------------------
DROP TABLE IF EXISTS `role_menu`;
CREATE TABLE `role_menu`  (
  `uuid` varchar(36) CHARACTER SET utf8 COLLATE utf8_general_ci NOT NULL COMMENT 'uuid',
  `role_uuid` varchar(36) CHARACTER SET utf8 COLLATE utf8_general_ci NOT NULL COMMENT '角色菜单',
  `menu_uuid` varchar(36) CHARACTER SET utf8 COLLATE utf8_general_ci NOT NULL COMMENT '菜单uuid',
  `create_time` datetime NOT NULL COMMENT '创建时间',
  `update_time` datetime NOT NULL COMMENT '更新时间',
  PRIMARY KEY (`uuid`) USING BTREE
) ENGINE = InnoDB CHARACTER SET = utf8 COLLATE = utf8_general_ci COMMENT = '角色菜单' ROW_FORMAT = DYNAMIC;

-- ----------------------------
-- Records of role_menu
-- ----------------------------
INSERT INTO `role_menu` VALUES ('008374f3295a4c65b18f30e3ba560b86', '9f3e92697c564696a8d059914123c602', '872537bbd52448cb9041120be1afc3ee', '2023-02-23 12:06:45', '2023-02-23 12:06:45');
INSERT INTO `role_menu` VALUES ('05b5eb8bc82640a5812f1c1e4ea4336f', '9f3e92697c564696a8d059914123c602', '0cc21b41b2254cc18216bbaf8358bd1d', '2023-02-23 12:06:45', '2023-02-23 12:06:45');
INSERT INTO `role_menu` VALUES ('0bbf7c258876437d8a55fb1ce73727c1', '9f3e92697c564696a8d059914123c602', '7c56785e10114b588b33dc9ab91516e2', '2023-02-23 12:06:45', '2023-02-23 12:06:45');
INSERT INTO `role_menu` VALUES ('0be90374e41b4eba922fc17c863504a0', '9f3e92697c564696a8d059914123c602', 'cfa34edeac45469e9aeaf4a888831ea2', '2023-02-23 12:06:45', '2023-02-23 12:06:45');
INSERT INTO `role_menu` VALUES ('0beaab3da8994e259333a494539d1eac', '9f3e92697c564696a8d059914123c602', '987a4a5437ee40f484e307cfd11744d3', '2023-02-23 12:06:45', '2023-02-23 12:06:45');
INSERT INTO `role_menu` VALUES ('12012ecac64e499290c470eebb289586', '9f3e92697c564696a8d059914123c602', 'a556d487d82545e5a079eda39d03ed84', '2023-02-23 12:06:45', '2023-02-23 12:06:45');
INSERT INTO `role_menu` VALUES ('1769b5a07eb3446e96f6a465d8ae2074', '9f3e92697c564696a8d059914123c602', '8161b488dca84b789e105f8a5f93f013', '2023-02-23 12:06:45', '2023-02-23 12:06:45');
INSERT INTO `role_menu` VALUES ('21fa57f628884d0eacfe31a1bbf9542d', '9f3e92697c564696a8d059914123c602', '05c0015caf3a4b6a8babd67e220c1382', '2023-02-23 12:06:45', '2023-02-23 12:06:45');
INSERT INTO `role_menu` VALUES ('22f56880a3a4457fa6ea2a36b6d87b3e', '9f3e92697c564696a8d059914123c602', '04d30e17cc7b4038bdd192b96be59dde', '2023-02-23 12:06:45', '2023-02-23 12:06:45');
INSERT INTO `role_menu` VALUES ('27a48ab3af4f4aa7a8cd7949ceaf2ed3', '6fdea02242b44006983454664b9fd8df', 'f1d2dda355e748e5bd3661ddfbf51c4a', '2023-02-08 11:57:37', '2023-02-08 11:57:37');
INSERT INTO `role_menu` VALUES ('35914bbf79be45559f064faa5a7a6f05', '9f3e92697c564696a8d059914123c602', '67aa8034d23446cd96b997b7331d86b9', '2023-02-23 12:06:45', '2023-02-23 12:06:45');
INSERT INTO `role_menu` VALUES ('3595f944f2b740e18c859790dcdff705', '9f3e92697c564696a8d059914123c602', '8b03e66848264a1c8f38cf6258bc36cd', '2023-02-23 12:06:45', '2023-02-23 12:06:45');
INSERT INTO `role_menu` VALUES ('3ac4874294a1428689abd590d9bb3fcb', '9f3e92697c564696a8d059914123c602', '76c70905446c4eca9ef433b09629052e', '2023-02-23 12:06:45', '2023-02-23 12:06:45');
INSERT INTO `role_menu` VALUES ('3efb20e9b4cb4d6a8391335cb3c7e112', '9f3e92697c564696a8d059914123c602', '0709976da3ad4eaf87e82b6d0fcf4c22', '2023-02-23 12:06:45', '2023-02-23 12:06:45');
INSERT INTO `role_menu` VALUES ('5670c9d2c7994b3495de85a168fb0d04', '9f3e92697c564696a8d059914123c602', '625c793fceec4c5d8259c8799c832520', '2023-02-23 12:06:45', '2023-02-23 12:06:45');
INSERT INTO `role_menu` VALUES ('58db5c3cbf714e1582498e27b585d860', '9f3e92697c564696a8d059914123c602', '12af86a37c5441d39523c08bad57f077', '2023-02-23 12:06:45', '2023-02-23 12:06:45');
INSERT INTO `role_menu` VALUES ('5e587fc8f6f1410f947d3d3ebfd28520', '9f3e92697c564696a8d059914123c602', '1a53d02c23ff4d52909d16726075acd8', '2023-02-23 12:06:45', '2023-02-23 12:06:45');
INSERT INTO `role_menu` VALUES ('714f5ab85c6c445cb212d4c23775dbfe', '9f3e92697c564696a8d059914123c602', '4927ba71c0ab48b3b91f71a420c4dd5f', '2023-02-23 12:06:45', '2023-02-23 12:06:45');
INSERT INTO `role_menu` VALUES ('7182e5d3fc4d4fad868364bd0ad68838', '9f3e92697c564696a8d059914123c602', 'b640f0e7fbed40d69d1977cd8e094026', '2023-02-23 12:06:45', '2023-02-23 12:06:45');
INSERT INTO `role_menu` VALUES ('72b3e0a5c3cc4d0996b2a6035dd186e8', '9f3e92697c564696a8d059914123c602', '3de9dd158bbb42efb066ccc160c3af0c', '2023-02-23 12:06:45', '2023-02-23 12:06:45');
INSERT INTO `role_menu` VALUES ('800b27b6bbbf4a0aaaa2131d0bb23481', '9f3e92697c564696a8d059914123c602', '0a348e98a3b3472887ff855dc0757bad', '2023-02-23 12:06:45', '2023-02-23 12:06:45');
INSERT INTO `role_menu` VALUES ('8ca2965e96d2410eb1c0644657c6b8af', '9f3e92697c564696a8d059914123c602', 'e392844b83744f9690a277bf8c2fe338', '2023-02-23 12:06:45', '2023-02-23 12:06:45');
INSERT INTO `role_menu` VALUES ('8f8aedd3db9b436cb9caedc95f6c5359', '9f3e92697c564696a8d059914123c602', '7b60f805bb3b47008596b3e5a56c8211', '2023-02-23 12:06:45', '2023-02-23 12:06:45');
INSERT INTO `role_menu` VALUES ('9813d499fa2a4583a3297af2c6775221', '9f3e92697c564696a8d059914123c602', 'f1d2dda355e748e5bd3661ddfbf51c4a', '2023-02-23 12:06:45', '2023-02-23 12:06:45');
INSERT INTO `role_menu` VALUES ('9ac43b80684d4d238de84dea8ba586b7', '9f3e92697c564696a8d059914123c602', '0f8bb016efca4fc88ba5a132eb1313e1', '2023-02-23 12:06:45', '2023-02-23 12:06:45');
INSERT INTO `role_menu` VALUES ('9f549ea81cda4134a6ca1cf0d584d02f', '9f3e92697c564696a8d059914123c602', 'c035827026ab43f7b7deeb2d9dd1b20a', '2023-02-23 12:06:45', '2023-02-23 12:06:45');
INSERT INTO `role_menu` VALUES ('a1467824c1e24a73b260c9eeb8b1e90c', '9f3e92697c564696a8d059914123c602', '9c98fd67ed7343cbabd12aa46c70b6ae', '2023-02-23 12:06:45', '2023-02-23 12:06:45');
INSERT INTO `role_menu` VALUES ('a6ec572159964ed59e7c2bcc05bd30b9', '9f3e92697c564696a8d059914123c602', '99e1835089ab4f05b888089c5e8c1f60', '2023-02-23 12:06:45', '2023-02-23 12:06:45');
INSERT INTO `role_menu` VALUES ('aa78b623e842432f8d06db4e316a6c15', '9f3e92697c564696a8d059914123c602', '848146b8da9146d7b03d063513c06c50', '2023-02-23 12:06:45', '2023-02-23 12:06:45');
INSERT INTO `role_menu` VALUES ('ab8e9526237e4f2e971a1a45f80926c8', '9f3e92697c564696a8d059914123c602', '96685f7a4ba6417eb6c3d48a0047895a', '2023-02-23 12:06:45', '2023-02-23 12:06:45');
INSERT INTO `role_menu` VALUES ('afeae3367be24690a77ec7510995ddf2', '9f3e92697c564696a8d059914123c602', 'aa4152fa3bf94f97baa59ee36d3b5d2e', '2023-02-23 12:06:45', '2023-02-23 12:06:45');
INSERT INTO `role_menu` VALUES ('b3e060b8a7084381b268b12d1fd89342', '9f3e92697c564696a8d059914123c602', 'cfb5ede7a5c64ac7bb7ccebb734cccae', '2023-02-23 12:06:45', '2023-02-23 12:06:45');
INSERT INTO `role_menu` VALUES ('c49ae9c4c02b45caaeb544ed3a5203af', '9f3e92697c564696a8d059914123c602', '776ab7de2e6441b6b253bdd5b043d436', '2023-02-23 12:06:45', '2023-02-23 12:06:45');
INSERT INTO `role_menu` VALUES ('c97001d2e3f940059e33593f23c0e91d', '9f3e92697c564696a8d059914123c602', '516f53eca8864b559fb22e6bab022b6a', '2023-02-23 12:06:45', '2023-02-23 12:06:45');
INSERT INTO `role_menu` VALUES ('cb42ad9f2d234ce4a7a6f7ac7f5c3714', '9f3e92697c564696a8d059914123c602', '4673f6ac41bc44ef969d683a636ba379', '2023-02-23 12:06:45', '2023-02-23 12:06:45');
INSERT INTO `role_menu` VALUES ('d0bc6d24e8ae4848b6d3bf884d5c99a6', '9f3e92697c564696a8d059914123c602', '0016105399334e769f85e9fd1df89de4', '2023-02-23 12:06:45', '2023-02-23 12:06:45');
INSERT INTO `role_menu` VALUES ('d340e28cee9e428992b39931e8143f2c', '9f3e92697c564696a8d059914123c602', '41530001836849368762eeddc0923607', '2023-02-23 12:06:45', '2023-02-23 12:06:45');

-- ----------------------------
-- Table structure for school
-- ----------------------------
DROP TABLE IF EXISTS `school`;
CREATE TABLE `school`  (
  `uuid` varchar(36) CHARACTER SET utf8mb4 COLLATE utf8mb4_unicode_ci NOT NULL COMMENT 'uuid',
  `name` varchar(32) CHARACTER SET utf8mb4 COLLATE utf8mb4_unicode_ci NOT NULL COMMENT '学校名称',
  `disabled` bit(1) NOT NULL DEFAULT b'0' COMMENT '是否禁用',
  `deleted` tinyint(1) NOT NULL DEFAULT 0 COMMENT '是否删除 1表示删除 0表示未删除',
  `create_time` datetime NOT NULL COMMENT '创建时间',
  `update_time` datetime NOT NULL COMMENT '更新时间',
  PRIMARY KEY (`uuid`) USING BTREE
) ENGINE = InnoDB CHARACTER SET = utf8mb4 COLLATE = utf8mb4_unicode_ci COMMENT = '学校' ROW_FORMAT = DYNAMIC;

-- ----------------------------
-- Records of school
-- ----------------------------
INSERT INTO `school` VALUES ('124ce7ae2fd54dcfa421ebbab5fca427', '萍萍学院', b'0', 1, '2023-02-23 15:45:42', '2023-02-23 15:45:42');
INSERT INTO `school` VALUES ('17fc97230e7a4062928a51d8858b01b7', '四川音乐学院', b'1', 0, '2023-02-24 13:17:09', '2023-04-19 14:30:09');
INSERT INTO `school` VALUES ('24e20cb8e8f44f80a7a93c2b5a567f07', '萍乡学院', b'0', 0, '2023-02-24 13:16:37', '2023-02-24 13:16:37');
INSERT INTO `school` VALUES ('3a53f0f9e86642ec987f0e12d6d85dfe', '攀枝花大学', b'1', 0, '2023-02-24 13:15:47', '2023-04-19 14:30:10');
INSERT INTO `school` VALUES ('571f37f2d1cd453fbea35ad4b0a01e3a', '新余学院', b'1', 0, '2023-02-24 13:16:26', '2023-04-19 14:30:11');
INSERT INTO `school` VALUES ('77437b1913fd4c55bbe35ec0353ad84e', '复旦大学', b'1', 0, '2023-02-24 13:17:23', '2023-04-19 14:30:11');
INSERT INTO `school` VALUES ('7d0c8b0bb80d409bae08fd0c040eec63', '南京大学', b'1', 0, '2023-02-24 13:16:49', '2023-04-19 14:30:12');
INSERT INTO `school` VALUES ('a18217b862c04c919180316fe651f17d', '武汉大学', b'0', 1, '2023-02-24 13:17:16', '2023-02-24 13:17:16');
INSERT INTO `school` VALUES ('cf47607cbd884992b36760e6e88ca1bd', '哈尔滨工业大学', b'1', 0, '2023-02-24 13:16:59', '2023-04-19 14:30:12');
INSERT INTO `school` VALUES ('da3cb5814f3546c5b8839e3f964f1673', '江西工业工程学院', b'0', 0, '2023-04-23 10:14:29', '2023-04-23 10:14:29');

-- ----------------------------
-- Table structure for system_message
-- ----------------------------
DROP TABLE IF EXISTS `system_message`;
CREATE TABLE `system_message`  (
  `uuid` varchar(36) CHARACTER SET utf8mb4 COLLATE utf8mb4_unicode_ci NOT NULL COMMENT 'uuid',
  `content` text CHARACTER SET utf8mb4 COLLATE utf8mb4_unicode_ci NOT NULL COMMENT '消息内容',
  `message_type` tinyint(1) NOT NULL COMMENT '消息类型',
  `receive_user_uuid` varchar(36) CHARACTER SET utf8mb4 COLLATE utf8mb4_unicode_ci NOT NULL COMMENT '接收人uuid',
  `is_read` bit(1) NOT NULL DEFAULT b'0' COMMENT '是否已读',
  `deleted` tinyint(1) NOT NULL DEFAULT 0 COMMENT '是否删除 1表示删除 0表示未删除',
  `create_time` datetime NOT NULL COMMENT '创建时间',
  `update_time` datetime NOT NULL COMMENT '更新时间',
  PRIMARY KEY (`uuid`) USING BTREE
) ENGINE = InnoDB CHARACTER SET = utf8mb4 COLLATE = utf8mb4_unicode_ci COMMENT = '系统消息' ROW_FORMAT = DYNAMIC;

-- ----------------------------
-- Records of system_message
-- ----------------------------
INSERT INTO `system_message` VALUES ('1639834647351885825', '小刘关注了你', 3, 'b71cdc054bdf42a481242e3eb404f0e7', b'0', 0, '2023-03-26 11:40:21', '2023-03-26 11:40:21');
INSERT INTO `system_message` VALUES ('1649046510526054401', '@游关注了你', 3, 'b71cdc054bdf42a481242e3eb404f0e7', b'0', 0, '2023-04-20 21:45:01', '2023-04-20 21:45:01');
INSERT INTO `system_message` VALUES ('1649305339234926593', 'zj的粉丝关注了你', 3, 'b71cdc054bdf42a481242e3eb404f0e7', b'0', 0, '2023-04-21 14:53:30', '2023-04-21 14:53:30');
INSERT INTO `system_message` VALUES ('1649305383568719874', 'zj的粉丝关注了你', 3, '5e3a78a7bf834b0da6973d0a02d5a8a1', b'0', 0, '2023-04-21 14:53:41', '2023-04-21 14:53:41');
INSERT INTO `system_message` VALUES ('1b1d96b1926747678bbea974f9111046', '【感谢老师对我们的栽培！！1】审核通过', 2, '722e2db58fc94e64b13798a4a3acd108', b'1', 0, '2023-03-26 17:55:01', '2023-04-21 11:26:47');
INSERT INTO `system_message` VALUES ('1d0f379ddd7d459993e0eda6405dbd4e', '【坤坤圈】审核通过', 5, '5e3a78a7bf834b0da6973d0a02d5a8a1', b'1', 0, '2023-02-25 16:03:06', '2023-02-25 16:03:06');
INSERT INTO `system_message` VALUES ('1d563e6ccc664491a4356c3251b3c4c5', '【希望大家理智一点】审核通过', 6, '722e2db58fc94e64b13798a4a3acd108', b'1', 0, '2023-02-25 16:05:22', '2023-03-26 13:31:12');
INSERT INTO `system_message` VALUES ('1eab21b4b9124ee29203bdaa24778ca6', '【java圈】审核通过', 5, '722e2db58fc94e64b13798a4a3acd108', b'1', 0, '2023-04-21 11:26:20', '2023-04-21 11:26:49');
INSERT INTO `system_message` VALUES ('35373541e35a4c2fb3969967cf0d7c00', '你的商品已被管理员下架，如需上架，请联系管理员', 4, '5e3a78a7bf834b0da6973d0a02d5a8a1', b'1', 0, '2023-02-24 21:22:44', '2023-02-24 21:22:44');
INSERT INTO `system_message` VALUES ('37f987d871854f65917039d180724282', '【Java中有哪些基础数据类型？】审核通过', 6, '722e2db58fc94e64b13798a4a3acd108', b'0', 0, '2023-04-21 16:27:22', '2023-04-21 16:27:22');
INSERT INTO `system_message` VALUES ('42e2e27f32cd472bb182c61a7674cdd8', '【床上折叠小桌子】审核通过', 2, '722e2db58fc94e64b13798a4a3acd108', b'0', 0, '2023-04-21 16:27:01', '2023-04-21 16:27:01');
INSERT INTO `system_message` VALUES ('4caa999502e94359b2eb9b44d7a8b026', '【别问兜里多少钱\n问问青春还几年】审核通过', 2, 'b71cdc054bdf42a481242e3eb404f0e7', b'0', 0, '2023-03-26 17:55:01', '2023-03-26 17:55:01');
INSERT INTO `system_message` VALUES ('4eef794f51a14871a0aed882217d3241', '【鼠标】审核通过', 2, '5e3a78a7bf834b0da6973d0a02d5a8a1', b'1', 0, '2023-02-24 21:19:05', '2023-02-24 21:19:05');
INSERT INTO `system_message` VALUES ('5d04f186280746a59eb722b9f168ee9b', '你的商品【手机支架】已被管理员下架，如需上架，请联系管理员', 4, 'b71cdc054bdf42a481242e3eb404f0e7', b'0', 0, '2023-03-26 22:44:05', '2023-03-26 22:44:05');
INSERT INTO `system_message` VALUES ('87a6ca5da947497ab062d5f1842ae72b', '【Java中有哪些基础数据类型？】审核通过', 6, '722e2db58fc94e64b13798a4a3acd108', b'0', 0, '2023-04-21 16:27:22', '2023-04-21 16:27:22');
INSERT INTO `system_message` VALUES ('c0c91951607741d2a4c11a7f281beed7', '【闲置书包】审核通过', 2, '722e2db58fc94e64b13798a4a3acd108', b'0', 0, '2023-04-21 16:26:55', '2023-04-21 16:26:55');
INSERT INTO `system_message` VALUES ('c1e5f6c3260941608aefff8d5e9d388d', '你的商品已被管理员下架，如需上架，请联系管理员', 4, '5e3a78a7bf834b0da6973d0a02d5a8a1', b'1', 0, '2023-02-25 16:26:38', '2023-02-25 16:26:38');
INSERT INTO `system_message` VALUES ('c29d0c798ebe412ba33f8a867f3b0cda', '【希望大家理智一点】审核通过', 6, '722e2db58fc94e64b13798a4a3acd108', b'1', 0, '2023-02-25 16:05:22', '2023-03-26 13:31:15');
INSERT INTO `system_message` VALUES ('c2d015039f5647f4b7ee52f6f4bca9f1', '【初考已经结束，祝大家成功上岸】审核通过', 6, '5e3a78a7bf834b0da6973d0a02d5a8a1', b'0', 0, '2023-03-26 22:47:34', '2023-03-26 22:47:34');
INSERT INTO `system_message` VALUES ('cb1196485d0141d88a085f1e25a27222', '【初考已经结束，祝大家成功上岸】审核通过', 6, '5e3a78a7bf834b0da6973d0a02d5a8a1', b'0', 0, '2023-03-26 22:47:34', '2023-03-26 22:47:34');
INSERT INTO `system_message` VALUES ('d6b78660be554259acef73c96f517651', '【好想要开长安s23】审核通过', 2, '5e3a78a7bf834b0da6973d0a02d5a8a1', b'0', 0, '2023-03-26 17:55:01', '2023-03-26 17:55:01');
INSERT INTO `system_message` VALUES ('d875f99c2a65429da8e4da7cd36f8657', '【坤坤圈】审核通过', 5, '5e3a78a7bf834b0da6973d0a02d5a8a1', b'1', 0, '2023-02-24 21:45:48', '2023-02-24 21:45:48');
INSERT INTO `system_message` VALUES ('dbfa60371c7942b2a0a5bc8eda4ff789', '【钱包】审核通过', 1, 'b71cdc054bdf42a481242e3eb404f0e7', b'0', 0, '2023-03-05 13:37:11', '2023-03-05 13:37:11');
INSERT INTO `system_message` VALUES ('dcd91bea233647cbabcc1be688eee90b', '【手机支架】审核通过', 2, 'b71cdc054bdf42a481242e3eb404f0e7', b'0', 0, '2023-03-05 13:37:24', '2023-03-05 13:37:24');
INSERT INTO `system_message` VALUES ('df0a1f7705da420e8928ccba1ee8c7ed', '【电饭煲】审核通过', 2, 'ea4a4033f0da4e54b37c36a01419b5d1', b'0', 0, '2023-04-21 16:26:50', '2023-04-21 16:26:50');
INSERT INTO `system_message` VALUES ('e68e82868d2c404fa2560646372a6f82', '【校园卡】审核通过', 1, '5e3a78a7bf834b0da6973d0a02d5a8a1', b'1', 0, '2023-02-25 16:25:45', '2023-02-25 16:25:45');
INSERT INTO `system_message` VALUES ('f3ab41612cf543d9afc8f941209e1bad', '【校园卡】未审核通过，未通过原因：图片不符合', 1, '5e3a78a7bf834b0da6973d0a02d5a8a1', b'1', 0, '2023-02-25 16:23:01', '2023-02-25 16:23:01');
INSERT INTO `system_message` VALUES ('fe7770f9e76441ab9a6d9262efd8158a', '【考研圈】审核通过', 5, 'b71cdc054bdf42a481242e3eb404f0e7', b'0', 0, '2023-03-05 12:02:29', '2023-03-05 12:02:29');

-- ----------------------------
-- Table structure for update_log
-- ----------------------------
DROP TABLE IF EXISTS `update_log`;
CREATE TABLE `update_log`  (
  `uuid` varchar(36) CHARACTER SET utf8mb4 COLLATE utf8mb4_unicode_ci NOT NULL COMMENT 'uuid',
  `content` text CHARACTER SET utf8mb4 COLLATE utf8mb4_unicode_ci NOT NULL COMMENT '更新内容',
  `version` varchar(64) CHARACTER SET utf8mb4 COLLATE utf8mb4_unicode_ci NOT NULL COMMENT '更新版本',
  `is_top` bit(1) NOT NULL DEFAULT b'1' COMMENT '是否置顶',
  `is_push` bit(1) NOT NULL DEFAULT b'0' COMMENT '是否推送',
  `deleted` tinyint(1) NOT NULL DEFAULT 0 COMMENT '是否删除 1表示删除 0表示未删除',
  `create_time` datetime NOT NULL COMMENT '创建时间',
  `update_time` datetime NOT NULL COMMENT '更新时间',
  PRIMARY KEY (`uuid`) USING BTREE
) ENGINE = InnoDB CHARACTER SET = utf8mb4 COLLATE = utf8mb4_unicode_ci COMMENT = '更新日志' ROW_FORMAT = DYNAMIC;

-- ----------------------------
-- Records of update_log
-- ----------------------------

-- ----------------------------
-- Table structure for update_log_read_record
-- ----------------------------
DROP TABLE IF EXISTS `update_log_read_record`;
CREATE TABLE `update_log_read_record`  (
  `uuid` varchar(36) CHARACTER SET utf8mb4 COLLATE utf8mb4_unicode_ci NOT NULL COMMENT 'uuid',
  `user_uuid` varchar(36) CHARACTER SET utf8mb4 COLLATE utf8mb4_unicode_ci NOT NULL COMMENT '用户uuid',
  `update_log_uuid` varchar(36) CHARACTER SET utf8mb4 COLLATE utf8mb4_unicode_ci NOT NULL COMMENT '更新日志uuid',
  `create_time` datetime NOT NULL COMMENT '创建时间',
  `update_time` datetime NOT NULL COMMENT '更新时间',
  PRIMARY KEY (`uuid`) USING BTREE
) ENGINE = InnoDB CHARACTER SET = utf8mb4 COLLATE = utf8mb4_unicode_ci COMMENT = '更新日志已读记录' ROW_FORMAT = DYNAMIC;

-- ----------------------------
-- Records of update_log_read_record
-- ----------------------------

-- ----------------------------
-- Table structure for user
-- ----------------------------
DROP TABLE IF EXISTS `user`;
CREATE TABLE `user`  (
  `uuid` varchar(36) CHARACTER SET utf8mb4 COLLATE utf8mb4_unicode_ci NOT NULL COMMENT '用户uuid',
  `nick_name` varchar(8) CHARACTER SET utf8mb4 COLLATE utf8mb4_unicode_ci NULL DEFAULT NULL COMMENT '用户昵称',
  `password` varchar(64) CHARACTER SET utf8mb4 COLLATE utf8mb4_unicode_ci NOT NULL COMMENT '密码',
  `salt` varchar(64) CHARACTER SET utf8mb4 COLLATE utf8mb4_unicode_ci NOT NULL COMMENT '盐值',
  `disabled` bit(1) NOT NULL DEFAULT b'0' COMMENT '是否禁用',
  `avatar` varchar(128) CHARACTER SET utf8mb4 COLLATE utf8mb4_unicode_ci NULL DEFAULT NULL COMMENT '用户头像',
  `signature` varchar(50) CHARACTER SET utf8mb4 COLLATE utf8mb4_unicode_ci NULL DEFAULT NULL COMMENT '个性签名',
  `sex` int(1) NULL DEFAULT NULL COMMENT '性别 1表示男 2表示女 3表示未知',
  `deleted` tinyint(1) NOT NULL DEFAULT 0 COMMENT '是否删除 1表示删除 0表示未删除',
  `source_type` tinyint(1) NOT NULL COMMENT '用户来源类型 1表示注册 2表示手机 3表示QQ 4表示微信',
  `create_time` datetime NOT NULL COMMENT '创建时间',
  `update_time` datetime NOT NULL COMMENT '更新时间',
  `phone` varchar(32) CHARACTER SET utf8mb4 COLLATE utf8mb4_unicode_ci NOT NULL DEFAULT '' COMMENT '手机号',
  `is_set_basic_message` bit(1) NOT NULL DEFAULT b'0' COMMENT '是否设置了基本信息',
  `birthday` varchar(10) CHARACTER SET utf8mb4 COLLATE utf8mb4_unicode_ci NULL DEFAULT NULL COMMENT '生日',
  `background_image` varchar(128) CHARACTER SET utf8mb4 COLLATE utf8mb4_unicode_ci NULL DEFAULT NULL COMMENT '背景图片',
  `ip_address` varchar(10) CHARACTER SET utf8mb4 COLLATE utf8mb4_unicode_ci NULL DEFAULT NULL COMMENT 'ip地址',
  `violation_count` int(1) NOT NULL DEFAULT 0 COMMENT '违规次数，不能超过3次',
  PRIMARY KEY (`uuid`) USING BTREE,
  UNIQUE INDEX `actable_uni_nick_name`(`nick_name`) USING BTREE
) ENGINE = InnoDB CHARACTER SET = utf8mb4 COLLATE = utf8mb4_unicode_ci COMMENT = '用户' ROW_FORMAT = DYNAMIC;

-- ----------------------------
-- Records of user
-- ----------------------------
INSERT INTO `user` VALUES ('09f0e54045714e27a305ead5feb1e211', 'zj的粉丝', '1ced8b41124c58df7598e0337c7ab472', 'e33b2e8f625a4feba3a6752b98e13a3f', b'0', 'https://smart-campus-1314790014.cos.ap-nanjing.myqcloud.com/2023/04/21/78451682059906265.png', '啦啦啦', 3, 0, 2, '2023-04-21 14:51:31', '2023-04-21 17:43:40', '1023444750@qq.com', b'1', '2019/11/6', 'https://smart-campus-1314790014.cos.ap-nanjing.myqcloud.com/2023/04/21/1511682059994443.PNG', NULL, 0);
INSERT INTO `user` VALUES ('5e3a78a7bf834b0da6973d0a02d5a8a1', '郭同学', 'e3b5d7a65187493ba6df22157d51a18c', '1bdf1f6c3c6940a5b1b420a2bae3900c', b'0', 'https://smart-campus-1300450814.cos.ap-chengdu.myqcloud.com/2023/02/24/44381677211907425.jpg', '好好学习，天天向上', 1, 0, 2, '2023-02-24 12:11:31', '2023-03-27 10:43:50', '2658377721@qq.com', b'1', '2000/5/31', 'https://smart-campus-1300450814.cos.ap-chengdu.myqcloud.com/2023/02/24/43651677214660293.png', NULL, 0);
INSERT INTO `user` VALUES ('722e2db58fc94e64b13798a4a3acd108', '小刘', '8cf678deb585bb4891de8255f94ad48e', '1', b'0', 'https://smart-campus-1300450814.cos.ap-chengdu.myqcloud.com/2023/02/22/98231677042064319.jpg', '小刘小刘，我是小刘', 1, 0, 1, '2023-02-23 21:43:45', '2023-02-25 13:20:37', '18870704048', b'1', '2001/5/28', 'https://smart-campus-1300450814.cos.ap-chengdu.myqcloud.com/2023/02/22/6991677042187771.png', '江西赣州', 0);
INSERT INTO `user` VALUES ('b71cdc054bdf42a481242e3eb404f0e7', '弦月', '19c790ffb9aa8508ba239c6615340cdb', 'cd089f14fd3f4132beba5893d166f13e', b'0', 'https://smart-campus-1314790014.cos.ap-nanjing.myqcloud.com/2023/03/05/36311677988418674.gif', '好似天上月', 2, 0, 2, '2023-03-05 11:15:22', '2023-03-27 10:42:55', '18870704048@163.com', b'1', '2000/2/22', 'https://smart-campus-1314790014.cos.ap-nanjing.myqcloud.com/2023/03/05/53521677988520665.png', NULL, 0);
INSERT INTO `user` VALUES ('ea4a4033f0da4e54b37c36a01419b5d1', '@游', '7e47426a2e2095b5a26d4850b1ac525b', '17f18bf3979f413c945c55c527a14e28', b'0', 'https://smart-campus-1314790014.cos.ap-nanjing.myqcloud.com/2023/04/20/53701681997223486.jpg', '曾经有份真挚的爱情', 1, 0, 2, '2023-04-20 21:25:51', '2023-04-20 21:27:51', '1412474971@qq.com', b'1', '2012/2/14', NULL, NULL, 0);

-- ----------------------------
-- Table structure for user_disable_record
-- ----------------------------
DROP TABLE IF EXISTS `user_disable_record`;
CREATE TABLE `user_disable_record`  (
  `uuid` varchar(36) CHARACTER SET utf8mb4 COLLATE utf8mb4_unicode_ci NOT NULL COMMENT '用户uuid',
  `admin_uuid` varchar(36) CHARACTER SET utf8mb4 COLLATE utf8mb4_unicode_ci NOT NULL COMMENT '管理员uuid',
  `user_uuid` varchar(36) CHARACTER SET utf8mb4 COLLATE utf8mb4_unicode_ci NOT NULL COMMENT '被禁用用户uuid',
  `disabled_reason` text CHARACTER SET utf8mb4 COLLATE utf8mb4_unicode_ci NOT NULL COMMENT '禁用原因',
  `create_time` datetime NOT NULL COMMENT '创建时间',
  `update_time` datetime NOT NULL COMMENT '更新时间',
  PRIMARY KEY (`uuid`) USING BTREE
) ENGINE = InnoDB CHARACTER SET = utf8mb4 COLLATE = utf8mb4_unicode_ci COMMENT = '用户禁用记录' ROW_FORMAT = DYNAMIC;

-- ----------------------------
-- Records of user_disable_record
-- ----------------------------

-- ----------------------------
-- Table structure for user_follow
-- ----------------------------
DROP TABLE IF EXISTS `user_follow`;
CREATE TABLE `user_follow`  (
  `uuid` varchar(36) CHARACTER SET utf8mb4 COLLATE utf8mb4_unicode_ci NOT NULL COMMENT 'uuid',
  `followed_user_uuid` varchar(36) CHARACTER SET utf8mb4 COLLATE utf8mb4_unicode_ci NOT NULL COMMENT '被关注用户uuid',
  `follow_user_uuid` varchar(36) CHARACTER SET utf8mb4 COLLATE utf8mb4_unicode_ci NOT NULL COMMENT '关注用户uuid',
  `create_time` datetime NOT NULL COMMENT '创建时间',
  `update_time` datetime NOT NULL COMMENT '更新时间',
  PRIMARY KEY (`uuid`) USING BTREE
) ENGINE = InnoDB CHARACTER SET = utf8mb4 COLLATE = utf8mb4_unicode_ci COMMENT = '用户关注表' ROW_FORMAT = DYNAMIC;

-- ----------------------------
-- Records of user_follow
-- ----------------------------
INSERT INTO `user_follow` VALUES ('414686c3c6cb42729bf08d5359185d00', 'b71cdc054bdf42a481242e3eb404f0e7', 'ea4a4033f0da4e54b37c36a01419b5d1', '2023-04-20 21:45:00', '2023-04-20 21:45:00');
INSERT INTO `user_follow` VALUES ('62079121a4e647d78bc28728f76d12db', '5e3a78a7bf834b0da6973d0a02d5a8a1', 'b71cdc054bdf42a481242e3eb404f0e7', '2023-03-05 11:56:36', '2023-03-05 11:56:36');
INSERT INTO `user_follow` VALUES ('c47d3a051ccd4b4f87924edc95669d68', '5e3a78a7bf834b0da6973d0a02d5a8a1', '09f0e54045714e27a305ead5feb1e211', '2023-04-21 14:53:41', '2023-04-21 14:53:41');
INSERT INTO `user_follow` VALUES ('c77fe576ae5441a9a08fea2f484f118a', 'b71cdc054bdf42a481242e3eb404f0e7', '722e2db58fc94e64b13798a4a3acd108', '2023-03-26 10:44:20', '2023-03-26 10:44:20');
INSERT INTO `user_follow` VALUES ('f9edbde99a8c4462bb9ac48358ab6b9b', 'b71cdc054bdf42a481242e3eb404f0e7', '09f0e54045714e27a305ead5feb1e211', '2023-04-21 14:53:30', '2023-04-21 14:53:30');

-- ----------------------------
-- Table structure for user_qq
-- ----------------------------
DROP TABLE IF EXISTS `user_qq`;
CREATE TABLE `user_qq`  (
  `uuid` varchar(36) CHARACTER SET utf8mb4 COLLATE utf8mb4_unicode_ci NOT NULL COMMENT 'uuid',
  `user_uuid` varchar(36) CHARACTER SET utf8mb4 COLLATE utf8mb4_unicode_ci NOT NULL COMMENT '用户uuid',
  `open_id` varchar(36) CHARACTER SET utf8mb4 COLLATE utf8mb4_unicode_ci NOT NULL COMMENT '用户QQ openId',
  `create_time` datetime NOT NULL COMMENT '创建时间',
  `update_time` datetime NOT NULL COMMENT '更新时间',
  PRIMARY KEY (`uuid`) USING BTREE
) ENGINE = InnoDB CHARACTER SET = utf8mb4 COLLATE = utf8mb4_unicode_ci COMMENT = '用户QQ信息' ROW_FORMAT = DYNAMIC;

-- ----------------------------
-- Records of user_qq
-- ----------------------------

-- ----------------------------
-- Table structure for user_school
-- ----------------------------
DROP TABLE IF EXISTS `user_school`;
CREATE TABLE `user_school`  (
  `uuid` varchar(36) CHARACTER SET utf8mb4 COLLATE utf8mb4_unicode_ci NOT NULL COMMENT 'uuid',
  `user_uuid` varchar(36) CHARACTER SET utf8mb4 COLLATE utf8mb4_unicode_ci NOT NULL COMMENT '用户uuid',
  `school_uuid` varchar(36) CHARACTER SET utf8mb4 COLLATE utf8mb4_unicode_ci NOT NULL COMMENT '学校uuid',
  `create_time` datetime NOT NULL COMMENT '创建时间',
  `update_time` datetime NOT NULL COMMENT '更新时间',
  PRIMARY KEY (`uuid`) USING BTREE
) ENGINE = InnoDB CHARACTER SET = utf8mb4 COLLATE = utf8mb4_unicode_ci COMMENT = '用户对应学校' ROW_FORMAT = DYNAMIC;

-- ----------------------------
-- Records of user_school
-- ----------------------------
INSERT INTO `user_school` VALUES ('2937cdeed1f648659e26031f6ebfa125', 'ea4a4033f0da4e54b37c36a01419b5d1', '24e20cb8e8f44f80a7a93c2b5a567f07', '2023-04-20 21:27:51', '2023-04-20 21:27:51');
INSERT INTO `user_school` VALUES ('8a484b0af5274161ae2ba278e5d79f19', '09f0e54045714e27a305ead5feb1e211', '24e20cb8e8f44f80a7a93c2b5a567f07', '2023-04-21 14:52:52', '2023-04-21 17:43:40');
INSERT INTO `user_school` VALUES ('d7abf39fc82a48488b1680d773ce2d62', '722e2db58fc94e64b13798a4a3acd108', '24e20cb8e8f44f80a7a93c2b5a567f07', '2023-02-24 11:55:01', '2023-02-25 11:55:06');
INSERT INTO `user_school` VALUES ('d7abf39fc82a48488b1680d773ce2d63', '5e3a78a7bf834b0da6973d0a02d5a8a1', '24e20cb8e8f44f80a7a93c2b5a567f07', '2023-02-24 12:13:07', '2023-03-27 10:43:50');
INSERT INTO `user_school` VALUES ('fabdcb69306d425a851bd92e3fb12158', 'b71cdc054bdf42a481242e3eb404f0e7', '24e20cb8e8f44f80a7a93c2b5a567f07', '2023-03-05 11:54:58', '2023-03-27 10:42:55');

SET FOREIGN_KEY_CHECKS = 1;
